id,left,top,right,bottom,Shape_Leng,Shape_Area,ADM1_EN,ADM1_PCODE,ADM1_REF,ADM1ALT1EN,ADM1ALT2EN,ADM0_EN,ADM0_PCODE,date,validOn,validTo
"224",30.972161692,0.231367004999999,31.172161692,0.0313670049999992,10.59531061010,5.09062225096,Central,UG1,,,,Uganda,UG,2020/06/11,2020/08/24,
"251",31.172161692,0.631367004999999,31.372161692,0.431367004999999,10.59531061010,5.09062225096,Central,UG1,,,,Uganda,UG,2020/06/11,2020/08/24,
"252",31.172161692,0.431367004999999,31.372161692,0.231367004999999,10.59531061010,5.09062225096,Central,UG1,,,,Uganda,UG,2020/06/11,2020/08/24,
"253",31.172161692,0.231367004999999,31.372161692,0.0313670049999992,10.59531061010,5.09062225096,Central,UG1,,,,Uganda,UG,2020/06/11,2020/08/24,
"254",31.172161692,0.031367004999999,31.372161692,-0.168632995000001,10.59531061010,5.09062225096,Central,UG1,,,,Uganda,UG,2020/06/11,2020/08/24,
"255",31.172161692,-0.168632995000001,31.372161692,-0.368632995000001,10.59531061010,5.09062225096,Central,UG1,,,,Uganda,UG,2020/06/11,2020/08/24,
"256",31.172161692,-0.368632995000001,31.372161692,-0.568632995000001,10.59531061010,5.09062225096,Central,UG1,,,,Uganda,UG,2020/06/11,2020/08/24,
"257",31.172161692,-0.568632995000002,31.372161692,-0.768632995000001,10.59531061010,5.09062225096,Central,UG1,,,,Uganda,UG,2020/06/11,2020/08/24,
"258",31.172161692,-0.768632995000001,31.372161692,-0.968632995000001,10.59531061010,5.09062225096,Central,UG1,,,,Uganda,UG,2020/06/11,2020/08/24,
"259",31.172161692,-0.968632995000001,31.372161692,-1.168632995,10.59531061010,5.09062225096,Central,UG1,,,,Uganda,UG,2020/06/11,2020/08/24,
"277",31.372161692,1.231367005,31.572161692,1.031367005,10.59531061010,5.09062225096,Central,UG1,,,,Uganda,UG,2020/06/11,2020/08/24,
"278",31.372161692,1.031367005,31.572161692,0.831367004999999,10.59531061010,5.09062225096,Central,UG1,,,,Uganda,UG,2020/06/11,2020/08/24,
"279",31.372161692,0.831367004999999,31.572161692,0.631367004999999,10.59531061010,5.09062225096,Central,UG1,,,,Uganda,UG,2020/06/11,2020/08/24,
"280",31.372161692,0.631367004999999,31.572161692,0.431367004999999,10.59531061010,5.09062225096,Central,UG1,,,,Uganda,UG,2020/06/11,2020/08/24,
"281",31.372161692,0.431367004999999,31.572161692,0.231367004999999,10.59531061010,5.09062225096,Central,UG1,,,,Uganda,UG,2020/06/11,2020/08/24,
"282",31.372161692,0.231367004999999,31.572161692,0.0313670049999992,10.59531061010,5.09062225096,Central,UG1,,,,Uganda,UG,2020/06/11,2020/08/24,
"283",31.372161692,0.031367004999999,31.572161692,-0.168632995000001,10.59531061010,5.09062225096,Central,UG1,,,,Uganda,UG,2020/06/11,2020/08/24,
"284",31.372161692,-0.168632995000001,31.572161692,-0.368632995000001,10.59531061010,5.09062225096,Central,UG1,,,,Uganda,UG,2020/06/11,2020/08/24,
"285",31.372161692,-0.368632995000001,31.572161692,-0.568632995000001,10.59531061010,5.09062225096,Central,UG1,,,,Uganda,UG,2020/06/11,2020/08/24,
"286",31.372161692,-0.568632995000002,31.572161692,-0.768632995000001,10.59531061010,5.09062225096,Central,UG1,,,,Uganda,UG,2020/06/11,2020/08/24,
"287",31.372161692,-0.768632995000001,31.572161692,-0.968632995000001,10.59531061010,5.09062225096,Central,UG1,,,,Uganda,UG,2020/06/11,2020/08/24,
"288",31.372161692,-0.968632995000001,31.572161692,-1.168632995,10.59531061010,5.09062225096,Central,UG1,,,,Uganda,UG,2020/06/11,2020/08/24,
"305",31.572161692,1.431367005,31.772161692,1.231367005,10.59531061010,5.09062225096,Central,UG1,,,,Uganda,UG,2020/06/11,2020/08/24,
"306",31.572161692,1.231367005,31.772161692,1.031367005,10.59531061010,5.09062225096,Central,UG1,,,,Uganda,UG,2020/06/11,2020/08/24,
"307",31.572161692,1.031367005,31.772161692,0.831367004999999,10.59531061010,5.09062225096,Central,UG1,,,,Uganda,UG,2020/06/11,2020/08/24,
"308",31.572161692,0.831367004999999,31.772161692,0.631367004999999,10.59531061010,5.09062225096,Central,UG1,,,,Uganda,UG,2020/06/11,2020/08/24,
"309",31.572161692,0.631367004999999,31.772161692,0.431367004999999,10.59531061010,5.09062225096,Central,UG1,,,,Uganda,UG,2020/06/11,2020/08/24,
"310",31.572161692,0.431367004999999,31.772161692,0.231367004999999,10.59531061010,5.09062225096,Central,UG1,,,,Uganda,UG,2020/06/11,2020/08/24,
"311",31.572161692,0.231367004999999,31.772161692,0.0313670049999992,10.59531061010,5.09062225096,Central,UG1,,,,Uganda,UG,2020/06/11,2020/08/24,
"312",31.572161692,0.031367004999999,31.772161692,-0.168632995000001,10.59531061010,5.09062225096,Central,UG1,,,,Uganda,UG,2020/06/11,2020/08/24,
"313",31.572161692,-0.168632995000001,31.772161692,-0.368632995000001,10.59531061010,5.09062225096,Central,UG1,,,,Uganda,UG,2020/06/11,2020/08/24,
"314",31.572161692,-0.368632995000001,31.772161692,-0.568632995000001,10.59531061010,5.09062225096,Central,UG1,,,,Uganda,UG,2020/06/11,2020/08/24,
"315",31.572161692,-0.568632995000002,31.772161692,-0.768632995000001,10.59531061010,5.09062225096,Central,UG1,,,,Uganda,UG,2020/06/11,2020/08/24,
"316",31.572161692,-0.768632995000001,31.772161692,-0.968632995000001,10.59531061010,5.09062225096,Central,UG1,,,,Uganda,UG,2020/06/11,2020/08/24,
"317",31.572161692,-0.968632995000001,31.772161692,-1.168632995,10.59531061010,5.09062225096,Central,UG1,,,,Uganda,UG,2020/06/11,2020/08/24,
"334",31.772161692,1.431367005,31.972161692,1.231367005,10.59531061010,5.09062225096,Central,UG1,,,,Uganda,UG,2020/06/11,2020/08/24,
"335",31.772161692,1.231367005,31.972161692,1.031367005,10.59531061010,5.09062225096,Central,UG1,,,,Uganda,UG,2020/06/11,2020/08/24,
"336",31.772161692,1.031367005,31.972161692,0.831367004999999,10.59531061010,5.09062225096,Central,UG1,,,,Uganda,UG,2020/06/11,2020/08/24,
"337",31.772161692,0.831367004999999,31.972161692,0.631367004999999,10.59531061010,5.09062225096,Central,UG1,,,,Uganda,UG,2020/06/11,2020/08/24,
"338",31.772161692,0.631367004999999,31.972161692,0.431367004999999,10.59531061010,5.09062225096,Central,UG1,,,,Uganda,UG,2020/06/11,2020/08/24,
"339",31.772161692,0.431367004999999,31.972161692,0.231367004999999,10.59531061010,5.09062225096,Central,UG1,,,,Uganda,UG,2020/06/11,2020/08/24,
"340",31.772161692,0.231367004999999,31.972161692,0.0313670049999992,10.59531061010,5.09062225096,Central,UG1,,,,Uganda,UG,2020/06/11,2020/08/24,
"341",31.772161692,0.031367004999999,31.972161692,-0.168632995000001,10.59531061010,5.09062225096,Central,UG1,,,,Uganda,UG,2020/06/11,2020/08/24,
"342",31.772161692,-0.168632995000001,31.972161692,-0.368632995000001,10.59531061010,5.09062225096,Central,UG1,,,,Uganda,UG,2020/06/11,2020/08/24,
"343",31.772161692,-0.368632995000001,31.972161692,-0.568632995000001,10.59531061010,5.09062225096,Central,UG1,,,,Uganda,UG,2020/06/11,2020/08/24,
"344",31.772161692,-0.568632995000002,31.972161692,-0.768632995000001,10.59531061010,5.09062225096,Central,UG1,,,,Uganda,UG,2020/06/11,2020/08/24,
"345",31.772161692,-0.768632995000001,31.972161692,-0.968632995000001,10.59531061010,5.09062225096,Central,UG1,,,,Uganda,UG,2020/06/11,2020/08/24,
"346",31.772161692,-0.968632995000001,31.972161692,-1.168632995,10.59531061010,5.09062225096,Central,UG1,,,,Uganda,UG,2020/06/11,2020/08/24,
"362",31.972161692,1.631367005,32.172161692,1.431367005,10.59531061010,5.09062225096,Central,UG1,,,,Uganda,UG,2020/06/11,2020/08/24,
"363",31.972161692,1.431367005,32.172161692,1.231367005,10.59531061010,5.09062225096,Central,UG1,,,,Uganda,UG,2020/06/11,2020/08/24,
"364",31.972161692,1.231367005,32.172161692,1.031367005,10.59531061010,5.09062225096,Central,UG1,,,,Uganda,UG,2020/06/11,2020/08/24,
"365",31.972161692,1.031367005,32.172161692,0.831367004999999,10.59531061010,5.09062225096,Central,UG1,,,,Uganda,UG,2020/06/11,2020/08/24,
"366",31.972161692,0.831367004999999,32.172161692,0.631367004999999,10.59531061010,5.09062225096,Central,UG1,,,,Uganda,UG,2020/06/11,2020/08/24,
"367",31.972161692,0.631367004999999,32.172161692,0.431367004999999,10.59531061010,5.09062225096,Central,UG1,,,,Uganda,UG,2020/06/11,2020/08/24,
"368",31.972161692,0.431367004999999,32.172161692,0.231367004999999,10.59531061010,5.09062225096,Central,UG1,,,,Uganda,UG,2020/06/11,2020/08/24,
"369",31.972161692,0.231367004999999,32.172161692,0.0313670049999992,10.59531061010,5.09062225096,Central,UG1,,,,Uganda,UG,2020/06/11,2020/08/24,
"370",31.972161692,0.031367004999999,32.172161692,-0.168632995000001,10.59531061010,5.09062225096,Central,UG1,,,,Uganda,UG,2020/06/11,2020/08/24,
"371",31.972161692,-0.168632995000001,32.172161692,-0.368632995000001,10.59531061010,5.09062225096,Central,UG1,,,,Uganda,UG,2020/06/11,2020/08/24,
"372",31.972161692,-0.368632995000001,32.172161692,-0.568632995000001,10.59531061010,5.09062225096,Central,UG1,,,,Uganda,UG,2020/06/11,2020/08/24,
"373",31.972161692,-0.568632995000002,32.172161692,-0.768632995000001,10.59531061010,5.09062225096,Central,UG1,,,,Uganda,UG,2020/06/11,2020/08/24,
"374",31.972161692,-0.768632995000001,32.172161692,-0.968632995000001,10.59531061010,5.09062225096,Central,UG1,,,,Uganda,UG,2020/06/11,2020/08/24,
"375",31.972161692,-0.968632995000001,32.172161692,-1.168632995,10.59531061010,5.09062225096,Central,UG1,,,,Uganda,UG,2020/06/11,2020/08/24,
"391",32.172161692,1.631367005,32.372161692,1.431367005,10.59531061010,5.09062225096,Central,UG1,,,,Uganda,UG,2020/06/11,2020/08/24,
"392",32.172161692,1.431367005,32.372161692,1.231367005,10.59531061010,5.09062225096,Central,UG1,,,,Uganda,UG,2020/06/11,2020/08/24,
"393",32.172161692,1.231367005,32.372161692,1.031367005,10.59531061010,5.09062225096,Central,UG1,,,,Uganda,UG,2020/06/11,2020/08/24,
"394",32.172161692,1.031367005,32.372161692,0.831367004999999,10.59531061010,5.09062225096,Central,UG1,,,,Uganda,UG,2020/06/11,2020/08/24,
"395",32.172161692,0.831367004999999,32.372161692,0.631367004999999,10.59531061010,5.09062225096,Central,UG1,,,,Uganda,UG,2020/06/11,2020/08/24,
"396",32.172161692,0.631367004999999,32.372161692,0.431367004999999,10.59531061010,5.09062225096,Central,UG1,,,,Uganda,UG,2020/06/11,2020/08/24,
"397",32.172161692,0.431367004999999,32.372161692,0.231367004999999,10.59531061010,5.09062225096,Central,UG1,,,,Uganda,UG,2020/06/11,2020/08/24,
"398",32.172161692,0.231367004999999,32.372161692,0.0313670049999992,10.59531061010,5.09062225096,Central,UG1,,,,Uganda,UG,2020/06/11,2020/08/24,
"399",32.172161692,0.031367004999999,32.372161692,-0.168632995000001,10.59531061010,5.09062225096,Central,UG1,,,,Uganda,UG,2020/06/11,2020/08/24,
"400",32.172161692,-0.168632995000001,32.372161692,-0.368632995000001,10.59531061010,5.09062225096,Central,UG1,,,,Uganda,UG,2020/06/11,2020/08/24,
"401",32.172161692,-0.368632995000001,32.372161692,-0.568632995000001,10.59531061010,5.09062225096,Central,UG1,,,,Uganda,UG,2020/06/11,2020/08/24,
"402",32.172161692,-0.568632995000002,32.372161692,-0.768632995000001,10.59531061010,5.09062225096,Central,UG1,,,,Uganda,UG,2020/06/11,2020/08/24,
"403",32.172161692,-0.768632995000001,32.372161692,-0.968632995000001,10.59531061010,5.09062225096,Central,UG1,,,,Uganda,UG,2020/06/11,2020/08/24,
"404",32.172161692,-0.968632995000001,32.372161692,-1.168632995,10.59531061010,5.09062225096,Central,UG1,,,,Uganda,UG,2020/06/11,2020/08/24,
"420",32.372161692,1.631367005,32.572161692,1.431367005,10.59531061010,5.09062225096,Central,UG1,,,,Uganda,UG,2020/06/11,2020/08/24,
"421",32.372161692,1.431367005,32.572161692,1.231367005,10.59531061010,5.09062225096,Central,UG1,,,,Uganda,UG,2020/06/11,2020/08/24,
"422",32.372161692,1.231367005,32.572161692,1.031367005,10.59531061010,5.09062225096,Central,UG1,,,,Uganda,UG,2020/06/11,2020/08/24,
"423",32.372161692,1.031367005,32.572161692,0.831367004999999,10.59531061010,5.09062225096,Central,UG1,,,,Uganda,UG,2020/06/11,2020/08/24,
"424",32.372161692,0.831367004999999,32.572161692,0.631367004999999,10.59531061010,5.09062225096,Central,UG1,,,,Uganda,UG,2020/06/11,2020/08/24,
"425",32.372161692,0.631367004999999,32.572161692,0.431367004999999,10.59531061010,5.09062225096,Central,UG1,,,,Uganda,UG,2020/06/11,2020/08/24,
"426",32.372161692,0.431367004999999,32.572161692,0.231367004999999,10.59531061010,5.09062225096,Central,UG1,,,,Uganda,UG,2020/06/11,2020/08/24,
"427",32.372161692,0.231367004999999,32.572161692,0.0313670049999992,10.59531061010,5.09062225096,Central,UG1,,,,Uganda,UG,2020/06/11,2020/08/24,
"428",32.372161692,0.031367004999999,32.572161692,-0.168632995000001,10.59531061010,5.09062225096,Central,UG1,,,,Uganda,UG,2020/06/11,2020/08/24,
"429",32.372161692,-0.168632995000001,32.572161692,-0.368632995000001,10.59531061010,5.09062225096,Central,UG1,,,,Uganda,UG,2020/06/11,2020/08/24,
"430",32.372161692,-0.368632995000001,32.572161692,-0.568632995000001,10.59531061010,5.09062225096,Central,UG1,,,,Uganda,UG,2020/06/11,2020/08/24,
"431",32.372161692,-0.568632995000002,32.572161692,-0.768632995000001,10.59531061010,5.09062225096,Central,UG1,,,,Uganda,UG,2020/06/11,2020/08/24,
"432",32.372161692,-0.768632995000001,32.572161692,-0.968632995000001,10.59531061010,5.09062225096,Central,UG1,,,,Uganda,UG,2020/06/11,2020/08/24,
"433",32.372161692,-0.968632995000001,32.572161692,-1.168632995,10.59531061010,5.09062225096,Central,UG1,,,,Uganda,UG,2020/06/11,2020/08/24,
"450",32.572161692,1.431367005,32.772161692,1.231367005,10.59531061010,5.09062225096,Central,UG1,,,,Uganda,UG,2020/06/11,2020/08/24,
"451",32.572161692,1.231367005,32.772161692,1.031367005,10.59531061010,5.09062225096,Central,UG1,,,,Uganda,UG,2020/06/11,2020/08/24,
"452",32.572161692,1.031367005,32.772161692,0.831367004999999,10.59531061010,5.09062225096,Central,UG1,,,,Uganda,UG,2020/06/11,2020/08/24,
"453",32.572161692,0.831367004999999,32.772161692,0.631367004999999,10.59531061010,5.09062225096,Central,UG1,,,,Uganda,UG,2020/06/11,2020/08/24,
"454",32.572161692,0.631367004999999,32.772161692,0.431367004999999,10.59531061010,5.09062225096,Central,UG1,,,,Uganda,UG,2020/06/11,2020/08/24,
"455",32.572161692,0.431367004999999,32.772161692,0.231367004999999,10.59531061010,5.09062225096,Central,UG1,,,,Uganda,UG,2020/06/11,2020/08/24,
"456",32.572161692,0.231367004999999,32.772161692,0.0313670049999992,10.59531061010,5.09062225096,Central,UG1,,,,Uganda,UG,2020/06/11,2020/08/24,
"457",32.572161692,0.031367004999999,32.772161692,-0.168632995000001,10.59531061010,5.09062225096,Central,UG1,,,,Uganda,UG,2020/06/11,2020/08/24,
"458",32.572161692,-0.168632995000001,32.772161692,-0.368632995000001,10.59531061010,5.09062225096,Central,UG1,,,,Uganda,UG,2020/06/11,2020/08/24,
"459",32.572161692,-0.368632995000001,32.772161692,-0.568632995000001,10.59531061010,5.09062225096,Central,UG1,,,,Uganda,UG,2020/06/11,2020/08/24,
"460",32.572161692,-0.568632995000002,32.772161692,-0.768632995000001,10.59531061010,5.09062225096,Central,UG1,,,,Uganda,UG,2020/06/11,2020/08/24,
"461",32.572161692,-0.768632995000001,32.772161692,-0.968632995000001,10.59531061010,5.09062225096,Central,UG1,,,,Uganda,UG,2020/06/11,2020/08/24,
"462",32.572161692,-0.968632995000001,32.772161692,-1.168632995,10.59531061010,5.09062225096,Central,UG1,,,,Uganda,UG,2020/06/11,2020/08/24,
"480",32.772161692,1.231367005,32.972161692,1.031367005,10.59531061010,5.09062225096,Central,UG1,,,,Uganda,UG,2020/06/11,2020/08/24,
"481",32.772161692,1.031367005,32.972161692,0.831367004999999,10.59531061010,5.09062225096,Central,UG1,,,,Uganda,UG,2020/06/11,2020/08/24,
"482",32.772161692,0.831367004999999,32.972161692,0.631367004999999,10.59531061010,5.09062225096,Central,UG1,,,,Uganda,UG,2020/06/11,2020/08/24,
"483",32.772161692,0.631367004999999,32.972161692,0.431367004999999,10.59531061010,5.09062225096,Central,UG1,,,,Uganda,UG,2020/06/11,2020/08/24,
"484",32.772161692,0.431367004999999,32.972161692,0.231367004999999,10.59531061010,5.09062225096,Central,UG1,,,,Uganda,UG,2020/06/11,2020/08/24,
"485",32.772161692,0.231367004999999,32.972161692,0.0313670049999992,10.59531061010,5.09062225096,Central,UG1,,,,Uganda,UG,2020/06/11,2020/08/24,
"486",32.772161692,0.031367004999999,32.972161692,-0.168632995000001,10.59531061010,5.09062225096,Central,UG1,,,,Uganda,UG,2020/06/11,2020/08/24,
"487",32.772161692,-0.168632995000001,32.972161692,-0.368632995000001,10.59531061010,5.09062225096,Central,UG1,,,,Uganda,UG,2020/06/11,2020/08/24,
"488",32.772161692,-0.368632995000001,32.972161692,-0.568632995000001,10.59531061010,5.09062225096,Central,UG1,,,,Uganda,UG,2020/06/11,2020/08/24,
"489",32.772161692,-0.568632995000002,32.972161692,-0.768632995000001,10.59531061010,5.09062225096,Central,UG1,,,,Uganda,UG,2020/06/11,2020/08/24,
"490",32.772161692,-0.768632995000001,32.972161692,-0.968632995000001,10.59531061010,5.09062225096,Central,UG1,,,,Uganda,UG,2020/06/11,2020/08/24,
"491",32.772161692,-0.968632995000001,32.972161692,-1.168632995,10.59531061010,5.09062225096,Central,UG1,,,,Uganda,UG,2020/06/11,2020/08/24,
"512",32.972161692,0.631367004999999,33.172161692,0.431367004999999,10.59531061010,5.09062225096,Central,UG1,,,,Uganda,UG,2020/06/11,2020/08/24,
"513",32.972161692,0.431367004999999,33.172161692,0.231367004999999,10.59531061010,5.09062225096,Central,UG1,,,,Uganda,UG,2020/06/11,2020/08/24,
"514",32.972161692,0.231367004999999,33.172161692,0.0313670049999992,10.59531061010,5.09062225096,Central,UG1,,,,Uganda,UG,2020/06/11,2020/08/24,
"515",32.972161692,0.031367004999999,33.172161692,-0.168632995000001,10.59531061010,5.09062225096,Central,UG1,,,,Uganda,UG,2020/06/11,2020/08/24,
"516",32.972161692,-0.168632995000001,33.172161692,-0.368632995000001,10.59531061010,5.09062225096,Central,UG1,,,,Uganda,UG,2020/06/11,2020/08/24,
"517",32.972161692,-0.368632995000001,33.172161692,-0.568632995000001,10.59531061010,5.09062225096,Central,UG1,,,,Uganda,UG,2020/06/11,2020/08/24,
"518",32.972161692,-0.568632995000002,33.172161692,-0.768632995000001,10.59531061010,5.09062225096,Central,UG1,,,,Uganda,UG,2020/06/11,2020/08/24,
"519",32.972161692,-0.768632995000001,33.172161692,-0.968632995000001,10.59531061010,5.09062225096,Central,UG1,,,,Uganda,UG,2020/06/11,2020/08/24,
"520",32.972161692,-0.968632995000001,33.172161692,-1.168632995,10.59531061010,5.09062225096,Central,UG1,,,,Uganda,UG,2020/06/11,2020/08/24,
"542",33.172161692,0.431367004999999,33.372161692,0.231367004999999,10.59531061010,5.09062225096,Central,UG1,,,,Uganda,UG,2020/06/11,2020/08/24,
"543",33.172161692,0.231367004999999,33.372161692,0.0313670049999992,10.59531061010,5.09062225096,Central,UG1,,,,Uganda,UG,2020/06/11,2020/08/24,
"544",33.172161692,0.031367004999999,33.372161692,-0.168632995000001,10.59531061010,5.09062225096,Central,UG1,,,,Uganda,UG,2020/06/11,2020/08/24,
"545",33.172161692,-0.168632995000001,33.372161692,-0.368632995000001,10.59531061010,5.09062225096,Central,UG1,,,,Uganda,UG,2020/06/11,2020/08/24,
"546",33.172161692,-0.368632995000001,33.372161692,-0.568632995000001,10.59531061010,5.09062225096,Central,UG1,,,,Uganda,UG,2020/06/11,2020/08/24,
"547",33.172161692,-0.568632995000002,33.372161692,-0.768632995000001,10.59531061010,5.09062225096,Central,UG1,,,,Uganda,UG,2020/06/11,2020/08/24,
"548",33.172161692,-0.768632995000001,33.372161692,-0.968632995000001,10.59531061010,5.09062225096,Central,UG1,,,,Uganda,UG,2020/06/11,2020/08/24,
"549",33.172161692,-0.968632995000001,33.372161692,-1.168632995,10.59531061010,5.09062225096,Central,UG1,,,,Uganda,UG,2020/06/11,2020/08/24,
"572",33.372161692,0.231367004999999,33.572161692,0.0313670049999992,10.59531061010,5.09062225096,Central,UG1,,,,Uganda,UG,2020/06/11,2020/08/24,
"573",33.372161692,0.031367004999999,33.572161692,-0.168632995000001,10.59531061010,5.09062225096,Central,UG1,,,,Uganda,UG,2020/06/11,2020/08/24,
"574",33.372161692,-0.168632995000001,33.572161692,-0.368632995000001,10.59531061010,5.09062225096,Central,UG1,,,,Uganda,UG,2020/06/11,2020/08/24,
"575",33.372161692,-0.368632995000001,33.572161692,-0.568632995000001,10.59531061010,5.09062225096,Central,UG1,,,,Uganda,UG,2020/06/11,2020/08/24,
"576",33.372161692,-0.568632995000002,33.572161692,-0.768632995000001,10.59531061010,5.09062225096,Central,UG1,,,,Uganda,UG,2020/06/11,2020/08/24,
"577",33.372161692,-0.768632995000001,33.572161692,-0.968632995000001,10.59531061010,5.09062225096,Central,UG1,,,,Uganda,UG,2020/06/11,2020/08/24,
"578",33.372161692,-0.968632995000001,33.572161692,-1.168632995,10.59531061010,5.09062225096,Central,UG1,,,,Uganda,UG,2020/06/11,2020/08/24,
"479",32.772161692,1.431367005,32.972161692,1.231367005,11.08907742750,3.10526561405,Eastern,UG2,,,,Uganda,UG,2020/06/11,2020/08/24,
"507",32.972161692,1.631367005,33.172161692,1.431367005,11.08907742750,3.10526561405,Eastern,UG2,,,,Uganda,UG,2020/06/11,2020/08/24,
"508",32.972161692,1.431367005,33.172161692,1.231367005,11.08907742750,3.10526561405,Eastern,UG2,,,,Uganda,UG,2020/06/11,2020/08/24,
"509",32.972161692,1.231367005,33.172161692,1.031367005,11.08907742750,3.10526561405,Eastern,UG2,,,,Uganda,UG,2020/06/11,2020/08/24,
"510",32.972161692,1.031367005,33.172161692,0.831367004999999,11.08907742750,3.10526561405,Eastern,UG2,,,,Uganda,UG,2020/06/11,2020/08/24,
"511",32.972161692,0.831367004999999,33.172161692,0.631367004999999,11.08907742750,3.10526561405,Eastern,UG2,,,,Uganda,UG,2020/06/11,2020/08/24,
"535",33.172161692,1.831367005,33.372161692,1.631367005,11.08907742750,3.10526561405,Eastern,UG2,,,,Uganda,UG,2020/06/11,2020/08/24,
"536",33.172161692,1.631367005,33.372161692,1.431367005,11.08907742750,3.10526561405,Eastern,UG2,,,,Uganda,UG,2020/06/11,2020/08/24,
"537",33.172161692,1.431367005,33.372161692,1.231367005,11.08907742750,3.10526561405,Eastern,UG2,,,,Uganda,UG,2020/06/11,2020/08/24,
"538",33.172161692,1.231367005,33.372161692,1.031367005,11.08907742750,3.10526561405,Eastern,UG2,,,,Uganda,UG,2020/06/11,2020/08/24,
"539",33.172161692,1.031367005,33.372161692,0.831367004999999,11.08907742750,3.10526561405,Eastern,UG2,,,,Uganda,UG,2020/06/11,2020/08/24,
"540",33.172161692,0.831367004999999,33.372161692,0.631367004999999,11.08907742750,3.10526561405,Eastern,UG2,,,,Uganda,UG,2020/06/11,2020/08/24,
"541",33.172161692,0.631367004999999,33.372161692,0.431367004999999,11.08907742750,3.10526561405,Eastern,UG2,,,,Uganda,UG,2020/06/11,2020/08/24,
"564",33.372161692,1.831367005,33.572161692,1.631367005,11.08907742750,3.10526561405,Eastern,UG2,,,,Uganda,UG,2020/06/11,2020/08/24,
"565",33.372161692,1.631367005,33.572161692,1.431367005,11.08907742750,3.10526561405,Eastern,UG2,,,,Uganda,UG,2020/06/11,2020/08/24,
"566",33.372161692,1.431367005,33.572161692,1.231367005,11.08907742750,3.10526561405,Eastern,UG2,,,,Uganda,UG,2020/06/11,2020/08/24,
"567",33.372161692,1.231367005,33.572161692,1.031367005,11.08907742750,3.10526561405,Eastern,UG2,,,,Uganda,UG,2020/06/11,2020/08/24,
"568",33.372161692,1.031367005,33.572161692,0.831367004999999,11.08907742750,3.10526561405,Eastern,UG2,,,,Uganda,UG,2020/06/11,2020/08/24,
"569",33.372161692,0.831367004999999,33.572161692,0.631367004999999,11.08907742750,3.10526561405,Eastern,UG2,,,,Uganda,UG,2020/06/11,2020/08/24,
"570",33.372161692,0.631367004999999,33.572161692,0.431367004999999,11.08907742750,3.10526561405,Eastern,UG2,,,,Uganda,UG,2020/06/11,2020/08/24,
"571",33.372161692,0.431367004999999,33.572161692,0.231367004999999,11.08907742750,3.10526561405,Eastern,UG2,,,,Uganda,UG,2020/06/11,2020/08/24,
"534",33.172161692,2.031367005,33.372161692,1.831367005,11.08907742750,3.10526561405,Eastern,UG2,,,,Uganda,UG,2020/06/11,2020/08/24,
"562",33.372161692,2.231367005,33.572161692,2.031367005,11.08907742750,3.10526561405,Eastern,UG2,,,,Uganda,UG,2020/06/11,2020/08/24,
"563",33.372161692,2.031367005,33.572161692,1.831367005,11.08907742750,3.10526561405,Eastern,UG2,,,,Uganda,UG,2020/06/11,2020/08/24,
"590",33.572161692,2.431367005,33.772161692,2.231367005,11.08907742750,3.10526561405,Eastern,UG2,,,,Uganda,UG,2020/06/11,2020/08/24,
"591",33.572161692,2.231367005,33.772161692,2.031367005,11.08907742750,3.10526561405,Eastern,UG2,,,,Uganda,UG,2020/06/11,2020/08/24,
"592",33.572161692,2.031367005,33.772161692,1.831367005,11.08907742750,3.10526561405,Eastern,UG2,,,,Uganda,UG,2020/06/11,2020/08/24,
"593",33.572161692,1.831367005,33.772161692,1.631367005,11.08907742750,3.10526561405,Eastern,UG2,,,,Uganda,UG,2020/06/11,2020/08/24,
"594",33.572161692,1.631367005,33.772161692,1.431367005,11.08907742750,3.10526561405,Eastern,UG2,,,,Uganda,UG,2020/06/11,2020/08/24,
"595",33.572161692,1.431367005,33.772161692,1.231367005,11.08907742750,3.10526561405,Eastern,UG2,,,,Uganda,UG,2020/06/11,2020/08/24,
"596",33.572161692,1.231367005,33.772161692,1.031367005,11.08907742750,3.10526561405,Eastern,UG2,,,,Uganda,UG,2020/06/11,2020/08/24,
"597",33.572161692,1.031367005,33.772161692,0.831367004999999,11.08907742750,3.10526561405,Eastern,UG2,,,,Uganda,UG,2020/06/11,2020/08/24,
"598",33.572161692,0.831367004999999,33.772161692,0.631367004999999,11.08907742750,3.10526561405,Eastern,UG2,,,,Uganda,UG,2020/06/11,2020/08/24,
"599",33.572161692,0.631367004999999,33.772161692,0.431367004999999,11.08907742750,3.10526561405,Eastern,UG2,,,,Uganda,UG,2020/06/11,2020/08/24,
"600",33.572161692,0.431367004999999,33.772161692,0.231367004999999,11.08907742750,3.10526561405,Eastern,UG2,,,,Uganda,UG,2020/06/11,2020/08/24,
"601",33.572161692,0.231367004999999,33.772161692,0.0313670049999992,11.08907742750,3.10526561405,Eastern,UG2,,,,Uganda,UG,2020/06/11,2020/08/24,
"602",33.572161692,0.031367004999999,33.772161692,-0.168632995000001,11.08907742750,3.10526561405,Eastern,UG2,,,,Uganda,UG,2020/06/11,2020/08/24,
"603",33.572161692,-0.168632995000001,33.772161692,-0.368632995000001,11.08907742750,3.10526561405,Eastern,UG2,,,,Uganda,UG,2020/06/11,2020/08/24,
"604",33.572161692,-0.368632995000001,33.772161692,-0.568632995000001,11.08907742750,3.10526561405,Eastern,UG2,,,,Uganda,UG,2020/06/11,2020/08/24,
"605",33.572161692,-0.568632995000002,33.772161692,-0.768632995000001,11.08907742750,3.10526561405,Eastern,UG2,,,,Uganda,UG,2020/06/11,2020/08/24,
"606",33.572161692,-0.768632995000001,33.772161692,-0.968632995000001,11.08907742750,3.10526561405,Eastern,UG2,,,,Uganda,UG,2020/06/11,2020/08/24,
"607",33.572161692,-0.968632995000001,33.772161692,-1.168632995,11.08907742750,3.10526561405,Eastern,UG2,,,,Uganda,UG,2020/06/11,2020/08/24,
"620",33.772161692,2.231367005,33.972161692,2.031367005,11.08907742750,3.10526561405,Eastern,UG2,,,,Uganda,UG,2020/06/11,2020/08/24,
"621",33.772161692,2.031367005,33.972161692,1.831367005,11.08907742750,3.10526561405,Eastern,UG2,,,,Uganda,UG,2020/06/11,2020/08/24,
"622",33.772161692,1.831367005,33.972161692,1.631367005,11.08907742750,3.10526561405,Eastern,UG2,,,,Uganda,UG,2020/06/11,2020/08/24,
"623",33.772161692,1.631367005,33.972161692,1.431367005,11.08907742750,3.10526561405,Eastern,UG2,,,,Uganda,UG,2020/06/11,2020/08/24,
"624",33.772161692,1.431367005,33.972161692,1.231367005,11.08907742750,3.10526561405,Eastern,UG2,,,,Uganda,UG,2020/06/11,2020/08/24,
"625",33.772161692,1.231367005,33.972161692,1.031367005,11.08907742750,3.10526561405,Eastern,UG2,,,,Uganda,UG,2020/06/11,2020/08/24,
"626",33.772161692,1.031367005,33.972161692,0.831367004999999,11.08907742750,3.10526561405,Eastern,UG2,,,,Uganda,UG,2020/06/11,2020/08/24,
"627",33.772161692,0.831367004999999,33.972161692,0.631367004999999,11.08907742750,3.10526561405,Eastern,UG2,,,,Uganda,UG,2020/06/11,2020/08/24,
"628",33.772161692,0.631367004999999,33.972161692,0.431367004999999,11.08907742750,3.10526561405,Eastern,UG2,,,,Uganda,UG,2020/06/11,2020/08/24,
"629",33.772161692,0.431367004999999,33.972161692,0.231367004999999,11.08907742750,3.10526561405,Eastern,UG2,,,,Uganda,UG,2020/06/11,2020/08/24,
"630",33.772161692,0.231367004999999,33.972161692,0.0313670049999992,11.08907742750,3.10526561405,Eastern,UG2,,,,Uganda,UG,2020/06/11,2020/08/24,
"631",33.772161692,0.031367004999999,33.972161692,-0.168632995000001,11.08907742750,3.10526561405,Eastern,UG2,,,,Uganda,UG,2020/06/11,2020/08/24,
"632",33.772161692,-0.168632995000001,33.972161692,-0.368632995000001,11.08907742750,3.10526561405,Eastern,UG2,,,,Uganda,UG,2020/06/11,2020/08/24,
"633",33.772161692,-0.368632995000001,33.972161692,-0.568632995000001,11.08907742750,3.10526561405,Eastern,UG2,,,,Uganda,UG,2020/06/11,2020/08/24,
"634",33.772161692,-0.568632995000002,33.972161692,-0.768632995000001,11.08907742750,3.10526561405,Eastern,UG2,,,,Uganda,UG,2020/06/11,2020/08/24,
"635",33.772161692,-0.768632995000001,33.972161692,-0.968632995000001,11.08907742750,3.10526561405,Eastern,UG2,,,,Uganda,UG,2020/06/11,2020/08/24,
"636",33.772161692,-0.968632995000001,33.972161692,-1.168632995,11.08907742750,3.10526561405,Eastern,UG2,,,,Uganda,UG,2020/06/11,2020/08/24,
"649",33.972161692,2.231367005,34.172161692,2.031367005,11.08907742750,3.10526561405,Eastern,UG2,,,,Uganda,UG,2020/06/11,2020/08/24,
"650",33.972161692,2.031367005,34.172161692,1.831367005,11.08907742750,3.10526561405,Eastern,UG2,,,,Uganda,UG,2020/06/11,2020/08/24,
"651",33.972161692,1.831367005,34.172161692,1.631367005,11.08907742750,3.10526561405,Eastern,UG2,,,,Uganda,UG,2020/06/11,2020/08/24,
"652",33.972161692,1.631367005,34.172161692,1.431367005,11.08907742750,3.10526561405,Eastern,UG2,,,,Uganda,UG,2020/06/11,2020/08/24,
"653",33.972161692,1.431367005,34.172161692,1.231367005,11.08907742750,3.10526561405,Eastern,UG2,,,,Uganda,UG,2020/06/11,2020/08/24,
"654",33.972161692,1.231367005,34.172161692,1.031367005,11.08907742750,3.10526561405,Eastern,UG2,,,,Uganda,UG,2020/06/11,2020/08/24,
"655",33.972161692,1.031367005,34.172161692,0.831367004999999,11.08907742750,3.10526561405,Eastern,UG2,,,,Uganda,UG,2020/06/11,2020/08/24,
"656",33.972161692,0.831367004999999,34.172161692,0.631367004999999,11.08907742750,3.10526561405,Eastern,UG2,,,,Uganda,UG,2020/06/11,2020/08/24,
"657",33.972161692,0.631367004999999,34.172161692,0.431367004999999,11.08907742750,3.10526561405,Eastern,UG2,,,,Uganda,UG,2020/06/11,2020/08/24,
"658",33.972161692,0.431367004999999,34.172161692,0.231367004999999,11.08907742750,3.10526561405,Eastern,UG2,,,,Uganda,UG,2020/06/11,2020/08/24,
"659",33.972161692,0.231367004999999,34.172161692,0.0313670049999992,11.08907742750,3.10526561405,Eastern,UG2,,,,Uganda,UG,2020/06/11,2020/08/24,
"660",33.972161692,0.031367004999999,34.172161692,-0.168632995000001,11.08907742750,3.10526561405,Eastern,UG2,,,,Uganda,UG,2020/06/11,2020/08/24,
"661",33.972161692,-0.168632995000001,34.172161692,-0.368632995000001,11.08907742750,3.10526561405,Eastern,UG2,,,,Uganda,UG,2020/06/11,2020/08/24,
"681",34.172161692,1.631367005,34.372161692,1.431367005,11.08907742750,3.10526561405,Eastern,UG2,,,,Uganda,UG,2020/06/11,2020/08/24,
"682",34.172161692,1.431367005,34.372161692,1.231367005,11.08907742750,3.10526561405,Eastern,UG2,,,,Uganda,UG,2020/06/11,2020/08/24,
"683",34.172161692,1.231367005,34.372161692,1.031367005,11.08907742750,3.10526561405,Eastern,UG2,,,,Uganda,UG,2020/06/11,2020/08/24,
"684",34.172161692,1.031367005,34.372161692,0.831367004999999,11.08907742750,3.10526561405,Eastern,UG2,,,,Uganda,UG,2020/06/11,2020/08/24,
"685",34.172161692,0.831367004999999,34.372161692,0.631367004999999,11.08907742750,3.10526561405,Eastern,UG2,,,,Uganda,UG,2020/06/11,2020/08/24,
"686",34.172161692,0.631367004999999,34.372161692,0.431367004999999,11.08907742750,3.10526561405,Eastern,UG2,,,,Uganda,UG,2020/06/11,2020/08/24,
"710",34.372161692,1.631367005,34.572161692,1.431367005,11.08907742750,3.10526561405,Eastern,UG2,,,,Uganda,UG,2020/06/11,2020/08/24,
"711",34.372161692,1.431367005,34.572161692,1.231367005,11.08907742750,3.10526561405,Eastern,UG2,,,,Uganda,UG,2020/06/11,2020/08/24,
"712",34.372161692,1.231367005,34.572161692,1.031367005,11.08907742750,3.10526561405,Eastern,UG2,,,,Uganda,UG,2020/06/11,2020/08/24,
"713",34.372161692,1.031367005,34.572161692,0.831367004999999,11.08907742750,3.10526561405,Eastern,UG2,,,,Uganda,UG,2020/06/11,2020/08/24,
"714",34.372161692,0.831367004999999,34.572161692,0.631367004999999,11.08907742750,3.10526561405,Eastern,UG2,,,,Uganda,UG,2020/06/11,2020/08/24,
"740",34.572161692,1.431367005,34.772161692,1.231367005,11.08907742750,3.10526561405,Eastern,UG2,,,,Uganda,UG,2020/06/11,2020/08/24,
"741",34.572161692,1.231367005,34.772161692,1.031367005,11.08907742750,3.10526561405,Eastern,UG2,,,,Uganda,UG,2020/06/11,2020/08/24,
"769",34.772161692,1.431367005,34.972161692,1.231367005,11.08907742750,3.10526561405,Eastern,UG2,,,,Uganda,UG,2020/06/11,2020/08/24,
"770",34.772161692,1.231367005,34.972161692,1.031367005,11.08907742750,3.10526561405,Eastern,UG2,,,,Uganda,UG,2020/06/11,2020/08/24,
"390",32.172161692,1.831367005,32.372161692,1.631367005,18.36327181090,6.94705945929,Northern,UG3,,,,Uganda,UG,2020/06/11,2020/08/24,
"419",32.372161692,1.831367005,32.572161692,1.631367005,18.36327181090,6.94705945929,Northern,UG3,,,,Uganda,UG,2020/06/11,2020/08/24,
"448",32.572161692,1.831367005,32.772161692,1.631367005,18.36327181090,6.94705945929,Northern,UG3,,,,Uganda,UG,2020/06/11,2020/08/24,
"449",32.572161692,1.631367005,32.772161692,1.431367005,18.36327181090,6.94705945929,Northern,UG3,,,,Uganda,UG,2020/06/11,2020/08/24,
"477",32.772161692,1.831367005,32.972161692,1.631367005,18.36327181090,6.94705945929,Northern,UG3,,,,Uganda,UG,2020/06/11,2020/08/24,
"478",32.772161692,1.631367005,32.972161692,1.431367005,18.36327181090,6.94705945929,Northern,UG3,,,,Uganda,UG,2020/06/11,2020/08/24,
"506",32.972161692,1.831367005,33.172161692,1.631367005,18.36327181090,6.94705945929,Northern,UG3,,,,Uganda,UG,2020/06/11,2020/08/24,
"474",32.772161692,2.431367005,32.972161692,2.231367005,18.36327181090,6.94705945929,Northern,UG3,,,,Uganda,UG,2020/06/11,2020/08/24,
"475",32.772161692,2.231367005,32.972161692,2.031367005,18.36327181090,6.94705945929,Northern,UG3,,,,Uganda,UG,2020/06/11,2020/08/24,
"476",32.772161692,2.031367005,32.972161692,1.831367005,18.36327181090,6.94705945929,Northern,UG3,,,,Uganda,UG,2020/06/11,2020/08/24,
"503",32.972161692,2.431367005,33.172161692,2.231367005,18.36327181090,6.94705945929,Northern,UG3,,,,Uganda,UG,2020/06/11,2020/08/24,
"504",32.972161692,2.231367005,33.172161692,2.031367005,18.36327181090,6.94705945929,Northern,UG3,,,,Uganda,UG,2020/06/11,2020/08/24,
"505",32.972161692,2.031367005,33.172161692,1.831367005,18.36327181090,6.94705945929,Northern,UG3,,,,Uganda,UG,2020/06/11,2020/08/24,
"532",33.172161692,2.431367005,33.372161692,2.231367005,18.36327181090,6.94705945929,Northern,UG3,,,,Uganda,UG,2020/06/11,2020/08/24,
"533",33.172161692,2.231367005,33.372161692,2.031367005,18.36327181090,6.94705945929,Northern,UG3,,,,Uganda,UG,2020/06/11,2020/08/24,
"561",33.372161692,2.431367005,33.572161692,2.231367005,18.36327181090,6.94705945929,Northern,UG3,,,,Uganda,UG,2020/06/11,2020/08/24,
"619",33.772161692,2.431367005,33.972161692,2.231367005,18.36327181090,6.94705945929,Northern,UG3,,,,Uganda,UG,2020/06/11,2020/08/24,
"648",33.972161692,2.431367005,34.172161692,2.231367005,18.36327181090,6.94705945929,Northern,UG3,,,,Uganda,UG,2020/06/11,2020/08/24,
"677",34.172161692,2.431367005,34.372161692,2.231367005,18.36327181090,6.94705945929,Northern,UG3,,,,Uganda,UG,2020/06/11,2020/08/24,
"678",34.172161692,2.231367005,34.372161692,2.031367005,18.36327181090,6.94705945929,Northern,UG3,,,,Uganda,UG,2020/06/11,2020/08/24,
"679",34.172161692,2.031367005,34.372161692,1.831367005,18.36327181090,6.94705945929,Northern,UG3,,,,Uganda,UG,2020/06/11,2020/08/24,
"680",34.172161692,1.831367005,34.372161692,1.631367005,18.36327181090,6.94705945929,Northern,UG3,,,,Uganda,UG,2020/06/11,2020/08/24,
"706",34.372161692,2.431367005,34.572161692,2.231367005,18.36327181090,6.94705945929,Northern,UG3,,,,Uganda,UG,2020/06/11,2020/08/24,
"707",34.372161692,2.231367005,34.572161692,2.031367005,18.36327181090,6.94705945929,Northern,UG3,,,,Uganda,UG,2020/06/11,2020/08/24,
"708",34.372161692,2.031367005,34.572161692,1.831367005,18.36327181090,6.94705945929,Northern,UG3,,,,Uganda,UG,2020/06/11,2020/08/24,
"709",34.372161692,1.831367005,34.572161692,1.631367005,18.36327181090,6.94705945929,Northern,UG3,,,,Uganda,UG,2020/06/11,2020/08/24,
"735",34.572161692,2.431367005,34.772161692,2.231367005,18.36327181090,6.94705945929,Northern,UG3,,,,Uganda,UG,2020/06/11,2020/08/24,
"736",34.572161692,2.231367005,34.772161692,2.031367005,18.36327181090,6.94705945929,Northern,UG3,,,,Uganda,UG,2020/06/11,2020/08/24,
"737",34.572161692,2.031367005,34.772161692,1.831367005,18.36327181090,6.94705945929,Northern,UG3,,,,Uganda,UG,2020/06/11,2020/08/24,
"738",34.572161692,1.831367005,34.772161692,1.631367005,18.36327181090,6.94705945929,Northern,UG3,,,,Uganda,UG,2020/06/11,2020/08/24,
"739",34.572161692,1.631367005,34.772161692,1.431367005,18.36327181090,6.94705945929,Northern,UG3,,,,Uganda,UG,2020/06/11,2020/08/24,
"764",34.772161692,2.431367005,34.972161692,2.231367005,18.36327181090,6.94705945929,Northern,UG3,,,,Uganda,UG,2020/06/11,2020/08/24,
"765",34.772161692,2.231367005,34.972161692,2.031367005,18.36327181090,6.94705945929,Northern,UG3,,,,Uganda,UG,2020/06/11,2020/08/24,
"766",34.772161692,2.031367005,34.972161692,1.831367005,18.36327181090,6.94705945929,Northern,UG3,,,,Uganda,UG,2020/06/11,2020/08/24,
"767",34.772161692,1.831367005,34.972161692,1.631367005,18.36327181090,6.94705945929,Northern,UG3,,,,Uganda,UG,2020/06/11,2020/08/24,
"768",34.772161692,1.631367005,34.972161692,1.431367005,18.36327181090,6.94705945929,Northern,UG3,,,,Uganda,UG,2020/06/11,2020/08/24,
"151",30.572161692,3.231367005,30.772161692,3.031367005,18.36327181090,6.94705945929,Northern,UG3,,,,Uganda,UG,2020/06/11,2020/08/24,
"155",30.572161692,2.431367005,30.772161692,2.231367005,18.36327181090,6.94705945929,Northern,UG3,,,,Uganda,UG,2020/06/11,2020/08/24,
"177",30.772161692,3.831367005,30.972161692,3.631367005,18.36327181090,6.94705945929,Northern,UG3,,,,Uganda,UG,2020/06/11,2020/08/24,
"178",30.772161692,3.631367005,30.972161692,3.431367005,18.36327181090,6.94705945929,Northern,UG3,,,,Uganda,UG,2020/06/11,2020/08/24,
"179",30.772161692,3.431367005,30.972161692,3.231367005,18.36327181090,6.94705945929,Northern,UG3,,,,Uganda,UG,2020/06/11,2020/08/24,
"180",30.772161692,3.231367005,30.972161692,3.031367005,18.36327181090,6.94705945929,Northern,UG3,,,,Uganda,UG,2020/06/11,2020/08/24,
"181",30.772161692,3.031367005,30.972161692,2.831367005,18.36327181090,6.94705945929,Northern,UG3,,,,Uganda,UG,2020/06/11,2020/08/24,
"182",30.772161692,2.831367005,30.972161692,2.631367005,18.36327181090,6.94705945929,Northern,UG3,,,,Uganda,UG,2020/06/11,2020/08/24,
"183",30.772161692,2.631367005,30.972161692,2.431367005,18.36327181090,6.94705945929,Northern,UG3,,,,Uganda,UG,2020/06/11,2020/08/24,
"184",30.772161692,2.431367005,30.972161692,2.231367005,18.36327181090,6.94705945929,Northern,UG3,,,,Uganda,UG,2020/06/11,2020/08/24,
"206",30.972161692,3.831367005,31.172161692,3.631367005,18.36327181090,6.94705945929,Northern,UG3,,,,Uganda,UG,2020/06/11,2020/08/24,
"207",30.972161692,3.631367005,31.172161692,3.431367005,18.36327181090,6.94705945929,Northern,UG3,,,,Uganda,UG,2020/06/11,2020/08/24,
"208",30.972161692,3.431367005,31.172161692,3.231367005,18.36327181090,6.94705945929,Northern,UG3,,,,Uganda,UG,2020/06/11,2020/08/24,
"209",30.972161692,3.231367005,31.172161692,3.031367005,18.36327181090,6.94705945929,Northern,UG3,,,,Uganda,UG,2020/06/11,2020/08/24,
"210",30.972161692,3.031367005,31.172161692,2.831367005,18.36327181090,6.94705945929,Northern,UG3,,,,Uganda,UG,2020/06/11,2020/08/24,
"211",30.972161692,2.831367005,31.172161692,2.631367005,18.36327181090,6.94705945929,Northern,UG3,,,,Uganda,UG,2020/06/11,2020/08/24,
"212",30.972161692,2.631367005,31.172161692,2.431367005,18.36327181090,6.94705945929,Northern,UG3,,,,Uganda,UG,2020/06/11,2020/08/24,
"213",30.972161692,2.431367005,31.172161692,2.231367005,18.36327181090,6.94705945929,Northern,UG3,,,,Uganda,UG,2020/06/11,2020/08/24,
"235",31.172161692,3.831367005,31.372161692,3.631367005,18.36327181090,6.94705945929,Northern,UG3,,,,Uganda,UG,2020/06/11,2020/08/24,
"236",31.172161692,3.631367005,31.372161692,3.431367005,18.36327181090,6.94705945929,Northern,UG3,,,,Uganda,UG,2020/06/11,2020/08/24,
"237",31.172161692,3.431367005,31.372161692,3.231367005,18.36327181090,6.94705945929,Northern,UG3,,,,Uganda,UG,2020/06/11,2020/08/24,
"238",31.172161692,3.231367005,31.372161692,3.031367005,18.36327181090,6.94705945929,Northern,UG3,,,,Uganda,UG,2020/06/11,2020/08/24,
"239",31.172161692,3.031367005,31.372161692,2.831367005,18.36327181090,6.94705945929,Northern,UG3,,,,Uganda,UG,2020/06/11,2020/08/24,
"240",31.172161692,2.831367005,31.372161692,2.631367005,18.36327181090,6.94705945929,Northern,UG3,,,,Uganda,UG,2020/06/11,2020/08/24,
"241",31.172161692,2.631367005,31.372161692,2.431367005,18.36327181090,6.94705945929,Northern,UG3,,,,Uganda,UG,2020/06/11,2020/08/24,
"242",31.172161692,2.431367005,31.372161692,2.231367005,18.36327181090,6.94705945929,Northern,UG3,,,,Uganda,UG,2020/06/11,2020/08/24,
"264",31.372161692,3.831367005,31.572161692,3.631367005,18.36327181090,6.94705945929,Northern,UG3,,,,Uganda,UG,2020/06/11,2020/08/24,
"265",31.372161692,3.631367005,31.572161692,3.431367005,18.36327181090,6.94705945929,Northern,UG3,,,,Uganda,UG,2020/06/11,2020/08/24,
"266",31.372161692,3.431367005,31.572161692,3.231367005,18.36327181090,6.94705945929,Northern,UG3,,,,Uganda,UG,2020/06/11,2020/08/24,
"267",31.372161692,3.231367005,31.572161692,3.031367005,18.36327181090,6.94705945929,Northern,UG3,,,,Uganda,UG,2020/06/11,2020/08/24,
"268",31.372161692,3.031367005,31.572161692,2.831367005,18.36327181090,6.94705945929,Northern,UG3,,,,Uganda,UG,2020/06/11,2020/08/24,
"269",31.372161692,2.831367005,31.572161692,2.631367005,18.36327181090,6.94705945929,Northern,UG3,,,,Uganda,UG,2020/06/11,2020/08/24,
"270",31.372161692,2.631367005,31.572161692,2.431367005,18.36327181090,6.94705945929,Northern,UG3,,,,Uganda,UG,2020/06/11,2020/08/24,
"271",31.372161692,2.431367005,31.572161692,2.231367005,18.36327181090,6.94705945929,Northern,UG3,,,,Uganda,UG,2020/06/11,2020/08/24,
"293",31.572161692,3.831367005,31.772161692,3.631367005,18.36327181090,6.94705945929,Northern,UG3,,,,Uganda,UG,2020/06/11,2020/08/24,
"294",31.572161692,3.631367005,31.772161692,3.431367005,18.36327181090,6.94705945929,Northern,UG3,,,,Uganda,UG,2020/06/11,2020/08/24,
"295",31.572161692,3.431367005,31.772161692,3.231367005,18.36327181090,6.94705945929,Northern,UG3,,,,Uganda,UG,2020/06/11,2020/08/24,
"296",31.572161692,3.231367005,31.772161692,3.031367005,18.36327181090,6.94705945929,Northern,UG3,,,,Uganda,UG,2020/06/11,2020/08/24,
"297",31.572161692,3.031367005,31.772161692,2.831367005,18.36327181090,6.94705945929,Northern,UG3,,,,Uganda,UG,2020/06/11,2020/08/24,
"298",31.572161692,2.831367005,31.772161692,2.631367005,18.36327181090,6.94705945929,Northern,UG3,,,,Uganda,UG,2020/06/11,2020/08/24,
"299",31.572161692,2.631367005,31.772161692,2.431367005,18.36327181090,6.94705945929,Northern,UG3,,,,Uganda,UG,2020/06/11,2020/08/24,
"300",31.572161692,2.431367005,31.772161692,2.231367005,18.36327181090,6.94705945929,Northern,UG3,,,,Uganda,UG,2020/06/11,2020/08/24,
"322",31.772161692,3.831367005,31.972161692,3.631367005,18.36327181090,6.94705945929,Northern,UG3,,,,Uganda,UG,2020/06/11,2020/08/24,
"323",31.772161692,3.631367005,31.972161692,3.431367005,18.36327181090,6.94705945929,Northern,UG3,,,,Uganda,UG,2020/06/11,2020/08/24,
"324",31.772161692,3.431367005,31.972161692,3.231367005,18.36327181090,6.94705945929,Northern,UG3,,,,Uganda,UG,2020/06/11,2020/08/24,
"325",31.772161692,3.231367005,31.972161692,3.031367005,18.36327181090,6.94705945929,Northern,UG3,,,,Uganda,UG,2020/06/11,2020/08/24,
"326",31.772161692,3.031367005,31.972161692,2.831367005,18.36327181090,6.94705945929,Northern,UG3,,,,Uganda,UG,2020/06/11,2020/08/24,
"327",31.772161692,2.831367005,31.972161692,2.631367005,18.36327181090,6.94705945929,Northern,UG3,,,,Uganda,UG,2020/06/11,2020/08/24,
"328",31.772161692,2.631367005,31.972161692,2.431367005,18.36327181090,6.94705945929,Northern,UG3,,,,Uganda,UG,2020/06/11,2020/08/24,
"352",31.972161692,3.631367005,32.172161692,3.431367005,18.36327181090,6.94705945929,Northern,UG3,,,,Uganda,UG,2020/06/11,2020/08/24,
"353",31.972161692,3.431367005,32.172161692,3.231367005,18.36327181090,6.94705945929,Northern,UG3,,,,Uganda,UG,2020/06/11,2020/08/24,
"354",31.972161692,3.231367005,32.172161692,3.031367005,18.36327181090,6.94705945929,Northern,UG3,,,,Uganda,UG,2020/06/11,2020/08/24,
"355",31.972161692,3.031367005,32.172161692,2.831367005,18.36327181090,6.94705945929,Northern,UG3,,,,Uganda,UG,2020/06/11,2020/08/24,
"356",31.972161692,2.831367005,32.172161692,2.631367005,18.36327181090,6.94705945929,Northern,UG3,,,,Uganda,UG,2020/06/11,2020/08/24,
"357",31.972161692,2.631367005,32.172161692,2.431367005,18.36327181090,6.94705945929,Northern,UG3,,,,Uganda,UG,2020/06/11,2020/08/24,
"358",31.972161692,2.431367005,32.172161692,2.231367005,18.36327181090,6.94705945929,Northern,UG3,,,,Uganda,UG,2020/06/11,2020/08/24,
"380",32.172161692,3.831367005,32.372161692,3.631367005,18.36327181090,6.94705945929,Northern,UG3,,,,Uganda,UG,2020/06/11,2020/08/24,
"381",32.172161692,3.631367005,32.372161692,3.431367005,18.36327181090,6.94705945929,Northern,UG3,,,,Uganda,UG,2020/06/11,2020/08/24,
"382",32.172161692,3.431367005,32.372161692,3.231367005,18.36327181090,6.94705945929,Northern,UG3,,,,Uganda,UG,2020/06/11,2020/08/24,
"383",32.172161692,3.231367005,32.372161692,3.031367005,18.36327181090,6.94705945929,Northern,UG3,,,,Uganda,UG,2020/06/11,2020/08/24,
"384",32.172161692,3.031367005,32.372161692,2.831367005,18.36327181090,6.94705945929,Northern,UG3,,,,Uganda,UG,2020/06/11,2020/08/24,
"385",32.172161692,2.831367005,32.372161692,2.631367005,18.36327181090,6.94705945929,Northern,UG3,,,,Uganda,UG,2020/06/11,2020/08/24,
"386",32.172161692,2.631367005,32.372161692,2.431367005,18.36327181090,6.94705945929,Northern,UG3,,,,Uganda,UG,2020/06/11,2020/08/24,
"387",32.172161692,2.431367005,32.372161692,2.231367005,18.36327181090,6.94705945929,Northern,UG3,,,,Uganda,UG,2020/06/11,2020/08/24,
"409",32.372161692,3.831367005,32.572161692,3.631367005,18.36327181090,6.94705945929,Northern,UG3,,,,Uganda,UG,2020/06/11,2020/08/24,
"410",32.372161692,3.631367005,32.572161692,3.431367005,18.36327181090,6.94705945929,Northern,UG3,,,,Uganda,UG,2020/06/11,2020/08/24,
"411",32.372161692,3.431367005,32.572161692,3.231367005,18.36327181090,6.94705945929,Northern,UG3,,,,Uganda,UG,2020/06/11,2020/08/24,
"412",32.372161692,3.231367005,32.572161692,3.031367005,18.36327181090,6.94705945929,Northern,UG3,,,,Uganda,UG,2020/06/11,2020/08/24,
"413",32.372161692,3.031367005,32.572161692,2.831367005,18.36327181090,6.94705945929,Northern,UG3,,,,Uganda,UG,2020/06/11,2020/08/24,
"414",32.372161692,2.831367005,32.572161692,2.631367005,18.36327181090,6.94705945929,Northern,UG3,,,,Uganda,UG,2020/06/11,2020/08/24,
"415",32.372161692,2.631367005,32.572161692,2.431367005,18.36327181090,6.94705945929,Northern,UG3,,,,Uganda,UG,2020/06/11,2020/08/24,
"416",32.372161692,2.431367005,32.572161692,2.231367005,18.36327181090,6.94705945929,Northern,UG3,,,,Uganda,UG,2020/06/11,2020/08/24,
"417",32.372161692,2.231367005,32.572161692,2.031367005,18.36327181090,6.94705945929,Northern,UG3,,,,Uganda,UG,2020/06/11,2020/08/24,
"418",32.372161692,2.031367005,32.572161692,1.831367005,18.36327181090,6.94705945929,Northern,UG3,,,,Uganda,UG,2020/06/11,2020/08/24,
"438",32.572161692,3.831367005,32.772161692,3.631367005,18.36327181090,6.94705945929,Northern,UG3,,,,Uganda,UG,2020/06/11,2020/08/24,
"439",32.572161692,3.631367005,32.772161692,3.431367005,18.36327181090,6.94705945929,Northern,UG3,,,,Uganda,UG,2020/06/11,2020/08/24,
"440",32.572161692,3.431367005,32.772161692,3.231367005,18.36327181090,6.94705945929,Northern,UG3,,,,Uganda,UG,2020/06/11,2020/08/24,
"441",32.572161692,3.231367005,32.772161692,3.031367005,18.36327181090,6.94705945929,Northern,UG3,,,,Uganda,UG,2020/06/11,2020/08/24,
"442",32.572161692,3.031367005,32.772161692,2.831367005,18.36327181090,6.94705945929,Northern,UG3,,,,Uganda,UG,2020/06/11,2020/08/24,
"443",32.572161692,2.831367005,32.772161692,2.631367005,18.36327181090,6.94705945929,Northern,UG3,,,,Uganda,UG,2020/06/11,2020/08/24,
"444",32.572161692,2.631367005,32.772161692,2.431367005,18.36327181090,6.94705945929,Northern,UG3,,,,Uganda,UG,2020/06/11,2020/08/24,
"445",32.572161692,2.431367005,32.772161692,2.231367005,18.36327181090,6.94705945929,Northern,UG3,,,,Uganda,UG,2020/06/11,2020/08/24,
"446",32.572161692,2.231367005,32.772161692,2.031367005,18.36327181090,6.94705945929,Northern,UG3,,,,Uganda,UG,2020/06/11,2020/08/24,
"447",32.572161692,2.031367005,32.772161692,1.831367005,18.36327181090,6.94705945929,Northern,UG3,,,,Uganda,UG,2020/06/11,2020/08/24,
"466",32.772161692,4.031367005,32.972161692,3.831367005,18.36327181090,6.94705945929,Northern,UG3,,,,Uganda,UG,2020/06/11,2020/08/24,
"467",32.772161692,3.831367005,32.972161692,3.631367005,18.36327181090,6.94705945929,Northern,UG3,,,,Uganda,UG,2020/06/11,2020/08/24,
"468",32.772161692,3.631367005,32.972161692,3.431367005,18.36327181090,6.94705945929,Northern,UG3,,,,Uganda,UG,2020/06/11,2020/08/24,
"469",32.772161692,3.431367005,32.972161692,3.231367005,18.36327181090,6.94705945929,Northern,UG3,,,,Uganda,UG,2020/06/11,2020/08/24,
"470",32.772161692,3.231367005,32.972161692,3.031367005,18.36327181090,6.94705945929,Northern,UG3,,,,Uganda,UG,2020/06/11,2020/08/24,
"471",32.772161692,3.031367005,32.972161692,2.831367005,18.36327181090,6.94705945929,Northern,UG3,,,,Uganda,UG,2020/06/11,2020/08/24,
"472",32.772161692,2.831367005,32.972161692,2.631367005,18.36327181090,6.94705945929,Northern,UG3,,,,Uganda,UG,2020/06/11,2020/08/24,
"473",32.772161692,2.631367005,32.972161692,2.431367005,18.36327181090,6.94705945929,Northern,UG3,,,,Uganda,UG,2020/06/11,2020/08/24,
"495",32.972161692,4.031367005,33.172161692,3.831367005,18.36327181090,6.94705945929,Northern,UG3,,,,Uganda,UG,2020/06/11,2020/08/24,
"496",32.972161692,3.831367005,33.172161692,3.631367005,18.36327181090,6.94705945929,Northern,UG3,,,,Uganda,UG,2020/06/11,2020/08/24,
"497",32.972161692,3.631367005,33.172161692,3.431367005,18.36327181090,6.94705945929,Northern,UG3,,,,Uganda,UG,2020/06/11,2020/08/24,
"498",32.972161692,3.431367005,33.172161692,3.231367005,18.36327181090,6.94705945929,Northern,UG3,,,,Uganda,UG,2020/06/11,2020/08/24,
"499",32.972161692,3.231367005,33.172161692,3.031367005,18.36327181090,6.94705945929,Northern,UG3,,,,Uganda,UG,2020/06/11,2020/08/24,
"500",32.972161692,3.031367005,33.172161692,2.831367005,18.36327181090,6.94705945929,Northern,UG3,,,,Uganda,UG,2020/06/11,2020/08/24,
"501",32.972161692,2.831367005,33.172161692,2.631367005,18.36327181090,6.94705945929,Northern,UG3,,,,Uganda,UG,2020/06/11,2020/08/24,
"502",32.972161692,2.631367005,33.172161692,2.431367005,18.36327181090,6.94705945929,Northern,UG3,,,,Uganda,UG,2020/06/11,2020/08/24,
"525",33.172161692,3.831367005,33.372161692,3.631367005,18.36327181090,6.94705945929,Northern,UG3,,,,Uganda,UG,2020/06/11,2020/08/24,
"526",33.172161692,3.631367005,33.372161692,3.431367005,18.36327181090,6.94705945929,Northern,UG3,,,,Uganda,UG,2020/06/11,2020/08/24,
"527",33.172161692,3.431367005,33.372161692,3.231367005,18.36327181090,6.94705945929,Northern,UG3,,,,Uganda,UG,2020/06/11,2020/08/24,
"528",33.172161692,3.231367005,33.372161692,3.031367005,18.36327181090,6.94705945929,Northern,UG3,,,,Uganda,UG,2020/06/11,2020/08/24,
"529",33.172161692,3.031367005,33.372161692,2.831367005,18.36327181090,6.94705945929,Northern,UG3,,,,Uganda,UG,2020/06/11,2020/08/24,
"530",33.172161692,2.831367005,33.372161692,2.631367005,18.36327181090,6.94705945929,Northern,UG3,,,,Uganda,UG,2020/06/11,2020/08/24,
"531",33.172161692,2.631367005,33.372161692,2.431367005,18.36327181090,6.94705945929,Northern,UG3,,,,Uganda,UG,2020/06/11,2020/08/24,
"554",33.372161692,3.831367005,33.572161692,3.631367005,18.36327181090,6.94705945929,Northern,UG3,,,,Uganda,UG,2020/06/11,2020/08/24,
"555",33.372161692,3.631367005,33.572161692,3.431367005,18.36327181090,6.94705945929,Northern,UG3,,,,Uganda,UG,2020/06/11,2020/08/24,
"556",33.372161692,3.431367005,33.572161692,3.231367005,18.36327181090,6.94705945929,Northern,UG3,,,,Uganda,UG,2020/06/11,2020/08/24,
"557",33.372161692,3.231367005,33.572161692,3.031367005,18.36327181090,6.94705945929,Northern,UG3,,,,Uganda,UG,2020/06/11,2020/08/24,
"558",33.372161692,3.031367005,33.572161692,2.831367005,18.36327181090,6.94705945929,Northern,UG3,,,,Uganda,UG,2020/06/11,2020/08/24,
"559",33.372161692,2.831367005,33.572161692,2.631367005,18.36327181090,6.94705945929,Northern,UG3,,,,Uganda,UG,2020/06/11,2020/08/24,
"560",33.372161692,2.631367005,33.572161692,2.431367005,18.36327181090,6.94705945929,Northern,UG3,,,,Uganda,UG,2020/06/11,2020/08/24,
"582",33.572161692,4.031367005,33.772161692,3.831367005,18.36327181090,6.94705945929,Northern,UG3,,,,Uganda,UG,2020/06/11,2020/08/24,
"583",33.572161692,3.831367005,33.772161692,3.631367005,18.36327181090,6.94705945929,Northern,UG3,,,,Uganda,UG,2020/06/11,2020/08/24,
"584",33.572161692,3.631367005,33.772161692,3.431367005,18.36327181090,6.94705945929,Northern,UG3,,,,Uganda,UG,2020/06/11,2020/08/24,
"585",33.572161692,3.431367005,33.772161692,3.231367005,18.36327181090,6.94705945929,Northern,UG3,,,,Uganda,UG,2020/06/11,2020/08/24,
"586",33.572161692,3.231367005,33.772161692,3.031367005,18.36327181090,6.94705945929,Northern,UG3,,,,Uganda,UG,2020/06/11,2020/08/24,
"587",33.572161692,3.031367005,33.772161692,2.831367005,18.36327181090,6.94705945929,Northern,UG3,,,,Uganda,UG,2020/06/11,2020/08/24,
"588",33.572161692,2.831367005,33.772161692,2.631367005,18.36327181090,6.94705945929,Northern,UG3,,,,Uganda,UG,2020/06/11,2020/08/24,
"589",33.572161692,2.631367005,33.772161692,2.431367005,18.36327181090,6.94705945929,Northern,UG3,,,,Uganda,UG,2020/06/11,2020/08/24,
"610",33.772161692,4.231367005,33.972161692,4.031367005,18.36327181090,6.94705945929,Northern,UG3,,,,Uganda,UG,2020/06/11,2020/08/24,
"611",33.772161692,4.031367005,33.972161692,3.831367005,18.36327181090,6.94705945929,Northern,UG3,,,,Uganda,UG,2020/06/11,2020/08/24,
"612",33.772161692,3.831367005,33.972161692,3.631367005,18.36327181090,6.94705945929,Northern,UG3,,,,Uganda,UG,2020/06/11,2020/08/24,
"613",33.772161692,3.631367005,33.972161692,3.431367005,18.36327181090,6.94705945929,Northern,UG3,,,,Uganda,UG,2020/06/11,2020/08/24,
"614",33.772161692,3.431367005,33.972161692,3.231367005,18.36327181090,6.94705945929,Northern,UG3,,,,Uganda,UG,2020/06/11,2020/08/24,
"615",33.772161692,3.231367005,33.972161692,3.031367005,18.36327181090,6.94705945929,Northern,UG3,,,,Uganda,UG,2020/06/11,2020/08/24,
"616",33.772161692,3.031367005,33.972161692,2.831367005,18.36327181090,6.94705945929,Northern,UG3,,,,Uganda,UG,2020/06/11,2020/08/24,
"617",33.772161692,2.831367005,33.972161692,2.631367005,18.36327181090,6.94705945929,Northern,UG3,,,,Uganda,UG,2020/06/11,2020/08/24,
"618",33.772161692,2.631367005,33.972161692,2.431367005,18.36327181090,6.94705945929,Northern,UG3,,,,Uganda,UG,2020/06/11,2020/08/24,
"639",33.972161692,4.231367005,34.172161692,4.031367005,18.36327181090,6.94705945929,Northern,UG3,,,,Uganda,UG,2020/06/11,2020/08/24,
"640",33.972161692,4.031367005,34.172161692,3.831367005,18.36327181090,6.94705945929,Northern,UG3,,,,Uganda,UG,2020/06/11,2020/08/24,
"641",33.972161692,3.831367005,34.172161692,3.631367005,18.36327181090,6.94705945929,Northern,UG3,,,,Uganda,UG,2020/06/11,2020/08/24,
"642",33.972161692,3.631367005,34.172161692,3.431367005,18.36327181090,6.94705945929,Northern,UG3,,,,Uganda,UG,2020/06/11,2020/08/24,
"643",33.972161692,3.431367005,34.172161692,3.231367005,18.36327181090,6.94705945929,Northern,UG3,,,,Uganda,UG,2020/06/11,2020/08/24,
"644",33.972161692,3.231367005,34.172161692,3.031367005,18.36327181090,6.94705945929,Northern,UG3,,,,Uganda,UG,2020/06/11,2020/08/24,
"645",33.972161692,3.031367005,34.172161692,2.831367005,18.36327181090,6.94705945929,Northern,UG3,,,,Uganda,UG,2020/06/11,2020/08/24,
"646",33.972161692,2.831367005,34.172161692,2.631367005,18.36327181090,6.94705945929,Northern,UG3,,,,Uganda,UG,2020/06/11,2020/08/24,
"647",33.972161692,2.631367005,34.172161692,2.431367005,18.36327181090,6.94705945929,Northern,UG3,,,,Uganda,UG,2020/06/11,2020/08/24,
"669",34.172161692,4.031367005,34.372161692,3.831367005,18.36327181090,6.94705945929,Northern,UG3,,,,Uganda,UG,2020/06/11,2020/08/24,
"670",34.172161692,3.831367005,34.372161692,3.631367005,18.36327181090,6.94705945929,Northern,UG3,,,,Uganda,UG,2020/06/11,2020/08/24,
"671",34.172161692,3.631367005,34.372161692,3.431367005,18.36327181090,6.94705945929,Northern,UG3,,,,Uganda,UG,2020/06/11,2020/08/24,
"672",34.172161692,3.431367005,34.372161692,3.231367005,18.36327181090,6.94705945929,Northern,UG3,,,,Uganda,UG,2020/06/11,2020/08/24,
"673",34.172161692,3.231367005,34.372161692,3.031367005,18.36327181090,6.94705945929,Northern,UG3,,,,Uganda,UG,2020/06/11,2020/08/24,
"674",34.172161692,3.031367005,34.372161692,2.831367005,18.36327181090,6.94705945929,Northern,UG3,,,,Uganda,UG,2020/06/11,2020/08/24,
"675",34.172161692,2.831367005,34.372161692,2.631367005,18.36327181090,6.94705945929,Northern,UG3,,,,Uganda,UG,2020/06/11,2020/08/24,
"676",34.172161692,2.631367005,34.372161692,2.431367005,18.36327181090,6.94705945929,Northern,UG3,,,,Uganda,UG,2020/06/11,2020/08/24,
"699",34.372161692,3.831367005,34.572161692,3.631367005,18.36327181090,6.94705945929,Northern,UG3,,,,Uganda,UG,2020/06/11,2020/08/24,
"700",34.372161692,3.631367005,34.572161692,3.431367005,18.36327181090,6.94705945929,Northern,UG3,,,,Uganda,UG,2020/06/11,2020/08/24,
"701",34.372161692,3.431367005,34.572161692,3.231367005,18.36327181090,6.94705945929,Northern,UG3,,,,Uganda,UG,2020/06/11,2020/08/24,
"702",34.372161692,3.231367005,34.572161692,3.031367005,18.36327181090,6.94705945929,Northern,UG3,,,,Uganda,UG,2020/06/11,2020/08/24,
"703",34.372161692,3.031367005,34.572161692,2.831367005,18.36327181090,6.94705945929,Northern,UG3,,,,Uganda,UG,2020/06/11,2020/08/24,
"704",34.372161692,2.831367005,34.572161692,2.631367005,18.36327181090,6.94705945929,Northern,UG3,,,,Uganda,UG,2020/06/11,2020/08/24,
"705",34.372161692,2.631367005,34.572161692,2.431367005,18.36327181090,6.94705945929,Northern,UG3,,,,Uganda,UG,2020/06/11,2020/08/24,
"731",34.572161692,3.231367005,34.772161692,3.031367005,18.36327181090,6.94705945929,Northern,UG3,,,,Uganda,UG,2020/06/11,2020/08/24,
"732",34.572161692,3.031367005,34.772161692,2.831367005,18.36327181090,6.94705945929,Northern,UG3,,,,Uganda,UG,2020/06/11,2020/08/24,
"733",34.572161692,2.831367005,34.772161692,2.631367005,18.36327181090,6.94705945929,Northern,UG3,,,,Uganda,UG,2020/06/11,2020/08/24,
"734",34.572161692,2.631367005,34.772161692,2.431367005,18.36327181090,6.94705945929,Northern,UG3,,,,Uganda,UG,2020/06/11,2020/08/24,
"762",34.772161692,2.831367005,34.972161692,2.631367005,18.36327181090,6.94705945929,Northern,UG3,,,,Uganda,UG,2020/06/11,2020/08/24,
"763",34.772161692,2.631367005,34.972161692,2.431367005,18.36327181090,6.94705945929,Northern,UG3,,,,Uganda,UG,2020/06/11,2020/08/24,
"794",34.972161692,2.231367005,35.172161692,2.031367005,18.36327181090,6.94705945929,Northern,UG3,,,,Uganda,UG,2020/06/11,2020/08/24,
"795",34.972161692,2.031367005,35.172161692,1.831367005,18.36327181090,6.94705945929,Northern,UG3,,,,Uganda,UG,2020/06/11,2020/08/24,
"796",34.972161692,1.831367005,35.172161692,1.631367005,18.36327181090,6.94705945929,Northern,UG3,,,,Uganda,UG,2020/06/11,2020/08/24,
"797",34.972161692,1.631367005,35.172161692,1.431367005,18.36327181090,6.94705945929,Northern,UG3,,,,Uganda,UG,2020/06/11,2020/08/24,
"216",30.972161692,1.831367005,31.172161692,1.631367005,14.75279998230,4.48812844789,Western,UG4,,,,Uganda,UG,2020/06/11,2020/08/24,
"217",30.972161692,1.631367005,31.172161692,1.431367005,14.75279998230,4.48812844789,Western,UG4,,,,Uganda,UG,2020/06/11,2020/08/24,
"218",30.972161692,1.431367005,31.172161692,1.231367005,14.75279998230,4.48812844789,Western,UG4,,,,Uganda,UG,2020/06/11,2020/08/24,
"219",30.972161692,1.231367005,31.172161692,1.031367005,14.75279998230,4.48812844789,Western,UG4,,,,Uganda,UG,2020/06/11,2020/08/24,
"220",30.972161692,1.031367005,31.172161692,0.831367004999999,14.75279998230,4.48812844789,Western,UG4,,,,Uganda,UG,2020/06/11,2020/08/24,
"221",30.972161692,0.831367004999999,31.172161692,0.631367004999999,14.75279998230,4.48812844789,Western,UG4,,,,Uganda,UG,2020/06/11,2020/08/24,
"222",30.972161692,0.631367004999999,31.172161692,0.431367004999999,14.75279998230,4.48812844789,Western,UG4,,,,Uganda,UG,2020/06/11,2020/08/24,
"223",30.972161692,0.431367004999999,31.172161692,0.231367004999999,14.75279998230,4.48812844789,Western,UG4,,,,Uganda,UG,2020/06/11,2020/08/24,
"225",30.972161692,0.031367004999999,31.172161692,-0.168632995000001,14.75279998230,4.48812844789,Western,UG4,,,,Uganda,UG,2020/06/11,2020/08/24,
"226",30.972161692,-0.168632995000001,31.172161692,-0.368632995000001,14.75279998230,4.48812844789,Western,UG4,,,,Uganda,UG,2020/06/11,2020/08/24,
"227",30.972161692,-0.368632995000001,31.172161692,-0.568632995000001,14.75279998230,4.48812844789,Western,UG4,,,,Uganda,UG,2020/06/11,2020/08/24,
"228",30.972161692,-0.568632995000002,31.172161692,-0.768632995000001,14.75279998230,4.48812844789,Western,UG4,,,,Uganda,UG,2020/06/11,2020/08/24,
"229",30.972161692,-0.768632995000001,31.172161692,-0.968632995000001,14.75279998230,4.48812844789,Western,UG4,,,,Uganda,UG,2020/06/11,2020/08/24,
"230",30.972161692,-0.968632995000001,31.172161692,-1.168632995,14.75279998230,4.48812844789,Western,UG4,,,,Uganda,UG,2020/06/11,2020/08/24,
"245",31.172161692,1.831367005,31.372161692,1.631367005,14.75279998230,4.48812844789,Western,UG4,,,,Uganda,UG,2020/06/11,2020/08/24,
"246",31.172161692,1.631367005,31.372161692,1.431367005,14.75279998230,4.48812844789,Western,UG4,,,,Uganda,UG,2020/06/11,2020/08/24,
"247",31.172161692,1.431367005,31.372161692,1.231367005,14.75279998230,4.48812844789,Western,UG4,,,,Uganda,UG,2020/06/11,2020/08/24,
"248",31.172161692,1.231367005,31.372161692,1.031367005,14.75279998230,4.48812844789,Western,UG4,,,,Uganda,UG,2020/06/11,2020/08/24,
"249",31.172161692,1.031367005,31.372161692,0.831367004999999,14.75279998230,4.48812844789,Western,UG4,,,,Uganda,UG,2020/06/11,2020/08/24,
"250",31.172161692,0.831367004999999,31.372161692,0.631367004999999,14.75279998230,4.48812844789,Western,UG4,,,,Uganda,UG,2020/06/11,2020/08/24,
"274",31.372161692,1.831367005,31.572161692,1.631367005,14.75279998230,4.48812844789,Western,UG4,,,,Uganda,UG,2020/06/11,2020/08/24,
"275",31.372161692,1.631367005,31.572161692,1.431367005,14.75279998230,4.48812844789,Western,UG4,,,,Uganda,UG,2020/06/11,2020/08/24,
"276",31.372161692,1.431367005,31.572161692,1.231367005,14.75279998230,4.48812844789,Western,UG4,,,,Uganda,UG,2020/06/11,2020/08/24,
"303",31.572161692,1.831367005,31.772161692,1.631367005,14.75279998230,4.48812844789,Western,UG4,,,,Uganda,UG,2020/06/11,2020/08/24,
"304",31.572161692,1.631367005,31.772161692,1.431367005,14.75279998230,4.48812844789,Western,UG4,,,,Uganda,UG,2020/06/11,2020/08/24,
"332",31.772161692,1.831367005,31.972161692,1.631367005,14.75279998230,4.48812844789,Western,UG4,,,,Uganda,UG,2020/06/11,2020/08/24,
"333",31.772161692,1.631367005,31.972161692,1.431367005,14.75279998230,4.48812844789,Western,UG4,,,,Uganda,UG,2020/06/11,2020/08/24,
"361",31.972161692,1.831367005,32.172161692,1.631367005,14.75279998230,4.48812844789,Western,UG4,,,,Uganda,UG,2020/06/11,2020/08/24,
"159",30.572161692,1.631367005,30.772161692,1.431367005,14.75279998230,4.48812844789,Western,UG4,,,,Uganda,UG,2020/06/11,2020/08/24,
"160",30.572161692,1.431367005,30.772161692,1.231367005,14.75279998230,4.48812844789,Western,UG4,,,,Uganda,UG,2020/06/11,2020/08/24,
"187",30.772161692,1.831367005,30.972161692,1.631367005,14.75279998230,4.48812844789,Western,UG4,,,,Uganda,UG,2020/06/11,2020/08/24,
"188",30.772161692,1.631367005,30.972161692,1.431367005,14.75279998230,4.48812844789,Western,UG4,,,,Uganda,UG,2020/06/11,2020/08/24,
"189",30.772161692,1.431367005,30.972161692,1.231367005,14.75279998230,4.48812844789,Western,UG4,,,,Uganda,UG,2020/06/11,2020/08/24,
"215",30.972161692,2.031367005,31.172161692,1.831367005,14.75279998230,4.48812844789,Western,UG4,,,,Uganda,UG,2020/06/11,2020/08/24,
"243",31.172161692,2.231367005,31.372161692,2.031367005,14.75279998230,4.48812844789,Western,UG4,,,,Uganda,UG,2020/06/11,2020/08/24,
"244",31.172161692,2.031367005,31.372161692,1.831367005,14.75279998230,4.48812844789,Western,UG4,,,,Uganda,UG,2020/06/11,2020/08/24,
"272",31.372161692,2.231367005,31.572161692,2.031367005,14.75279998230,4.48812844789,Western,UG4,,,,Uganda,UG,2020/06/11,2020/08/24,
"273",31.372161692,2.031367005,31.572161692,1.831367005,14.75279998230,4.48812844789,Western,UG4,,,,Uganda,UG,2020/06/11,2020/08/24,
"301",31.572161692,2.231367005,31.772161692,2.031367005,14.75279998230,4.48812844789,Western,UG4,,,,Uganda,UG,2020/06/11,2020/08/24,
"302",31.572161692,2.031367005,31.772161692,1.831367005,14.75279998230,4.48812844789,Western,UG4,,,,Uganda,UG,2020/06/11,2020/08/24,
"329",31.772161692,2.431367005,31.972161692,2.231367005,14.75279998230,4.48812844789,Western,UG4,,,,Uganda,UG,2020/06/11,2020/08/24,
"330",31.772161692,2.231367005,31.972161692,2.031367005,14.75279998230,4.48812844789,Western,UG4,,,,Uganda,UG,2020/06/11,2020/08/24,
"331",31.772161692,2.031367005,31.972161692,1.831367005,14.75279998230,4.48812844789,Western,UG4,,,,Uganda,UG,2020/06/11,2020/08/24,
"359",31.972161692,2.231367005,32.172161692,2.031367005,14.75279998230,4.48812844789,Western,UG4,,,,Uganda,UG,2020/06/11,2020/08/24,
"360",31.972161692,2.031367005,32.172161692,1.831367005,14.75279998230,4.48812844789,Western,UG4,,,,Uganda,UG,2020/06/11,2020/08/24,
"388",32.172161692,2.231367005,32.372161692,2.031367005,14.75279998230,4.48812844789,Western,UG4,,,,Uganda,UG,2020/06/11,2020/08/24,
"389",32.172161692,2.031367005,32.372161692,1.831367005,14.75279998230,4.48812844789,Western,UG4,,,,Uganda,UG,2020/06/11,2020/08/24,
"21",29.572161692,0.231367004999999,29.772161692,0.0313670049999992,14.75279998230,4.48812844789,Western,UG4,,,,Uganda,UG,2020/06/11,2020/08/24,
"22",29.572161692,0.031367004999999,29.772161692,-0.168632995000001,14.75279998230,4.48812844789,Western,UG4,,,,Uganda,UG,2020/06/11,2020/08/24,
"23",29.572161692,-0.168632995000001,29.772161692,-0.368632995000001,14.75279998230,4.48812844789,Western,UG4,,,,Uganda,UG,2020/06/11,2020/08/24,
"24",29.572161692,-0.368632995000001,29.772161692,-0.568632995000001,14.75279998230,4.48812844789,Western,UG4,,,,Uganda,UG,2020/06/11,2020/08/24,
"25",29.572161692,-0.568632995000002,29.772161692,-0.768632995000001,14.75279998230,4.48812844789,Western,UG4,,,,Uganda,UG,2020/06/11,2020/08/24,
"26",29.572161692,-0.768632995000001,29.772161692,-0.968632995000001,14.75279998230,4.48812844789,Western,UG4,,,,Uganda,UG,2020/06/11,2020/08/24,
"27",29.572161692,-0.968632995000001,29.772161692,-1.168632995,14.75279998230,4.48812844789,Western,UG4,,,,Uganda,UG,2020/06/11,2020/08/24,
"28",29.572161692,-1.168632995,29.772161692,-1.368632995,14.75279998230,4.48812844789,Western,UG4,,,,Uganda,UG,2020/06/11,2020/08/24,
"29",29.572161692,-1.368632995,29.772161692,-1.568632995,14.75279998230,4.48812844789,Western,UG4,,,,Uganda,UG,2020/06/11,2020/08/24,
"48",29.772161692,0.631367004999999,29.972161692,0.431367004999999,14.75279998230,4.48812844789,Western,UG4,,,,Uganda,UG,2020/06/11,2020/08/24,
"49",29.772161692,0.431367004999999,29.972161692,0.231367004999999,14.75279998230,4.48812844789,Western,UG4,,,,Uganda,UG,2020/06/11,2020/08/24,
"50",29.772161692,0.231367004999999,29.972161692,0.0313670049999992,14.75279998230,4.48812844789,Western,UG4,,,,Uganda,UG,2020/06/11,2020/08/24,
"51",29.772161692,0.031367004999999,29.972161692,-0.168632995000001,14.75279998230,4.48812844789,Western,UG4,,,,Uganda,UG,2020/06/11,2020/08/24,
"52",29.772161692,-0.168632995000001,29.972161692,-0.368632995000001,14.75279998230,4.48812844789,Western,UG4,,,,Uganda,UG,2020/06/11,2020/08/24,
"53",29.772161692,-0.368632995000001,29.972161692,-0.568632995000001,14.75279998230,4.48812844789,Western,UG4,,,,Uganda,UG,2020/06/11,2020/08/24,
"54",29.772161692,-0.568632995000002,29.972161692,-0.768632995000001,14.75279998230,4.48812844789,Western,UG4,,,,Uganda,UG,2020/06/11,2020/08/24,
"55",29.772161692,-0.768632995000001,29.972161692,-0.968632995000001,14.75279998230,4.48812844789,Western,UG4,,,,Uganda,UG,2020/06/11,2020/08/24,
"56",29.772161692,-0.968632995000001,29.972161692,-1.168632995,14.75279998230,4.48812844789,Western,UG4,,,,Uganda,UG,2020/06/11,2020/08/24,
"57",29.772161692,-1.168632995,29.972161692,-1.368632995,14.75279998230,4.48812844789,Western,UG4,,,,Uganda,UG,2020/06/11,2020/08/24,
"58",29.772161692,-1.368632995,29.972161692,-1.568632995,14.75279998230,4.48812844789,Western,UG4,,,,Uganda,UG,2020/06/11,2020/08/24,
"75",29.972161692,1.031367005,30.172161692,0.831367004999999,14.75279998230,4.48812844789,Western,UG4,,,,Uganda,UG,2020/06/11,2020/08/24,
"76",29.972161692,0.831367004999999,30.172161692,0.631367004999999,14.75279998230,4.48812844789,Western,UG4,,,,Uganda,UG,2020/06/11,2020/08/24,
"77",29.972161692,0.631367004999999,30.172161692,0.431367004999999,14.75279998230,4.48812844789,Western,UG4,,,,Uganda,UG,2020/06/11,2020/08/24,
"78",29.972161692,0.431367004999999,30.172161692,0.231367004999999,14.75279998230,4.48812844789,Western,UG4,,,,Uganda,UG,2020/06/11,2020/08/24,
"79",29.972161692,0.231367004999999,30.172161692,0.0313670049999992,14.75279998230,4.48812844789,Western,UG4,,,,Uganda,UG,2020/06/11,2020/08/24,
"80",29.972161692,0.031367004999999,30.172161692,-0.168632995000001,14.75279998230,4.48812844789,Western,UG4,,,,Uganda,UG,2020/06/11,2020/08/24,
"81",29.972161692,-0.168632995000001,30.172161692,-0.368632995000001,14.75279998230,4.48812844789,Western,UG4,,,,Uganda,UG,2020/06/11,2020/08/24,
"82",29.972161692,-0.368632995000001,30.172161692,-0.568632995000001,14.75279998230,4.48812844789,Western,UG4,,,,Uganda,UG,2020/06/11,2020/08/24,
"83",29.972161692,-0.568632995000002,30.172161692,-0.768632995000001,14.75279998230,4.48812844789,Western,UG4,,,,Uganda,UG,2020/06/11,2020/08/24,
"84",29.972161692,-0.768632995000001,30.172161692,-0.968632995000001,14.75279998230,4.48812844789,Western,UG4,,,,Uganda,UG,2020/06/11,2020/08/24,
"85",29.972161692,-0.968632995000001,30.172161692,-1.168632995,14.75279998230,4.48812844789,Western,UG4,,,,Uganda,UG,2020/06/11,2020/08/24,
"86",29.972161692,-1.168632995,30.172161692,-1.368632995,14.75279998230,4.48812844789,Western,UG4,,,,Uganda,UG,2020/06/11,2020/08/24,
"87",29.972161692,-1.368632995,30.172161692,-1.568632995,14.75279998230,4.48812844789,Western,UG4,,,,Uganda,UG,2020/06/11,2020/08/24,
"103",30.172161692,1.231367005,30.372161692,1.031367005,14.75279998230,4.48812844789,Western,UG4,,,,Uganda,UG,2020/06/11,2020/08/24,
"104",30.172161692,1.031367005,30.372161692,0.831367004999999,14.75279998230,4.48812844789,Western,UG4,,,,Uganda,UG,2020/06/11,2020/08/24,
"105",30.172161692,0.831367004999999,30.372161692,0.631367004999999,14.75279998230,4.48812844789,Western,UG4,,,,Uganda,UG,2020/06/11,2020/08/24,
"106",30.172161692,0.631367004999999,30.372161692,0.431367004999999,14.75279998230,4.48812844789,Western,UG4,,,,Uganda,UG,2020/06/11,2020/08/24,
"107",30.172161692,0.431367004999999,30.372161692,0.231367004999999,14.75279998230,4.48812844789,Western,UG4,,,,Uganda,UG,2020/06/11,2020/08/24,
"108",30.172161692,0.231367004999999,30.372161692,0.0313670049999992,14.75279998230,4.48812844789,Western,UG4,,,,Uganda,UG,2020/06/11,2020/08/24,
"109",30.172161692,0.031367004999999,30.372161692,-0.168632995000001,14.75279998230,4.48812844789,Western,UG4,,,,Uganda,UG,2020/06/11,2020/08/24,
"110",30.172161692,-0.168632995000001,30.372161692,-0.368632995000001,14.75279998230,4.48812844789,Western,UG4,,,,Uganda,UG,2020/06/11,2020/08/24,
"111",30.172161692,-0.368632995000001,30.372161692,-0.568632995000001,14.75279998230,4.48812844789,Western,UG4,,,,Uganda,UG,2020/06/11,2020/08/24,
"112",30.172161692,-0.568632995000002,30.372161692,-0.768632995000001,14.75279998230,4.48812844789,Western,UG4,,,,Uganda,UG,2020/06/11,2020/08/24,
"113",30.172161692,-0.768632995000001,30.372161692,-0.968632995000001,14.75279998230,4.48812844789,Western,UG4,,,,Uganda,UG,2020/06/11,2020/08/24,
"114",30.172161692,-0.968632995000001,30.372161692,-1.168632995,14.75279998230,4.48812844789,Western,UG4,,,,Uganda,UG,2020/06/11,2020/08/24,
"115",30.172161692,-1.168632995,30.372161692,-1.368632995,14.75279998230,4.48812844789,Western,UG4,,,,Uganda,UG,2020/06/11,2020/08/24,
"131",30.372161692,1.431367005,30.572161692,1.231367005,14.75279998230,4.48812844789,Western,UG4,,,,Uganda,UG,2020/06/11,2020/08/24,
"132",30.372161692,1.231367005,30.572161692,1.031367005,14.75279998230,4.48812844789,Western,UG4,,,,Uganda,UG,2020/06/11,2020/08/24,
"133",30.372161692,1.031367005,30.572161692,0.831367004999999,14.75279998230,4.48812844789,Western,UG4,,,,Uganda,UG,2020/06/11,2020/08/24,
"134",30.372161692,0.831367004999999,30.572161692,0.631367004999999,14.75279998230,4.48812844789,Western,UG4,,,,Uganda,UG,2020/06/11,2020/08/24,
"135",30.372161692,0.631367004999999,30.572161692,0.431367004999999,14.75279998230,4.48812844789,Western,UG4,,,,Uganda,UG,2020/06/11,2020/08/24,
"136",30.372161692,0.431367004999999,30.572161692,0.231367004999999,14.75279998230,4.48812844789,Western,UG4,,,,Uganda,UG,2020/06/11,2020/08/24,
"137",30.372161692,0.231367004999999,30.572161692,0.0313670049999992,14.75279998230,4.48812844789,Western,UG4,,,,Uganda,UG,2020/06/11,2020/08/24,
"138",30.372161692,0.031367004999999,30.572161692,-0.168632995000001,14.75279998230,4.48812844789,Western,UG4,,,,Uganda,UG,2020/06/11,2020/08/24,
"139",30.372161692,-0.168632995000001,30.572161692,-0.368632995000001,14.75279998230,4.48812844789,Western,UG4,,,,Uganda,UG,2020/06/11,2020/08/24,
"140",30.372161692,-0.368632995000001,30.572161692,-0.568632995000001,14.75279998230,4.48812844789,Western,UG4,,,,Uganda,UG,2020/06/11,2020/08/24,
"141",30.372161692,-0.568632995000002,30.572161692,-0.768632995000001,14.75279998230,4.48812844789,Western,UG4,,,,Uganda,UG,2020/06/11,2020/08/24,
"142",30.372161692,-0.768632995000001,30.572161692,-0.968632995000001,14.75279998230,4.48812844789,Western,UG4,,,,Uganda,UG,2020/06/11,2020/08/24,
"143",30.372161692,-0.968632995000001,30.572161692,-1.168632995,14.75279998230,4.48812844789,Western,UG4,,,,Uganda,UG,2020/06/11,2020/08/24,
"161",30.572161692,1.231367005,30.772161692,1.031367005,14.75279998230,4.48812844789,Western,UG4,,,,Uganda,UG,2020/06/11,2020/08/24,
"162",30.572161692,1.031367005,30.772161692,0.831367004999999,14.75279998230,4.48812844789,Western,UG4,,,,Uganda,UG,2020/06/11,2020/08/24,
"163",30.572161692,0.831367004999999,30.772161692,0.631367004999999,14.75279998230,4.48812844789,Western,UG4,,,,Uganda,UG,2020/06/11,2020/08/24,
"164",30.572161692,0.631367004999999,30.772161692,0.431367004999999,14.75279998230,4.48812844789,Western,UG4,,,,Uganda,UG,2020/06/11,2020/08/24,
"165",30.572161692,0.431367004999999,30.772161692,0.231367004999999,14.75279998230,4.48812844789,Western,UG4,,,,Uganda,UG,2020/06/11,2020/08/24,
"166",30.572161692,0.231367004999999,30.772161692,0.0313670049999992,14.75279998230,4.48812844789,Western,UG4,,,,Uganda,UG,2020/06/11,2020/08/24,
"167",30.572161692,0.031367004999999,30.772161692,-0.168632995000001,14.75279998230,4.48812844789,Western,UG4,,,,Uganda,UG,2020/06/11,2020/08/24,
"168",30.572161692,-0.168632995000001,30.772161692,-0.368632995000001,14.75279998230,4.48812844789,Western,UG4,,,,Uganda,UG,2020/06/11,2020/08/24,
"169",30.572161692,-0.368632995000001,30.772161692,-0.568632995000001,14.75279998230,4.48812844789,Western,UG4,,,,Uganda,UG,2020/06/11,2020/08/24,
"170",30.572161692,-0.568632995000002,30.772161692,-0.768632995000001,14.75279998230,4.48812844789,Western,UG4,,,,Uganda,UG,2020/06/11,2020/08/24,
"171",30.572161692,-0.768632995000001,30.772161692,-0.968632995000001,14.75279998230,4.48812844789,Western,UG4,,,,Uganda,UG,2020/06/11,2020/08/24,
"172",30.572161692,-0.968632995000001,30.772161692,-1.168632995,14.75279998230,4.48812844789,Western,UG4,,,,Uganda,UG,2020/06/11,2020/08/24,
"190",30.772161692,1.231367005,30.972161692,1.031367005,14.75279998230,4.48812844789,Western,UG4,,,,Uganda,UG,2020/06/11,2020/08/24,
"191",30.772161692,1.031367005,30.972161692,0.831367004999999,14.75279998230,4.48812844789,Western,UG4,,,,Uganda,UG,2020/06/11,2020/08/24,
"192",30.772161692,0.831367004999999,30.972161692,0.631367004999999,14.75279998230,4.48812844789,Western,UG4,,,,Uganda,UG,2020/06/11,2020/08/24,
"193",30.772161692,0.631367004999999,30.972161692,0.431367004999999,14.75279998230,4.48812844789,Western,UG4,,,,Uganda,UG,2020/06/11,2020/08/24,
"194",30.772161692,0.431367004999999,30.972161692,0.231367004999999,14.75279998230,4.48812844789,Western,UG4,,,,Uganda,UG,2020/06/11,2020/08/24,
"195",30.772161692,0.231367004999999,30.972161692,0.0313670049999992,14.75279998230,4.48812844789,Western,UG4,,,,Uganda,UG,2020/06/11,2020/08/24,
"196",30.772161692,0.031367004999999,30.972161692,-0.168632995000001,14.75279998230,4.48812844789,Western,UG4,,,,Uganda,UG,2020/06/11,2020/08/24,
"197",30.772161692,-0.168632995000001,30.972161692,-0.368632995000001,14.75279998230,4.48812844789,Western,UG4,,,,Uganda,UG,2020/06/11,2020/08/24,
"198",30.772161692,-0.368632995000001,30.972161692,-0.568632995000001,14.75279998230,4.48812844789,Western,UG4,,,,Uganda,UG,2020/06/11,2020/08/24,
"199",30.772161692,-0.568632995000002,30.972161692,-0.768632995000001,14.75279998230,4.48812844789,Western,UG4,,,,Uganda,UG,2020/06/11,2020/08/24,
"200",30.772161692,-0.768632995000001,30.972161692,-0.968632995000001,14.75279998230,4.48812844789,Western,UG4,,,,Uganda,UG,2020/06/11,2020/08/24,
"201",30.772161692,-0.968632995000001,30.972161692,-1.168632995,14.75279998230,4.48812844789,Western,UG4,,,,Uganda,UG,2020/06/11,2020/08/24,
"47",29.772161692,0.831367004999999,29.972161692,0.631367004999999,,,Western,,,,,,,,,
"154",30.572161692,2.631367005,30.772161692,2.431367005,,,Northern,,,,,,,,,
