dhsid,dhsyear,dhsclust,adm1name,urban_rura,latnum,longnum,X1996.01.01,X1996.02.01,X1996.03.01,X1996.04.01,X1996.05.01,X1996.06.01,X1996.07.01,X1996.08.01,X1996.09.01,X1996.10.01,X1996.11.01,X1996.12.01,X1997.01.01,X1997.02.01,X1997.03.01,X1997.04.01,X1997.05.01,X1997.06.01,X1997.07.01,X1997.08.01,X1997.09.01,X1997.10.01,X1997.11.01,X1997.12.01,X1998.01.01,X1998.02.01,X1998.03.01,X1998.04.01,X1998.05.01,X1998.06.01,X1998.07.01,X1998.08.01,X1998.09.01,X1998.10.01,X1998.11.01,X1998.12.01,X1999.01.01,X1999.02.01,X1999.03.01,X1999.04.01,X1999.05.01,X1999.06.01,X1999.07.01,X1999.08.01,X1999.09.01,X1999.10.01,X1999.11.01,X1999.12.01,X2000.01.01,X2000.02.01,X2000.03.01,X2000.04.01,X2000.05.01,X2000.06.01,X2000.07.01,X2000.08.01,X2000.09.01,X2000.10.01,X2000.11.01,X2000.12.01,geometry
UG200000000101,2000,101,NULL,R,2.34240626841,32.6413769369,49,40,97,166,171,137,111,220,205,145,93,31,19,0,51,237,94,85,96,126,59,200,188,126,42,26,25,141,170,109,147,178,134,176,108,13,36,6,142,132,132,76,109,200,186,237,76,44,8,7,34,156,146,143,118,168,165,212,73,32,"c(32.6413769369107, 2.34240626841431)"
UG200000000102,2000,102,NULL,R,2.18839338196,32.6586779904,51,50,96,164,173,130,107,210,209,139,98,32,19,0,47,239,97,80,93,123,59,202,206,124,42,33,28,142,173,106,139,168,137,173,115,13,39,7,145,125,141,69,99,187,181,231,83,42,8,10,35,160,152,136,111,161,164,218,78,34,"c(32.6586779904256, 2.1883933819568)"
UG200000000103,2000,103,NULL,R,2.0498846412,32.8716008121,52,65,96,172,182,131,108,217,221,124,96,32,17,0,45,263,103,79,95,135,56,200,218,123,41,42,30,156,185,112,137,175,141,167,116,12,41,9,154,130,153,70,97,193,179,223,82,42,8,13,36,174,163,142,110,164,172,223,78,36,"c(32.8716008121122, 2.04988464119793)"
UG200000000104,2000,104,NULL,R,2.11280641764,32.764045004,51,54,96,165,177,129,108,213,215,133,96,32,18,0,45,246,100,78,95,127,58,203,209,121,41,35,28,145,179,108,141,171,138,172,115,13,40,7,148,125,147,68,99,187,181,231,82,41,8,11,36,165,158,138,112,161,167,221,78,34,"c(32.7640450040411, 2.11280641764387)"
UG200000000105,2000,105,NULL,R,2.1151642156,32.5395083469,52,50,97,161,164,126,98,191,188,140,105,33,23,0,51,230,92,79,89,114,62,196,208,129,46,32,34,143,162,98,128,159,132,166,116,13,40,8,144,123,134,68,91,178,170,218,86,42,8,11,35,154,140,123,104,154,156,215,82,35,"c(32.5395083469006, 2.11516421559818)"
UG200000000106,2000,106,NULL,R,2.24377122876,32.2964201245,53,47,101,158,166,126,97,183,180,153,111,31,29,0,60,216,90,81,90,105,67,196,200,131,52,29,36,137,163,90,130,152,131,169,115,13,40,9,141,125,128,72,95,180,178,215,85,43,8,10,35,143,134,114,106,154,159,216,84,33,"c(32.2964201244854, 2.2437712287617)"
UG200000000107,2000,107,NULL,R,2.20274736345,32.557902681,52,46,98,164,164,131,103,201,194,146,102,32,23,0,52,231,90,82,92,115,62,199,200,129,47,30,30,140,163,100,136,162,132,172,114,13,39,7,141,127,130,72,99,186,179,225,83,43,8,9,34,154,139,129,110,159,160,216,80,34,"c(32.5579026810165, 2.20274736344536)"
UG200000000108,2000,108,NULL,R,2.50252362348,32.5350336851,47,35,98,169,179,145,117,213,196,158,96,30,20,0,58,235,96,90,103,125,61,205,182,132,43,23,27,147,174,111,155,181,133,183,105,14,32,6,140,140,131,84,121,207,188,245,73,46,7,6,33,151,145,144,127,168,165,215,74,31,"c(32.5350336851042, 2.50252362348298)"
UG200000000202,2000,202,NULL,U,3.02859209382,30.9228948141,38,36,96,123,127,154,96,145,177,283,145,23,40,0,88,175,84,98,98,112,87,243,221,121,56,26,61,122,134,106,179,155,152,225,118,10,13,13,107,108,96,108,151,210,213,244,77,38,5,4,30,83,95,108,119,156,146,285,96,22,"c(30.9228948141355, 3.0285920938196)"
UG200000000203,2000,203,NULL,R,3.56763032773,31.2806554156,34,23,87,149,153,161,104,157,158,251,101,12,21,0,71,188,91,90,99,114,74,244,161,87,33,15,40,130,143,125,172,148,126,212,88,6,9,9,83,114,109,126,157,200,195,238,51,23,3,2,22,81,121,132,124,140,135,255,64,11,"c(31.2806554155759, 3.56763032772562)"
UG200000000204,2000,204,NULL,R,3.02511404707,30.9261319397,38,36,96,123,127,154,96,145,177,283,145,23,40,0,88,175,84,98,98,112,87,243,221,121,56,26,61,122,134,106,179,155,152,225,118,10,13,13,107,108,96,108,151,210,213,244,77,38,5,4,30,83,95,108,119,156,146,285,96,22,"c(30.9261319397012, 3.02511404706571)"
UG200000000206,2000,206,NULL,R,2.67647710187,31.2173642741,37,29,82,114,128,108,66,103,127,204,135,22,44,0,72,165,82,70,68,74,63,180,191,105,57,23,49,117,134,67,120,112,111,167,105,10,17,9,98,104,97,70,93,143,148,193,74,35,5,4,27,85,93,74,81,112,107,209,88,22,"c(31.2173642740663, 2.67647710186826)"
UG200000000207,2000,207,NULL,R,3.32699774538,30.9015252525,49,34,109,154,137,167,103,167,191,298,131,21,39,0,96,210,90,101,105,131,92,268,207,127,58,23,63,144,140,124,192,170,158,240,110,9,13,14,111,126,103,128,172,238,234,256,66,35,5,3,31,92,108,126,131,168,158,300,85,18,"c(30.901525252515, 3.3269977453785)"
UG200000000208,2000,208,NULL,R,3.15789840231,31.1713497843,34,29,90,134,131,135,82,139,152,244,123,20,30,0,80,180,82,84,81,102,72,219,186,111,44,20,50,124,133,94,146,142,128,201,102,9,11,10,99,112,95,97,128,190,183,221,64,34,4,3,27,85,98,101,99,139,128,248,80,19,"c(31.1713497843035, 3.15789840230804)"
UG200000000209,2000,209,NULL,R,2.88510936386,31.0070241736,36,31,87,112,119,132,81,129,154,248,138,23,41,0,79,161,78,85,84,97,76,213,205,113,56,24,55,113,127,87,151,139,134,199,111,10,14,11,101,100,90,90,125,185,184,220,75,37,5,4,29,78,88,91,101,140,128,251,91,21,"c(31.0070241735523, 2.88510936386494)"
UG200000000401,2000,401,NULL,U,-0.534150657251,30.1787821564,137,110,139,107,49,62,57,135,184,173,182,112,111,7,87,175,110,57,47,60,48,154,228,203,134,105,135,116,107,32,27,64,124,204,113,72,90,38,139,60,48,6,4,145,137,164,185,110,54,71,120,137,76,18,16,59,108,214,188,135,"c(30.1787821564327, -0.534150657250673)"
UG200000000402,2000,402,NULL,R,-0.295160875037,30.3424033306,136,104,135,102,61,56,47,135,167,172,170,92,93,10,80,183,117,52,42,61,49,138,224,177,113,94,131,123,115,37,23,62,105,186,106,59,73,35,130,65,55,8,8,135,122,160,175,95,47,65,105,143,83,23,16,59,103,207,169,113,"c(30.3424033306438, -0.295160875036532)"
UG200000000403,2000,403,NULL,R,-0.214533867096,30.2128214291,86,76,112,99,66,48,34,110,155,147,134,70,58,5,69,184,118,44,31,50,45,111,182,141,70,69,110,119,116,32,18,47,98,151,88,49,45,27,111,61,57,7,6,110,111,129,137,78,27,47,84,141,82,19,14,49,90,169,134,89,"c(30.2128214290772, -0.214533867095858)"
UG200000000404,2000,404,NULL,R,-0.617767142412,30.144266262,131,107,130,108,48,59,63,129,176,160,179,113,112,7,83,170,114,54,50,57,44,149,221,201,136,104,127,114,111,29,29,62,121,196,109,71,91,37,131,58,49,5,4,140,132,155,183,107,55,70,117,134,80,16,16,55,103,203,188,135,"c(30.1442662619859, -0.617767142411521)"
UG200000000405,2000,405,NULL,R,-0.578473719291,30.2610138076,130,101,129,112,49,53,61,123,165,154,171,105,102,8,80,181,114,50,49,54,43,139,213,189,127,99,125,121,111,27,27,60,110,186,105,65,83,34,126,62,49,5,5,130,123,150,176,100,52,67,113,143,80,15,15,52,98,195,179,126,"c(30.2610138076412, -0.57847371929149)"
UG200000000406,2000,406,NULL,R,-0.790075733052,30.1900128329,108,103,113,102,36,41,70,96,138,125,162,104,101,8,72,152,98,38,52,42,33,128,193,177,125,105,110,103,96,18,30,49,97,166,96,62,83,35,113,53,41,2,2,107,105,128,167,93,52,70,108,121,69,9,13,40,82,167,174,122,"c(30.1900128328814, -0.790075733051554)"
UG200000000407,2000,407,NULL,R,-0.70509601184,30.0487529489,123,107,123,99,38,53,53,119,155,146,174,110,116,7,79,151,95,48,41,53,38,141,211,191,139,105,120,103,93,24,24,58,111,183,105,68,95,38,125,52,41,4,2,136,118,141,176,102,57,70,113,119,66,13,12,52,92,186,183,130,"c(30.0487529488715, -0.705096011840337)"
UG200000000408,2000,408,NULL,R,-0.670748940254,30.1133618469,127,108,127,106,44,56,57,125,163,152,177,111,114,7,81,164,106,51,45,55,40,144,217,194,137,106,124,110,103,26,26,61,114,188,107,69,93,38,128,57,46,4,3,139,123,147,180,104,56,71,116,129,74,14,14,54,96,193,186,131,"c(30.1133618469136, -0.670748940254183)"
UG200000000409,2000,409,NULL,R,-1.03300510515,30.0417681472,99,113,121,115,45,49,45,96,130,115,146,99,114,10,80,171,118,40,28,38,31,128,174,162,134,123,119,123,127,21,18,47,93,153,87,62,94,38,128,64,48,2,1,111,100,113,147,92,53,74,115,133,80,9,8,38,76,148,158,117,"c(30.0417681471924, -1.03300510514757)"
UG200000000410,2000,410,NULL,R,-0.508090256758,30.4407568792,118,90,121,115,52,47,46,111,145,140,155,88,90,12,71,183,112,43,39,52,42,125,198,160,114,90,117,131,111,27,21,56,96,166,93,52,72,29,115,65,50,5,7,116,108,139,164,83,48,57,102,145,81,16,12,48,93,179,159,104,"c(30.4407568792178, -0.508090256757791)"
UG200000000601,2000,601,NULL,R,1.31539703372,31.4462069977,81,72,132,138,139,98,71,131,151,178,155,45,68,4,90,205,95,75,75,91,89,209,261,151,90,51,123,183,109,73,82,102,142,167,89,22,52,24,151,113,132,55,58,155,133,209,150,55,18,25,48,154,106,75,69,126,138,249,119,56,"c(31.4462069977423, 1.3153970337224)"
UG200000000602,2000,602,NULL,R,1.48398708748,31.4237058531,70,66,127,150,158,114,74,125,156,201,156,41,64,2,90,216,108,85,78,87,95,214,258,148,86,46,110,176,136,79,95,106,147,178,104,21,46,23,153,117,146,63,57,153,152,223,141,52,13,22,47,155,123,83,76,129,144,263,119,51,"c(31.4237058531464, 1.48398708747703)"
UG200000000603,2000,603,NULL,R,1.35808932682,31.3291472626,78,65,129,138,144,106,75,130,147,207,160,46,71,2,96,206,102,77,78,89,88,213,260,156,91,46,121,173,123,76,88,90,134,181,94,25,51,24,153,108,134,56,58,159,140,221,150,58,16,22,48,148,108,77,73,125,133,271,123,58,"c(31.3291472625994, 1.35808932681682)"
UG200000000701,2000,701,NULL,U,0.781845380212,33.6246715939,85,99,139,175,161,94,78,140,149,97,116,36,46,10,77,275,109,54,75,128,38,184,236,185,94,64,103,195,143,91,67,149,100,119,94,27,82,8,229,134,161,46,70,147,115,156,91,75,27,25,60,176,137,91,65,132,136,227,83,83,"c(33.6246715939376, 0.781845380212185)"
UG200000000702,2000,702,NULL,U,0.610218832125,33.4552420738,108,100,173,169,158,90,75,123,149,110,139,44,63,14,94,269,110,59,68,118,49,212,275,200,117,70,147,221,125,92,52,146,119,132,92,30,98,18,244,155,164,54,81,140,117,176,131,82,36,28,71,186,127,89,59,122,147,254,105,98,"c(33.4552420738167, 0.610218832124778)"
UG200000000703,2000,703,NULL,R,0.658249876413,33.6840705681,101,107,158,196,164,90,78,134,162,109,129,39,57,12,88,304,113,55,76,124,43,207,256,196,113,69,118,223,142,86,65,146,110,132,98,30,92,12,245,154,163,47,74,146,128,175,108,82,33,27,66,194,138,86,64,131,150,251,93,91,"c(33.684070568111, 0.65824987641294)"
UG200000000704,2000,704,NULL,R,0.743227266828,33.6772144718,91,104,145,185,161,94,78,140,154,100,119,36,50,10,81,289,110,55,76,127,38,189,241,189,101,66,106,204,143,90,68,148,102,122,96,28,85,9,237,140,159,46,70,148,120,160,94,78,29,26,63,182,136,90,65,133,141,232,85,85,"c(33.6772144718418, 0.743227266827805)"
UG200000000705,2000,705,NULL,R,0.210337601498,33.9172005752,91,110,188,179,139,58,39,67,100,83,136,37,59,12,103,271,97,47,39,59,27,161,256,191,119,75,129,200,115,57,30,67,74,106,87,33,74,20,234,155,127,40,41,73,79,141,140,87,35,29,71,163,113,53,30,73,91,172,99,99,"c(33.9172005751725, 0.210337601498491)"
UG200000000708,2000,708,NULL,R,0.389857148411,33.4691493491,140,129,198,192,178,93,69,93,135,118,165,54,84,20,106,298,124,66,65,91,48,231,317,233,149,92,170,263,130,93,46,113,112,140,93,37,111,32,248,186,178,61,84,113,107,192,172,99,48,36,77,206,136,89,53,97,138,269,125,121,"c(33.469149349068, 0.389857148411161)"
UG200000000709,2000,709,NULL,R,0.381310560401,33.5496676756,138,127,197,196,174,89,70,95,139,119,161,52,83,19,106,302,122,63,67,92,48,232,308,230,149,90,167,261,130,88,48,115,112,142,93,37,110,30,250,185,173,58,83,115,111,193,166,99,47,35,77,206,134,85,54,99,140,270,121,119,"c(33.5496676755974, 0.381310560401082)"
UG200000000710,2000,710,NULL,R,0.754279970046,33.6826427726,91,104,145,185,161,94,78,140,154,100,119,36,50,10,81,289,110,55,76,127,38,189,241,189,101,66,106,204,143,90,68,148,102,122,96,28,85,9,237,140,159,46,70,148,120,160,94,78,29,26,63,182,136,90,65,133,141,232,85,85,"c(33.6826427726463, 0.754279970046476)"
UG200000000711,2000,711,NULL,R,0,0,NA,NA,NA,NA,NA,NA,NA,NA,NA,NA,NA,NA,NA,NA,NA,NA,NA,NA,NA,NA,NA,NA,NA,NA,NA,NA,NA,NA,NA,NA,NA,NA,NA,NA,NA,NA,NA,NA,NA,NA,NA,NA,NA,NA,NA,NA,NA,NA,NA,NA,NA,NA,NA,NA,NA,NA,NA,NA,NA,NA,"c(0.000000000000000333066907387547, -0.00000000000000155431223447522)"
UG200000000712,2000,712,NULL,R,0.75125803104,33.4318850133,93,95,151,162,151,86,77,131,145,103,126,39,53,12,83,260,105,54,69,123,46,195,252,184,103,65,126,202,125,89,55,150,112,124,92,26,92,12,230,141,159,49,75,142,114,163,110,74,30,26,64,178,125,87,61,125,140,238,94,86,"c(33.4318850132892, 0.751258031040236)"
UG200000000713,2000,713,NULL,R,0.678771855349,33.489507156,95,97,159,169,152,89,78,131,151,105,129,40,54,12,88,269,105,56,71,124,47,200,257,188,105,66,130,209,126,90,57,150,115,127,93,28,91,13,240,146,158,50,78,145,119,167,113,76,31,26,67,182,126,88,62,127,146,243,96,89,"c(33.4895071560188, 0.678771855348928)"
UG200000000714,2000,714,NULL,R,0.718612434005,33.3380524689,106,103,165,162,157,86,77,126,146,114,137,43,61,15,91,264,109,56,67,121,51,217,273,190,115,73,145,217,124,92,50,151,122,136,93,27,103,17,240,152,168,52,80,141,115,180,128,76,35,29,69,187,127,88,60,122,147,262,104,92,"c(33.3380524689269, 0.718612434004524)"
UG200000000801,2000,801,NULL,U,0.512655746258,33.2804696078,143,129,204,168,154,91,71,100,139,126,174,54,86,22,106,275,106,64,61,99,53,250,345,221,147,97,185,251,109,97,42,127,125,151,98,32,124,32,258,178,161,60,86,120,106,204,181,91,47,38,81,201,115,90,53,100,146,296,136,115,"c(33.2804696077806, 0.512655746258157)"
UG200000000802,2000,802,NULL,U,0.440454425078,33.2100142458,152,148,217,171,157,87,61,83,132,125,185,59,92,27,109,281,107,63,52,83,52,255,368,231,150,112,198,269,106,92,35,109,122,150,94,34,123,43,256,191,161,59,79,103,98,207,203,95,49,44,84,207,113,85,45,85,142,299,146,123,"c(33.2100142458297, 0.440454425077934)"
UG200000000803,2000,803,NULL,U,0.428140239447,33.2042478926,152,148,217,171,157,87,61,83,132,125,185,59,92,27,109,281,107,63,52,83,52,255,368,231,150,112,198,269,106,92,35,109,122,150,94,34,123,43,256,191,161,59,79,103,98,207,203,95,49,44,84,207,113,85,45,85,142,299,146,123,"c(33.2042478926396, 0.428140239446784)"
UG200000000804,2000,804,NULL,U,0.41700523191,33.2099672256,152,148,217,171,157,87,61,83,132,125,185,59,92,27,109,281,107,63,52,83,52,255,368,231,150,112,198,269,106,92,35,109,122,150,94,34,123,43,256,191,161,59,79,103,98,207,203,95,49,44,84,207,113,85,45,85,142,299,146,123,"c(33.2099672255936, 0.417005231909659)"
UG200000000805,2000,805,NULL,U,0.461426904949,33.2223282737,151,140,213,172,159,90,66,94,139,129,182,57,91,25,108,284,109,65,57,93,55,261,363,225,150,106,194,267,110,96,38,122,129,155,97,33,126,39,258,189,165,61,83,115,105,212,197,92,49,42,83,209,117,89,49,95,149,307,144,118,"c(33.2223282736587, 0.461426904948598)"
UG200000000806,2000,806,NULL,U,0.43522171539,33.2009775485,152,148,217,171,157,87,61,83,132,125,185,59,92,27,109,281,107,63,52,83,52,255,368,231,150,112,198,269,106,92,35,109,122,150,94,34,123,43,256,191,161,59,79,103,98,207,203,95,49,44,84,207,113,85,45,85,142,299,146,123,"c(33.2009775485164, 0.435221715390357)"
UG200000000807,2000,807,NULL,U,0.568568228861,33.2150917559,148,129,205,166,162,91,74,101,139,128,168,54,88,22,107,275,112,63,63,100,54,253,335,221,152,97,188,250,116,98,43,129,127,154,97,31,132,32,264,177,171,60,88,120,106,207,175,89,48,38,82,202,123,91,55,100,146,301,132,113,"c(33.2150917558919, 0.568568228860759)"
UG200000000808,2000,808,NULL,U,0.427956579467,33.21399954,152,148,217,171,157,87,61,83,132,125,185,59,92,27,109,281,107,63,52,83,52,255,368,231,150,112,198,269,106,92,35,109,122,150,94,34,123,43,256,191,161,59,79,103,98,207,203,95,49,44,84,207,113,85,45,85,142,299,146,123,"c(33.2139995400097, 0.427956579467345)"
UG200000000809,2000,809,NULL,R,0.505037351336,33.2058246301,151,135,208,169,160,91,70,98,138,129,177,56,91,23,107,280,111,64,60,96,54,258,353,224,153,101,191,259,113,97,41,125,127,155,98,32,131,35,260,184,168,61,86,118,104,210,188,91,49,40,82,206,120,91,53,98,146,305,139,116,"c(33.2058246301397, 0.50503735133564)"
UG200000000810,2000,810,NULL,R,0.568568009087,33.2264512281,148,129,205,166,162,91,74,101,139,128,168,54,88,22,107,275,112,63,63,100,54,253,335,221,152,97,188,250,116,98,43,129,127,154,97,31,132,32,264,177,171,60,88,120,106,207,175,89,48,38,82,202,123,91,55,100,146,301,132,113,"c(33.226451228066, 0.568568009086547)"
UG200000000901,2000,901,NULL,U,-1.2669297345,30.0051012059,86,115,125,122,51,49,32,73,117,102,130,94,111,13,85,180,136,38,17,27,28,126,155,151,131,134,124,134,156,20,12,35,82,142,79,61,92,37,135,73,54,1,0,84,91,102,131,90,50,75,121,136,90,7,4,26,67,134,143,113,"c(30.0051012058955, -1.26692973450484)"
UG200000000902,2000,902,NULL,U,-1.2692087034,29.9742230526,88,117,127,124,51,48,31,76,119,106,135,96,116,13,87,185,132,37,17,28,29,131,160,153,135,137,126,136,151,20,12,37,85,147,82,62,96,38,138,75,52,1,0,89,93,105,136,91,51,77,123,140,87,7,4,28,68,138,148,115,"c(29.9742230525943, -1.26920870339866)"
UG200000000903,2000,903,NULL,R,-1.37804552446,29.9800142491,88,120,131,132,51,44,30,73,120,105,132,92,120,14,89,196,129,34,15,27,29,133,157,149,138,141,132,142,150,19,11,34,88,146,82,62,99,37,145,82,52,1,0,84,94,103,133,90,52,78,128,146,85,6,4,25,68,136,146,112,"c(29.980014249106, -1.37804552446148)"
UG200000000904,2000,904,NULL,R,-1.19205106665,29.9518774987,95,120,131,122,49,51,40,90,132,118,146,100,123,12,89,183,126,39,23,34,32,142,173,159,142,138,129,133,141,21,16,44,95,162,87,64,102,40,142,74,50,1,1,107,104,116,146,94,54,79,126,139,84,8,6,34,77,152,158,119,"c(29.9518774986861, -1.19205106664511)"
UG200000000905,2000,905,NULL,R,-1.04592260473,29.8113115125,105,125,141,134,55,64,54,114,150,130,158,107,135,10,97,200,131,50,33,45,37,147,189,172,151,138,139,142,144,26,23,54,111,170,94,70,112,43,155,79,54,2,1,142,118,122,157,100,58,82,135,153,89,11,10,47,87,161,168,127,"c(29.8113115125067, -1.04592260473162)"
UG200000000906,2000,906,NULL,R,-1.10808010092,30.0311750259,97,116,124,121,50,50,43,91,129,113,142,99,116,11,83,179,132,41,25,35,31,130,169,161,137,129,122,130,145,21,17,44,92,153,85,63,96,39,132,69,53,2,1,105,100,112,143,93,53,77,119,138,89,9,7,35,75,146,154,118,"c(30.0311750258649, -1.10808010091601)"
UG200000000908,2000,908,NULL,U,-1.28310528026,30.0040421476,86,115,125,122,51,49,32,73,117,102,130,94,111,13,85,180,136,38,17,27,28,126,155,151,131,134,124,134,156,20,12,35,82,142,79,61,92,37,135,73,54,1,0,84,91,102,131,90,50,75,121,136,90,7,4,26,67,134,143,113,"c(30.0040421475518, -1.28310528025887)"
UG200000000909,2000,909,NULL,R,-1.36809283324,30.0940306878,80,114,122,123,52,42,26,61,99,93,120,86,105,14,82,181,140,33,13,22,23,118,142,142,125,132,123,133,161,18,9,29,70,131,74,57,87,35,133,73,56,1,0,67,77,93,121,85,48,73,118,135,90,6,3,20,56,123,133,105,"c(30.0940306877637, -1.36809283324374)"
UG200000000910,2000,910,NULL,R,-1.308647173,29.8968156062,90,122,135,127,50,48,35,82,126,113,140,95,125,14,93,191,124,37,19,30,31,142,166,152,142,144,135,138,143,20,14,39,93,156,85,64,103,39,150,81,49,1,0,98,100,109,140,92,54,80,132,143,83,7,5,30,71,145,153,115,"c(29.8968156062052, -1.30864717299687)"
UG200000000911,2000,911,NULL,R,-1.1819591186,30.1016849447,87,113,119,114,41,41,33,71,112,99,129,92,105,13,79,168,114,33,18,27,26,118,153,149,126,129,118,125,128,17,13,35,77,138,78,58,87,37,126,65,46,1,0,80,86,100,131,87,49,75,114,129,75,7,4,26,65,131,142,110,"c(30.1016849447256, -1.18195911859644)"
UG200000001001,2000,1001,NULL,U,0,0,NA,NA,NA,NA,NA,NA,NA,NA,NA,NA,NA,NA,NA,NA,NA,NA,NA,NA,NA,NA,NA,NA,NA,NA,NA,NA,NA,NA,NA,NA,NA,NA,NA,NA,NA,NA,NA,NA,NA,NA,NA,NA,NA,NA,NA,NA,NA,NA,NA,NA,NA,NA,NA,NA,NA,NA,NA,NA,NA,NA,"c(0.000000000000000333066907387547, -0.00000000000000155431223447522)"
UG200000001002,2000,1002,NULL,U,0.655037820712,30.2883361877,104,78,166,121,116,78,63,156,202,291,166,65,78,3,122,254,127,62,69,90,86,218,286,204,108,76,169,170,145,70,53,63,146,268,121,56,57,34,182,98,97,28,24,165,159,255,187,99,27,40,97,185,100,51,50,98,145,347,173,97,"c(30.288336187734, 0.655037820712034)"
UG200000001003,2000,1003,NULL,R,0.508929858653,30.224788148,116,79,161,117,100,64,56,160,199,270,167,76,86,3,113,243,120,53,61,90,75,194,282,220,115,78,164,162,132,58,44,63,140,249,125,65,62,36,173,87,82,21,18,165,150,230,188,112,31,43,97,179,89,41,43,94,132,314,177,111,"c(30.2247881479891, 0.508929858653324)"
UG200000001004,2000,1004,NULL,R,0.675129026878,30.1962833142,106,81,169,122,123,79,68,167,197,275,157,66,83,2,127,260,137,64,77,97,83,202,277,207,114,82,172,173,155,72,60,69,146,253,119,57,60,37,186,97,103,29,24,182,158,237,179,100,28,41,99,185,106,51,56,108,139,327,169,97,"c(30.1962833142492, 0.675129026877991)"
UG200000001005,2000,1005,NULL,R,0.597953717825,30.2711977921,111,80,169,120,112,74,61,154,203,292,167,69,82,3,122,252,126,59,67,88,83,214,288,211,114,79,171,168,142,66,50,62,147,268,124,59,60,36,183,94,93,26,22,162,158,253,189,104,29,42,99,184,98,48,48,95,142,345,176,102,"c(30.271197792096, 0.597953717824653)"
UG200000001006,2000,1006,NULL,R,0.428540072176,30.4261127289,93,67,123,92,86,58,52,135,175,223,145,67,64,5,82,188,102,47,55,73,66,168,235,184,88,60,125,131,113,52,37,51,116,209,99,52,49,27,131,73,71,19,19,130,127,198,161,94,26,36,75,144,79,39,37,74,122,262,144,95,"c(30.4261127288907, 0.428540072176093)"
UG200000001007,2000,1007,NULL,R,0.29569343593,30.4596231268,91,71,117,89,76,52,49,131,166,199,138,66,60,7,73,181,96,44,52,69,59,148,219,169,82,61,119,129,104,47,32,48,106,189,92,50,47,28,123,70,62,16,17,122,116,176,153,89,26,39,73,142,74,35,33,67,114,232,136,92,"c(30.459623126777, 0.295693435930273)"
UG200000001008,2000,1008,NULL,R,-0.0871517903144,30.3615873617,107,97,137,110,83,61,52,143,172,180,159,80,71,9,82,210,135,55,49,69,53,135,226,172,89,86,135,143,136,47,28,60,108,181,104,56,54,36,135,74,71,12,12,138,122,161,168,93,33,59,97,164,96,31,25,66,107,210,157,104,"c(30.3615873616793, -0.0871517903144201)"
UG200000001009,2000,1009,NULL,R,0.63631999725,30.9207026209,94,65,138,109,102,70,68,157,155,201,141,53,67,9,95,204,96,52,71,90,75,196,231,153,98,53,139,156,114,59,52,64,110,195,78,35,57,24,151,106,87,33,40,156,130,206,157,70,27,32,76,160,89,51,49,98,137,259,124,73,"c(30.9207026209144, 0.636319997250451)"
UG200000001010,2000,1010,NULL,R,0.692001763919,30.4852138203,93,69,149,119,119,82,63,160,194,263,159,60,68,5,110,246,124,63,68,91,87,211,266,187,97,63,151,166,144,71,52,64,139,243,106,48,52,28,165,105,99,32,27,165,156,240,177,89,25,35,86,184,103,55,48,101,149,316,157,88,"c(30.4852138203351, 0.692001763919313)"
UG200000001011,2000,1011,NULL,R,0.708807667047,30.6414176138,90,63,137,105,109,79,68,169,184,235,150,56,64,6,99,213,111,59,72,93,85,201,243,171,92,54,139,145,130,66,55,65,128,219,91,42,49,23,153,99,91,32,32,167,147,223,165,80,24,31,79,163,95,54,50,105,147,284,140,81,"c(30.6414176137502, 0.70880766704676)"
UG200000001012,2000,1012,NULL,R,0.479162772709,30.6222622327,94,65,118,90,85,60,61,156,182,224,147,63,63,7,79,182,97,48,64,83,74,180,234,174,90,55,120,129,110,52,43,59,119,213,92,46,50,25,128,79,70,22,25,147,135,207,162,86,27,34,71,142,79,41,42,87,136,269,140,88,"c(30.622262232654, 0.479162772709129)"
UG200000001101,2000,1101,NULL,R,-0.377074304202,32.3807837749,260,255,374,276,362,130,90,99,110,93,169,162,204,89,186,449,231,149,87,102,57,215,389,370,274,233,359,482,256,184,45,112,108,132,75,61,185,109,345,366,314,134,167,142,76,169,300,172,115,94,169,339,257,155,55,98,130,232,177,248,"c(32.3807837749171, -0.377074304201625)"
UG200000001102,2000,1102,NULL,R,-0.544341639599,32.2327147165,219,227,341,283,335,101,66,82,105,88,148,150,189,80,166,439,214,119,70,90,56,197,348,311,253,224,329,489,243,151,35,95,102,125,69,59,164,98,286,343,268,105,128,121,78,158,271,157,110,88,159,326,231,121,41,81,117,206,162,223,"c(32.2327147164687, -0.544341639598765)"
UG200000001201,2000,1201,NULL,U,0.52632501665,32.9787305376,150,129,189,148,158,78,65,92,124,104,158,60,91,25,93,261,108,57,57,91,50,233,325,217,143,94,178,250,106,85,42,123,118,138,86,27,126,40,218,176,165,56,91,119,87,186,186,84,47,39,71,188,116,84,51,93,134,272,131,113,"c(32.9787305375562, 0.526325016649652)"
UG200000001202,2000,1202,NULL,U,0.568060656296,32.9812330351,147,127,184,150,155,77,68,95,128,103,153,57,89,24,91,266,106,56,59,94,51,231,316,209,141,93,174,252,105,84,44,127,121,138,87,26,126,38,217,176,162,54,91,123,90,184,177,80,46,38,70,191,115,83,53,96,137,271,126,107,"c(32.9812330350916, 0.568060656295919)"
UG200000001204,2000,1204,NULL,U,0.308850566954,32.559614016,161,129,207,140,168,72,59,86,116,93,152,78,108,34,103,256,115,67,53,81,49,225,306,215,151,98,206,266,110,87,35,109,116,136,62,29,121,50,207,192,177,68,101,118,76,181,211,84,58,43,79,194,126,90,46,81,134,258,130,118,"c(32.5596140159585, 0.308850566953519)"
UG200000001205,2000,1205,NULL,U,0.527777519368,32.9445288522,153,126,190,150,155,81,67,91,126,102,155,62,93,25,93,268,106,60,59,89,51,236,322,218,145,92,180,258,103,88,43,122,120,139,84,27,128,40,216,181,162,58,95,119,87,187,185,84,48,39,71,193,114,87,53,91,136,274,130,113,"c(32.9445288522014, 0.527777519368193)"
UG200000001206,2000,1206,NULL,U,0.343371092314,32.5553232224,153,125,197,132,151,72,57,90,121,94,151,75,101,32,97,240,104,66,51,85,50,227,306,213,143,95,196,249,99,87,35,115,121,137,64,28,116,48,199,178,160,66,95,123,79,183,208,82,53,42,75,182,113,89,44,86,138,260,130,115,"c(32.5553232223889, 0.343371092314187)"
UG200000001207,2000,1207,NULL,U,0.378677678898,32.5666607292,155,114,197,131,146,72,64,86,126,91,146,73,100,28,96,241,100,63,57,82,52,224,299,215,143,85,194,247,95,84,40,114,125,134,65,27,120,43,201,176,154,63,104,118,82,179,197,82,52,37,73,179,108,87,50,84,142,257,126,115,"c(32.5666607292386, 0.378677678898338)"
UG200000001208,2000,1208,NULL,U,0.630168192992,32.921593108,134,117,172,150,143,75,67,100,125,95,140,53,80,21,84,272,97,53,59,99,51,223,294,196,127,84,163,257,96,82,46,135,120,133,85,22,118,35,205,176,150,52,89,131,87,176,161,73,40,35,65,192,107,82,54,100,133,260,117,98,"c(32.9215931080132, 0.630168192992218)"
UG200000001209,2000,1209,NULL,U,0.584558358019,32.9619821099,141,123,178,154,151,78,68,98,129,101,145,56,84,23,87,276,102,56,59,97,52,231,303,204,134,89,168,261,102,85,45,132,123,138,85,24,123,36,211,180,158,55,91,127,90,183,168,77,43,37,67,197,112,85,54,98,138,270,121,103,"c(32.9619821098799, 0.584558358018989)"
UG200000001210,2000,1210,NULL,U,0.321522204921,32.5647915485,164,119,205,137,162,76,63,88,129,94,152,76,107,30,100,251,111,67,57,84,54,231,310,220,151,89,203,258,105,89,39,116,128,138,65,28,125,45,207,186,170,68,106,121,84,184,208,85,57,39,76,188,119,92,50,86,147,265,131,120,"c(32.5647915485276, 0.321522204920875)"
UG200000001211,2000,1211,NULL,U,0.350483379479,32.5831735467,164,119,205,137,162,76,63,88,129,94,152,76,107,30,100,251,111,67,57,84,54,231,310,220,151,89,203,258,105,89,39,116,128,138,65,28,125,45,207,186,170,68,106,121,84,184,208,85,57,39,76,188,119,92,50,86,147,265,131,120,"c(32.5831735467055, 0.350483379478853)"
UG200000001212,2000,1212,NULL,U,0.348285913042,32.5796009566,164,119,205,137,162,76,63,88,129,94,152,76,107,30,100,251,111,67,57,84,54,231,310,220,151,89,203,258,105,89,39,116,128,138,65,28,125,45,207,186,170,68,106,121,84,184,208,85,57,39,76,188,119,92,50,86,147,265,131,120,"c(32.5796009566124, 0.348285913041655)"
UG200000001213,2000,1213,NULL,U,0.258977890068,32.635763136,189,135,226,147,159,69,62,72,107,89,159,85,127,36,112,268,110,63,55,68,44,219,322,235,174,101,224,277,103,82,35,94,104,129,62,32,140,53,221,207,167,65,110,100,68,174,226,94,69,45,84,202,116,84,47,71,124,252,138,133,"c(32.6357631359914, 0.258977890068392)"
UG200000001214,2000,1214,NULL,U,0.510347929552,32.9989293191,150,129,189,148,158,78,65,92,124,104,158,60,91,25,93,261,108,57,57,91,50,233,325,217,143,94,178,250,106,85,42,123,118,138,86,27,126,40,218,176,165,56,91,119,87,186,186,84,47,39,71,188,116,84,51,93,134,272,131,113,"c(32.998929319148, 0.51034792955185)"
UG200000001215,2000,1215,NULL,U,0.293246754084,32.5813459584,177,128,216,152,186,78,69,89,130,96,158,80,117,33,107,279,128,71,62,84,54,236,320,227,164,96,215,288,121,93,41,117,128,141,65,30,134,49,216,210,196,72,118,123,84,189,219,89,63,42,81,210,137,96,53,87,149,271,136,125,"c(32.5813459583899, 0.293246754084317)"
UG200000001216,2000,1216,NULL,U,0.523329275871,33.0019166339,150,129,189,148,158,78,65,92,124,104,158,60,91,25,93,261,108,57,57,91,50,233,325,217,143,94,178,250,106,85,42,123,118,138,86,27,126,40,218,176,165,56,91,119,87,186,186,84,47,39,71,188,116,84,51,93,134,272,131,113,"c(33.0019166339042, 0.523329275871085)"
UG200000001217,2000,1217,NULL,U,0.483596702187,32.9548258041,160,131,199,151,164,84,68,91,125,105,161,64,99,26,97,268,112,64,60,89,51,243,333,223,151,96,189,261,108,92,43,122,120,143,84,28,131,43,222,185,170,62,98,119,87,193,196,87,51,40,74,194,119,92,53,91,137,282,135,117,"c(32.9548258041377, 0.483596702186992)"
UG200000001218,2000,1218,NULL,U,0.306692787366,32.5931358231,177,128,216,152,186,78,69,89,130,96,158,80,117,33,107,279,128,71,62,84,54,236,320,227,164,96,215,288,121,93,41,117,128,141,65,30,134,49,216,210,196,72,118,123,84,189,219,89,63,42,81,210,137,96,53,87,149,271,136,125,"c(32.5931358230556, 0.306692787366167)"
UG200000001219,2000,1219,NULL,U,0.475815895199,32.9638447763,160,131,199,151,164,84,68,91,125,105,161,64,99,26,97,268,112,64,60,89,51,243,333,223,151,96,189,261,108,92,43,122,120,143,84,28,131,43,222,185,170,62,98,119,87,193,196,87,51,40,74,194,119,92,53,91,137,282,135,117,"c(32.9638447763145, 0.475815895199273)"
UG200000001220,2000,1220,NULL,U,0.514048759127,32.988259676,150,129,189,148,158,78,65,92,124,104,158,60,91,25,93,261,108,57,57,91,50,233,325,217,143,94,178,250,106,85,42,123,118,138,86,27,126,40,218,176,165,56,91,119,87,186,186,84,47,39,71,188,116,84,51,93,134,272,131,113,"c(32.9882596759681, 0.514048759126823)"
UG200000001221,2000,1221,NULL,U,0.314913760867,32.5943505007,164,119,205,137,162,76,63,88,129,94,152,76,107,30,100,251,111,67,57,84,54,231,310,220,151,89,203,258,105,89,39,116,128,138,65,28,125,45,207,186,170,68,106,121,84,184,208,85,57,39,76,188,119,92,50,86,147,265,131,120,"c(32.5943505006879, 0.3149137608672)"
UG200000001222,2000,1222,NULL,U,0.353594959398,32.5956545501,164,119,205,137,162,76,63,88,129,94,152,76,107,30,100,251,111,67,57,84,54,231,310,220,151,89,203,258,105,89,39,116,128,138,65,28,125,45,207,186,170,68,106,121,84,184,208,85,57,39,76,188,119,92,50,86,147,265,131,120,"c(32.5956545501102, 0.353594959398151)"
UG200000001223,2000,1223,NULL,U,0.324744825903,32.6178463196,172,121,207,141,166,78,67,88,130,94,154,77,112,30,101,260,115,68,60,84,53,233,316,225,158,89,205,266,108,90,42,117,127,138,67,29,132,46,209,192,175,69,113,121,84,185,211,87,59,39,76,193,122,94,53,86,147,267,133,122,"c(32.6178463196426, 0.324744825903334)"
UG200000001224,2000,1224,NULL,U,0.318656290045,32.621685128,172,121,207,141,166,78,67,88,130,94,154,77,112,30,101,260,115,68,60,84,53,233,316,225,158,89,205,266,108,90,42,117,127,138,67,29,132,46,209,192,175,69,113,121,84,185,211,87,59,39,76,193,122,94,53,86,147,267,133,122,"c(32.6216851280449, 0.318656290045278)"
UG200000001225,2000,1225,NULL,U,0.315874212582,32.6367811907,172,121,207,141,166,78,67,88,130,94,154,77,112,30,101,260,115,68,60,84,53,233,316,225,158,89,205,266,108,90,42,117,127,138,67,29,132,46,209,192,175,69,113,121,84,185,211,87,59,39,76,193,122,94,53,86,147,267,133,122,"c(32.6367811907383, 0.315874212581792)"
UG200000001226,2000,1226,NULL,U,0.313978697064,32.6071425349,177,128,216,152,186,78,69,89,130,96,158,80,117,33,107,279,128,71,62,84,54,236,320,227,164,96,215,288,121,93,41,117,128,141,65,30,134,49,216,210,196,72,118,123,84,189,219,89,63,42,81,210,137,96,53,87,149,271,136,125,"c(32.6071425349471, 0.313978697064182)"
UG200000001227,2000,1227,NULL,U,0.479838870425,32.9320451094,160,131,199,151,164,84,68,91,125,105,161,64,99,26,97,268,112,64,60,89,51,243,333,223,151,96,189,261,108,92,43,122,120,143,84,28,131,43,222,185,170,62,98,119,87,193,196,87,51,40,74,194,119,92,53,91,137,282,135,117,"c(32.9320451094066, 0.479838870424647)"
UG200000001228,2000,1228,NULL,U,0.547540665916,32.9109529349,144,120,179,145,150,75,65,94,123,96,145,58,87,23,87,263,102,55,57,92,50,225,304,205,135,87,170,253,100,82,44,127,119,134,82,24,122,38,205,176,156,54,91,123,85,178,174,77,44,37,67,188,111,82,52,94,133,262,122,105,"c(32.9109529349423, 0.547540665915807)"
UG200000001229,2000,1229,NULL,U,0.333017542922,32.5462205068,153,125,197,132,151,72,57,90,121,94,151,75,101,32,97,240,104,66,51,85,50,227,306,213,143,95,196,249,99,87,35,115,121,137,64,28,116,48,199,178,160,66,95,123,79,183,208,82,53,42,75,182,113,89,44,86,138,260,130,115,"c(32.5462205067546, 0.333017542921889)"
UG200000001230,2000,1230,NULL,U,0.267648500839,32.5390366068,171,133,219,155,174,67,59,78,104,88,152,82,117,37,110,281,120,64,53,73,44,213,305,220,161,102,219,293,114,83,33,98,103,128,59,31,127,52,217,216,183,66,104,108,67,171,216,88,64,45,85,214,130,85,44,74,121,244,131,124,"c(32.5390366067507, 0.267648500838935)"
UG200000001231,2000,1231,NULL,U,0.34090682475,32.5558474922,153,125,197,132,151,72,57,90,121,94,151,75,101,32,97,240,104,66,51,85,50,227,306,213,143,95,196,249,99,87,35,115,121,137,64,28,116,48,199,178,160,66,95,123,79,183,208,82,53,42,75,182,113,89,44,86,138,260,130,115,"c(32.5558474921771, 0.340906824750023)"
UG200000001232,2000,1232,NULL,U,0.520466811169,32.9318794445,153,126,190,150,155,81,67,91,126,102,155,62,93,25,93,268,106,60,59,89,51,236,322,218,145,92,180,258,103,88,43,122,120,139,84,27,128,40,216,181,162,58,95,119,87,187,185,84,48,39,71,193,114,87,53,91,136,274,130,113,"c(32.9318794444999, 0.520466811169434)"
UG200000001233,2000,1233,NULL,U,0.292303751388,32.5531433752,161,129,207,140,168,72,59,86,116,93,152,78,108,34,103,256,115,67,53,81,49,225,306,215,151,98,206,266,110,87,35,109,116,136,62,29,121,50,207,192,177,68,101,118,76,181,211,84,58,43,79,194,126,90,46,81,134,258,130,118,"c(32.55314337523, 0.292303751387968)"
UG200000001234,2000,1234,NULL,U,0.292398002193,32.5465215804,161,129,207,140,168,72,59,86,116,93,152,78,108,34,103,256,115,67,53,81,49,225,306,215,151,98,206,266,110,87,35,109,116,136,62,29,121,50,207,192,177,68,101,118,76,181,211,84,58,43,79,194,126,90,46,81,134,258,130,118,"c(32.5465215803668, 0.292398002192846)"
UG200000001301,2000,1301,NULL,U,0.931463083364,33.1299428208,84,103,145,161,162,89,79,131,149,101,127,40,45,12,75,284,110,54,66,123,46,209,274,164,86,71,124,229,132,97,63,155,120,138,100,19,85,18,214,148,171,51,79,142,102,176,114,61,25,28,60,196,132,93,66,121,141,256,99,73,"c(33.129942820826, 0.931463083364308)"
UG200000001302,2000,1302,NULL,R,1.08608452513,33.2052711993,72,102,138,178,183,94,78,140,157,91,114,43,35,7,70,321,120,50,65,128,38,193,262,181,72,66,105,236,161,100,78,158,111,135,104,20,73,14,219,145,182,47,71,143,97,167,89,66,20,25,59,213,150,95,71,125,139,242,86,75,"c(33.2052711993057, 1.08608452512694)"
UG200000001303,2000,1303,NULL,R,1.14201208687,33.3472047804,68,96,126,172,180,96,76,152,156,84,100,42,31,5,65,303,115,50,66,135,33,180,232,182,67,62,88,211,166,98,82,162,104,126,97,21,68,11,211,133,175,45,68,152,99,156,74,67,18,23,55,193,149,96,70,133,135,226,74,73,"c(33.3472047804127, 1.14201208687331)"
UG200000001304,2000,1304,NULL,R,1.43201610719,32.8371983804,54,86,111,159,150,85,73,156,184,99,108,41,23,7,49,292,100,48,59,119,48,197,253,141,49,57,78,213,137,89,76,148,132,147,105,12,53,14,170,123,153,47,60,139,118,188,93,46,12,23,45,194,134,92,68,122,148,243,88,53,"c(32.8371983804456, 1.43201610719319)"
UG200000001305,2000,1305,NULL,R,1.28350166158,32.9874837266,56,95,120,167,163,79,70,145,178,93,116,41,26,7,54,317,110,42,56,118,43,197,275,146,54,62,90,235,146,86,74,146,125,144,111,13,57,15,184,129,167,41,58,133,106,182,94,49,14,25,50,208,142,84,65,117,146,247,91,57,"c(32.987483726614, 1.28350166157822)"
UG200000001306,2000,1306,NULL,R,0.839269751626,33.279263013,86,95,138,147,145,81,78,123,135,102,125,38,48,13,76,247,101,51,65,119,47,195,254,167,94,68,122,201,118,89,52,148,113,126,90,22,89,15,207,138,159,49,78,135,103,163,113,65,28,27,58,177,120,85,62,117,133,239,96,78,"c(33.2792630130185, 0.839269751625679)"
UG200000001307,2000,1307,NULL,R,0.894757261162,33.1838943738,88,105,145,162,159,87,79,131,150,104,126,40,48,13,76,282,109,53,66,124,49,208,268,165,92,73,126,228,130,95,60,157,123,136,97,20,89,17,215,151,170,51,80,143,107,175,114,62,27,29,61,198,130,91,66,122,145,255,98,75,"c(33.1838943737859, 0.894757261162221)"
UG200000001308,2000,1308,NULL,R,1.02973303948,33.1586849983,77,101,143,170,171,90,79,134,153,95,119,41,39,9,73,303,114,51,66,123,42,197,265,170,78,68,115,233,145,97,71,154,115,134,101,19,78,15,218,147,176,48,75,140,100,168,101,62,22,27,60,205,140,93,69,121,140,244,91,73,"c(33.1586849982659, 1.02973303947734)"
UG200000001309,2000,1309,NULL,R,0.906765949057,33.194549284,83,102,143,165,162,89,81,132,150,100,123,39,44,11,75,287,110,53,67,125,45,201,264,164,87,70,120,226,136,97,65,156,118,133,98,20,85,15,217,148,172,50,78,142,104,169,106,62,25,27,60,200,133,92,68,122,141,248,94,73,"c(33.1945492840094, 0.90676594905696)"
UG200000001310,2000,1310,NULL,R,1.01917644027,33.4489130881,74,94,128,175,170,100,83,152,148,88,100,39,35,7,69,295,111,55,75,136,35,178,219,177,76,62,92,208,155,100,80,162,102,121,90,22,73,10,213,139,169,49,77,155,103,153,77,67,20,23,56,189,142,99,73,136,131,222,73,74,"c(33.4489130880945, 1.0191764402689)"
UG200000001311,2000,1311,NULL,R,0.914696666514,33.482784379,78,96,134,173,166,98,82,148,148,92,106,37,38,8,73,285,110,56,75,133,37,182,226,176,81,63,98,203,150,98,74,157,103,121,91,23,76,10,220,138,167,49,76,152,108,155,83,68,22,24,58,184,140,97,70,134,134,226,77,75,"c(33.4827843790486, 0.914696666513965)"
UG200000001312,2000,1312,NULL,R,1.05794994954,33.4717964718,77,98,134,192,178,107,85,162,158,88,98,39,35,6,72,323,115,58,78,142,35,181,217,180,77,64,91,221,167,105,87,166,106,123,91,22,75,10,227,149,174,51,78,163,111,156,73,68,20,23,58,202,150,105,76,142,139,226,71,73,"c(33.471796471782, 1.05794994954294)"
UG200000001313,2000,1313,NULL,R,0.790796782818,33.0961231815,107,107,150,151,145,80,73,112,133,102,132,43,62,17,77,264,99,53,63,110,51,214,273,175,109,78,139,232,107,88,49,143,122,133,89,21,104,24,203,157,157,51,83,134,99,174,134,66,32,31,60,188,115,86,59,108,137,256,106,84,"c(33.0961231814911, 0.790796782817574)"
UG200000001314,2000,1314,NULL,R,0.669846110675,33.0621619146,130,121,171,154,151,77,71,105,133,109,146,51,77,21,87,269,104,54,61,104,53,231,298,199,130,89,159,245,107,84,45,137,124,140,89,25,119,31,217,170,161,52,87,130,98,185,157,76,40,36,67,193,116,82,56,104,140,273,118,99,"c(33.0621619145764, 0.669846110674623)"
UG200000001315,2000,1315,NULL,R,0.760723443597,33.2501214745,97,97,147,145,145,77,76,118,134,110,132,41,56,15,82,240,102,51,64,115,50,208,263,179,107,71,135,201,114,84,45,145,118,131,88,25,99,16,214,142,162,48,79,133,107,172,125,71,32,28,61,175,119,80,59,114,137,253,102,87,"c(33.2501214744617, 0.760723443596815)"
UG200000001401,2000,1401,NULL,R,1.3184914685,34.7090995938,52,86,110,138,150,157,186,232,142,77,95,15,17,0,50,273,77,86,203,184,15,211,201,107,66,75,35,135,187,108,217,188,99,138,89,14,49,4,170,127,131,75,169,235,115,201,58,46,10,13,33,119,165,128,152,209,119,201,52,32,"c(34.7090995938117, 1.3184914685034)"
UG200000001402,2000,1402,NULL,R,1.40535319517,34.4865306418,61,81,121,159,193,182,191,241,180,93,101,14,18,0,57,297,101,95,209,192,20,244,217,91,69,66,37,152,233,121,229,190,119,160,100,12,56,4,194,139,168,87,181,245,148,241,62,38,11,13,39,137,201,157,164,210,148,249,59,28,"c(34.4865306418169, 1.4053531951733)"
UG200000001602,2000,1602,NULL,R,0,0,NA,NA,NA,NA,NA,NA,NA,NA,NA,NA,NA,NA,NA,NA,NA,NA,NA,NA,NA,NA,NA,NA,NA,NA,NA,NA,NA,NA,NA,NA,NA,NA,NA,NA,NA,NA,NA,NA,NA,NA,NA,NA,NA,NA,NA,NA,NA,NA,NA,NA,NA,NA,NA,NA,NA,NA,NA,NA,NA,NA,"c(0.000000000000000333066907387547, -0.00000000000000155431223447522)"
UG200000001603,2000,1603,NULL,R,0.978525397554,30.938020703,76,59,138,128,120,85,68,143,148,211,146,51,64,4,103,228,104,62,72,88,79,199,242,161,88,45,136,173,129,68,65,67,118,192,83,32,48,22,157,117,106,41,42,157,134,213,154,69,20,26,68,170,99,61,57,106,131,270,125,67,"c(30.9380207030032, 0.978525397554181)"
UG200000001604,2000,1604,NULL,R,0.106233215122,30.4970169121,85,74,109,94,73,45,45,117,152,167,131,65,55,8,66,184,104,40,45,59,50,126,197,152,74,64,110,131,110,39,26,46,95,164,85,47,44,28,111,69,61,12,13,109,106,150,143,81,26,43,73,145,78,28,25,56,101,196,129,87,"c(30.4970169121027, 0.106233215122169)"
UG200000001701,2000,1701,NULL,R,0.911455800407,31.7434328595,78,82,136,131,139,67,69,131,139,154,138,51,55,10,81,210,90,56,71,91,75,225,252,151,79,57,129,211,95,60,61,107,131,167,64,19,48,27,145,124,137,41,64,144,102,211,151,56,21,30,54,168,107,56,60,110,131,261,108,65,"c(31.7434328594879, 0.911455800406563)"
UG200000001702,2000,1702,NULL,R,0.791947449905,31.7155213675,83,81,136,118,126,59,61,118,128,142,136,54,57,11,80,198,80,51,62,82,67,210,250,149,84,56,130,200,86,57,47,90,118,158,55,20,52,28,143,115,124,36,59,131,92,195,154,58,23,32,58,157,95,51,51,93,122,252,107,69,"c(31.7155213675423, 0.791947449904871)"
UG200000001801,2000,1801,NULL,R,-1.13408472008,29.7473577606,110,131,145,138,61,72,60,117,151,140,166,113,149,12,101,207,144,54,35,45,38,166,198,179,166,149,143,147,160,29,25,56,113,187,98,74,123,44,161,86,58,2,1,147,120,132,164,106,63,86,140,158,97,12,11,47,87,175,176,134,"c(29.7473577605786, -1.13408472007991)"
UG200000001802,2000,1802,NULL,R,-1.14511593724,29.6048173669,116,131,149,126,60,84,77,130,153,154,181,118,163,12,102,191,131,63,48,51,40,185,214,188,172,150,149,138,150,35,33,64,126,206,108,82,131,44,167,83,55,3,1,176,126,145,181,112,65,87,146,146,95,14,15,53,89,190,192,144,"c(29.604817366921, -1.14511593723513)"
UG200000001803,2000,1803,NULL,R,-1.26449598013,29.6223488704,115,136,154,125,65,87,79,128,159,160,184,119,168,15,106,190,141,63,47,48,42,204,217,189,176,163,155,138,165,36,33,63,133,220,111,84,135,44,174,86,58,2,1,174,132,152,185,114,66,91,154,144,103,13,14,50,92,200,197,148,"c(29.6223488704427, -1.26449598013426)"
UG200000001804,2000,1804,NULL,R,-1.14639774397,29.7168873174,116,134,148,133,64,80,65,123,157,146,170,116,159,12,103,201,149,60,39,47,39,173,203,183,175,153,146,143,167,32,28,59,119,194,101,77,131,46,165,84,61,2,1,158,125,137,168,109,66,88,143,153,102,13,12,50,90,181,181,138,"c(29.7168873173782, -1.14639774396901)"
UG200000001805,2000,1805,NULL,R,-1.25525709495,29.7001198384,109,132,147,127,55,69,60,110,152,147,169,114,155,13,103,194,128,50,34,41,39,182,201,178,171,156,145,137,146,27,25,53,116,200,101,76,128,44,165,83,51,2,1,141,122,139,168,107,64,88,143,146,87,10,10,44,87,184,181,137,"c(29.7001198383747, -1.25525709495392)"
UG200000001806,2000,1806,NULL,R,-1.26411976146,29.71153804,109,135,150,124,52,62,57,104,149,149,170,115,157,14,104,188,120,45,32,38,38,187,202,180,172,162,148,134,139,25,23,50,114,203,102,78,130,44,168,82,48,1,1,134,120,141,169,109,64,90,146,142,82,9,9,41,85,186,182,139,"c(29.7115380399805, -1.26411976145559)"
UG200000001807,2000,1807,NULL,R,-1.34072909995,29.683357066,114,140,152,123,52,59,58,104,150,153,173,118,168,15,106,186,116,43,33,39,39,195,206,188,180,168,152,133,135,24,24,49,121,209,105,83,136,46,172,84,47,1,1,136,123,145,174,114,67,94,151,140,81,9,10,39,85,191,187,146,"c(29.6833570659593, -1.34072909994819)"
UG200000001808,2000,1808,NULL,U,-1.26419877394,29.7028281566,109,135,150,124,52,62,57,104,149,149,170,115,157,14,104,188,120,45,32,38,38,187,202,180,172,162,148,134,139,25,23,50,114,203,102,78,130,44,168,82,48,1,1,134,120,141,169,109,64,90,146,142,82,9,9,41,85,186,182,139,"c(29.7028281566364, -1.26419877393744)"
UG200000002000,2000,2001,NULL,U,2.99578603042,34.1071901502,26,28,62,85,89,168,130,99,65,23,41,11,4,0,30,153,48,37,110,143,8,62,95,47,19,21,8,76,97,113,108,130,40,39,45,5,16,3,92,74,62,36,107,109,68,105,31,25,3,3,20,77,98,112,105,91,60,62,30,12,"c(34.1071901501594, 2.99578603042142)"
UG200000002002,2000,2002,NULL,R,3.6180327086,34.2088562226,20,28,73,104,97,252,165,121,61,27,40,10,3,0,35,193,52,38,136,219,9,72,95,49,14,21,9,91,103,175,118,194,39,42,42,5,10,4,104,95,63,43,126,143,71,116,32,26,2,3,22,94,106,144,124,113,60,65,31,10,"c(34.2088562226025, 3.61803270860244)"
UG200000002003,2000,2003,NULL,R,3.61680141654,34.1607087981,18,25,68,95,90,238,158,118,59,24,37,10,2,0,33,173,48,38,130,207,9,63,86,47,12,18,8,83,94,166,115,185,37,37,38,5,9,3,96,86,58,43,122,137,68,101,29,25,2,3,20,85,97,139,120,109,58,58,28,10,"c(34.1607087980833, 3.61680141653965)"
UG200000002101,2000,2101,NULL,R,1.22546324838,34.1131374642,54,80,123,159,168,139,103,173,144,54,72,22,18,1,65,273,95,77,115,132,19,124,157,133,58,59,48,148,191,105,127,138,92,84,75,17,51,4,215,129,148,70,103,174,116,112,45,52,11,15,47,140,157,130,94,146,118,140,46,45,"c(34.1131374641885, 1.22546324838012)"
UG200000002102,2000,2102,NULL,R,1.35889538672,33.9303432128,59,92,125,191,196,136,113,182,160,63,82,26,18,1,66,319,111,72,119,137,22,143,184,138,56,65,49,179,218,106,140,143,95,98,89,16,55,5,227,147,174,66,113,174,124,135,52,53,10,17,50,171,179,131,106,147,126,169,54,46,"c(33.930343212828, 1.35889538672082)"
UG200000002103,2000,2103,NULL,R,1.3870159057,33.7432597585,68,105,125,205,194,130,105,196,171,73,90,31,22,1,68,334,112,67,107,149,25,162,202,153,62,72,55,194,210,107,129,156,99,112,98,17,64,6,239,152,175,60,103,183,128,152,58,57,12,20,54,187,172,126,99,155,134,199,60,53,"c(33.7432597584506, 1.38701590570404)"
UG200000002202,2000,2202,NULL,U,2.22562517271,32.9042291862,52,48,96,171,183,130,120,227,226,127,87,30,16,0,46,256,101,79,104,133,54,199,195,112,41,32,22,147,188,107,159,174,137,172,108,11,40,6,148,133,147,71,116,199,191,238,74,39,8,8,35,167,166,145,125,168,173,215,70,30,"c(32.9042291861777, 2.22562517270646)"
UG200000002204,2000,2204,NULL,R,2.28461048311,32.9643599026,50,46,94,169,176,131,122,230,226,121,82,29,15,0,46,252,96,80,105,135,53,192,185,110,39,30,20,144,181,108,162,175,135,167,103,11,38,6,146,132,139,73,121,202,192,233,70,39,8,8,34,163,160,149,127,169,173,207,66,29,"c(32.9643599026119, 2.28461048310745)"
UG200000002206,2000,2206,NULL,R,1.73038030328,32.9915529957,59,88,99,174,182,122,94,210,218,107,93,40,19,1,44,287,107,70,85,147,50,196,225,156,46,56,43,178,186,112,112,182,141,155,110,15,51,11,171,131,161,63,80,194,159,192,78,51,9,20,40,187,162,131,93,162,170,238,75,51,"c(32.991552995668, 1.73038030328234)"
UG200000002208,2000,2208,NULL,R,2.16978730443,33.2424902968,43,62,92,185,175,136,127,259,241,90,64,28,10,0,46,290,94,79,111,160,42,171,159,106,32,40,18,164,188,111,168,188,133,146,84,9,35,7,153,146,137,77,133,230,194,213,53,38,6,10,35,179,167,163,131,186,182,194,51,29,"c(33.2424902967625, 2.16978730442584)"
UG200000002209,2000,2209,NULL,R,2.43113312036,33.4174732321,39,48,86,159,149,142,133,227,193,77,64,26,8,0,47,246,80,68,116,152,30,143,150,101,27,32,14,142,160,98,170,176,109,121,79,10,27,5,141,130,115,68,143,206,162,203,50,41,5,7,32,145,146,152,137,168,147,157,48,26,"c(33.4174732321225, 2.43113312035578)"
UG200000002301,2000,2301,NULL,U,1.30972630362,32.4578368913,58,65,124,137,135,85,76,125,147,110,117,46,32,7,63,235,95,53,66,97,62,209,248,149,59,47,109,186,107,77,72,132,133,146,91,12,57,16,157,106,146,48,67,130,106,193,126,45,15,22,47,171,118,81,69,116,133,236,98,57,"c(32.457836891304, 1.30972630362018)"
UG200000002302,2000,2302,NULL,U,0.833913694457,32.4775538672,100,104,178,132,145,80,69,110,139,109,132,61,58,19,84,242,98,64,63,106,57,254,280,204,93,78,172,243,97,86,56,147,137,156,75,20,82,35,194,149,154,57,89,139,95,208,163,70,27,35,64,180,113,89,61,108,143,285,115,94,"c(32.4775538671719, 0.833913694457475)"
UG200000002303,2000,2303,NULL,R,0,0,NA,NA,NA,NA,NA,NA,NA,NA,NA,NA,NA,NA,NA,NA,NA,NA,NA,NA,NA,NA,NA,NA,NA,NA,NA,NA,NA,NA,NA,NA,NA,NA,NA,NA,NA,NA,NA,NA,NA,NA,NA,NA,NA,NA,NA,NA,NA,NA,NA,NA,NA,NA,NA,NA,NA,NA,NA,NA,NA,NA,"c(0.000000000000000333066907387547, -0.00000000000000155431223447522)"
UG200000002304,2000,2304,NULL,R,-0.766133352626,32.5997634992,235,256,350,273,334,89,65,73,98,85,162,142,204,85,191,417,207,128,70,82,48,206,394,325,286,257,347,451,230,129,33,80,92,106,69,52,182,107,382,345,262,89,121,116,62,141,310,167,122,93,165,296,201,107,38,86,100,197,173,253,"c(32.5997634992471, -0.766133352625632)"
UG200000002305,2000,2305,NULL,R,0.67012854,31.2698721,102,74,140,116,96,63,68,143,148,192,149,59,79,13,93,195,75,48,70,93,80,222,261,159,115,59,141,175,92,55,51,69,118,197,76,33,72,29,150,113,83,37,53,153,137,219,173,69,33,34,72,154,80,49,51,96,151,278,126,74,"c(31.2698721, 0.670128540000001)"
UG200000002306,2000,2306,NULL,R,0.552131505891,31.2994307005,99,75,135,109,91,56,61,133,144,181,142,58,76,14,88,185,72,43,63,87,75,207,244,151,109,61,134,167,88,49,42,65,111,188,72,32,68,28,141,107,77,32,48,141,131,207,169,66,32,34,70,147,75,44,44,87,145,264,121,73,"c(31.2994307005102, 0.552131505891063)"
UG200000002307,2000,2307,NULL,R,0.927627141715,32.631869561,93,104,169,142,148,83,72,121,151,108,130,53,52,16,78,268,101,56,62,109,57,247,285,179,88,74,156,245,106,89,61,148,138,158,90,16,85,29,203,148,158,54,84,140,100,207,146,60,25,32,63,188,119,91,63,111,145,287,111,80,"c(32.6318695610198, 0.927627141714727)"
UG200000002401,2000,2401,NULL,U,-0.384765994326,31.4726528653,85,89,138,130,94,24,19,50,87,82,101,78,75,29,70,185,97,25,22,39,41,118,178,148,103,83,136,180,113,27,8,33,71,109,51,34,64,30,127,128,84,17,23,59,70,117,151,69,43,42,85,149,94,21,10,31,86,147,107,92,"c(31.4726528653205, -0.384765994325684)"
UG200000002402,2000,2402,NULL,U,-0.179529802247,31.7643164727,98,114,167,155,153,40,33,74,99,87,126,102,81,42,81,244,108,48,35,70,56,166,235,199,117,88,159,259,127,64,12,59,95,129,53,38,68,38,154,179,129,40,48,95,78,148,180,88,46,45,82,192,121,49,21,56,111,192,118,120,"c(31.7643164727068, -0.179529802247062)"
UG200000002403,2000,2403,NULL,U,-0.330245559405,31.7398730119,95,111,185,184,181,42,32,56,93,73,107,101,85,42,89,270,140,48,37,55,51,141,201,190,119,94,177,288,164,61,13,47,87,113,48,38,71,38,162,196,150,38,47,74,75,127,163,86,50,47,97,213,147,47,19,42,103,161,109,118,"c(31.739873011913, -0.33024555940506)"
UG200000002404,2000,2404,NULL,U,-0.323762080906,31.7025663378,94,108,174,171,162,38,29,56,93,77,106,97,84,40,84,250,131,44,34,53,50,141,197,183,116,92,167,262,152,54,12,45,85,116,48,38,70,37,153,180,135,33,41,73,75,129,161,83,48,46,93,198,135,42,17,41,101,164,109,114,"c(31.7025663378049, -0.32376208090596)"
UG200000002405,2000,2405,NULL,U,-0.325625960094,31.7589761414,97,116,194,193,197,46,35,59,95,73,109,106,87,45,93,284,148,54,39,58,53,145,207,200,121,98,185,305,172,68,14,50,90,114,48,39,73,40,170,208,162,43,52,79,76,129,167,91,51,49,100,224,157,53,21,45,106,164,111,125,"c(31.758976141401, -0.325625960093815)"
UG200000002406,2000,2406,NULL,R,0.0988631669941,31.6516829656,98,101,143,109,89,29,33,66,103,108,127,78,74,32,73,187,65,32,32,51,52,173,227,162,105,80,139,192,76,40,13,44,91,140,55,32,63,33,138,132,78,26,40,72,77,159,169,72,38,40,70,149,73,33,21,43,105,205,113,93,"c(31.6516829656097, 0.0988631669941387)"
UG200000002407,2000,2407,NULL,R,0.05234396635,31.555185435,92,96,144,109,85,29,31,56,105,110,120,76,71,30,75,183,67,31,31,43,52,164,211,156,99,77,140,183,78,37,13,36,89,139,54,32,60,31,137,126,73,24,36,61,82,156,161,70,36,40,74,147,71,31,19,36,106,200,109,90,"c(31.5551854350405, 0.0523439663500118)"
UG200000002408,2000,2408,NULL,R,-0.344178625756,31.5934721824,90,101,158,152,129,32,25,57,93,79,104,89,80,36,78,221,114,35,28,50,48,132,189,168,111,88,153,224,133,42,10,42,82,113,49,36,68,34,142,156,111,26,33,71,75,125,155,77,46,45,89,176,116,32,14,39,98,158,107,105,"c(31.5934721823715, -0.344178625755887)"
UG200000002409,2000,2409,NULL,R,-0.540541366536,31.8383164082,119,137,226,217,211,57,34,51,92,71,104,113,110,51,108,305,169,63,41,49,46,145,206,214,146,140,220,336,194,70,16,48,83,112,49,43,93,51,187,224,176,48,53,66,71,127,178,102,64,61,122,240,170,57,19,38,97,156,118,140,"c(31.8383164081946, -0.540541366535582)"
UG200000002410,2000,2410,NULL,R,-0.420374850803,31.4986003999,86,94,147,142,107,26,19,50,88,79,100,82,77,32,74,200,107,27,22,40,42,121,178,155,104,90,144,200,124,29,8,35,73,109,50,35,65,32,133,139,94,18,24,61,70,117,152,73,44,44,89,161,104,23,10,32,88,147,107,98,"c(31.4986003999488, -0.42037485080329)"
UG200000002411,2000,2411,NULL,R,-0.330481372679,31.2955974369,79,82,114,109,57,19,20,63,92,95,102,69,69,24,60,154,75,19,23,42,39,107,171,133,92,78,115,135,87,19,9,33,67,113,57,34,59,26,110,101,55,12,21,69,74,117,146,62,38,42,78,126,69,15,10,35,84,148,109,83,"c(31.2955974369124, -0.330481372679217)"
UG200000002412,2000,2412,NULL,R,-0.171963394217,31.7265272581,95,112,161,149,138,37,31,72,97,87,124,99,79,41,78,232,100,44,33,67,54,161,229,192,114,86,154,245,117,59,12,55,92,127,53,37,66,37,149,169,116,36,44,91,77,145,176,85,45,44,81,184,110,45,19,53,108,187,117,116,"c(31.7265272580997, -0.171963394217203)"
UG200000002413,2000,2413,NULL,R,-0.0404863200766,31.8524653417,107,112,164,144,136,43,35,78,103,94,132,94,83,39,80,240,94,51,34,70,55,178,250,193,120,87,158,254,107,66,14,64,99,133,55,35,73,39,155,179,122,44,50,97,76,156,186,85,45,42,77,189,108,54,22,58,114,205,120,114,"c(31.8524653417451, -0.0404863200765935)"
UG200000002414,2000,2414,NULL,R,-0.302818586188,31.5029546637,85,91,142,132,97,25,20,54,85,80,102,78,74,32,71,193,93,27,23,44,42,121,182,150,102,78,138,188,109,32,8,35,71,109,50,34,63,30,130,134,86,20,25,64,69,118,149,69,42,42,83,155,93,25,11,35,87,151,104,93,"c(31.5029546636639, -0.302818586188003)"
UG200000002501,2000,2501,NULL,U,1.82263968867,31.941612476,61,54,106,140,136,98,73,122,147,146,129,39,46,1,65,192,86,71,80,85,84,182,223,146,73,35,72,142,120,70,100,127,142,144,107,16,48,15,148,97,125,54,61,142,144,195,108,46,9,18,39,135,116,80,80,131,137,207,95,45,"c(31.941612475991, 1.82263968867317)"
UG200000002502,2000,2502,NULL,R,1.67301614272,31.5242298743,59,56,115,147,155,111,74,112,145,192,149,36,55,1,80,205,103,83,80,78,91,203,247,140,77,39,92,157,139,75,103,107,140,169,111,18,41,19,144,109,142,62,56,139,149,215,128,46,10,19,42,144,126,80,79,125,137,247,113,45,"c(31.5242298743231, 1.673016142717)"
UG200000002504,2000,2504,NULL,R,1.91183576017,31.7269783705,52,47,103,142,146,103,75,111,139,169,140,34,46,1,70,190,93,76,83,77,84,190,230,136,69,33,73,140,134,71,110,118,134,156,109,15,40,14,139,102,132,60,63,140,145,207,114,44,8,16,38,131,124,79,84,128,133,220,102,41,"c(31.72697837054, 1.91183576016544)"
UG200000002601,2000,2601,NULL,U,1.23895942194,34.3383814969,82,93,148,197,219,179,166,247,214,112,113,17,27,0,74,357,119,103,190,185,25,276,243,117,96,74,51,184,259,128,207,194,141,186,114,16,77,5,242,171,189,94,165,252,175,253,69,47,16,16,51,170,217,163,148,214,176,291,67,38,"c(34.3383814969373, 1.23895942194486)"
UG200000002602,2000,2602,NULL,U,1.10160921678,34.1922128361,62,83,129,153,165,128,96,157,134,60,84,21,23,1,67,260,95,75,108,120,18,135,177,140,73,63,51,142,188,96,117,125,87,92,82,20,59,4,216,127,144,68,95,159,112,123,52,57,14,15,47,131,157,117,87,137,110,149,52,49,"c(34.1922128361344, 1.10160921678183)"
UG200000002603,2000,2603,NULL,U,1.06390799272,34.2038229551,69,89,138,164,180,128,96,158,139,67,89,22,26,1,71,276,104,76,108,120,19,148,187,148,82,67,55,151,204,96,116,126,91,101,85,21,65,4,228,135,156,68,94,160,118,135,55,60,16,17,50,140,171,117,86,139,114,163,55,52,"c(34.2038229551425, 1.06390799272135)"
UG200000002604,2000,2604,NULL,R,0.951692805104,34.3530237181,78,95,152,187,219,160,121,178,188,104,111,20,32,1,76,322,125,101,134,135,24,234,229,145,104,74,59,173,254,119,143,142,128,160,100,22,76,4,240,161,188,88,115,180,161,217,68,61,21,17,51,155,217,139,105,162,155,243,65,50,"c(34.3530237181459, 0.951692805104311)"
UG200000002605,2000,2605,NULL,R,1.09870276462,34.2267453763,67,84,132,156,181,133,104,161,147,70,89,20,24,1,68,265,103,79,118,122,19,158,188,135,80,65,50,143,208,97,127,127,96,108,87,19,63,4,218,130,157,71,103,164,124,145,55,55,15,15,47,133,174,121,93,141,120,173,54,46,"c(34.2267453763329, 1.0987027646199)"
UG200000002606,2000,2606,NULL,R,1.17917444085,34.3848363572,85,101,147,205,235,187,177,262,221,118,121,19,29,0,73,372,129,110,200,196,26,289,257,132,103,81,51,193,280,135,217,206,147,195,118,18,80,5,238,179,203,98,173,266,181,266,74,54,18,17,49,176,236,168,155,229,182,300,71,42,"c(34.3848363571953, 1.17917444085358)"
UG200000002607,2000,2607,NULL,R,1.15572826779,34.2918110504,72,85,136,170,201,147,126,183,167,84,95,18,25,0,69,298,112,87,143,138,21,196,202,127,87,67,49,157,235,106,154,144,110,133,93,18,68,4,223,145,173,79,124,187,139,180,58,52,16,15,47,145,197,133,112,160,137,209,57,42,"c(34.2918110504149, 1.15572826778555)"
UG200000002608,2000,2608,NULL,R,1.02667558736,34.1867556709,70,87,136,150,171,123,93,153,132,68,92,23,27,1,70,250,100,74,104,117,18,147,193,149,85,66,55,138,192,93,111,123,87,100,87,22,66,4,224,124,149,66,91,155,113,134,58,61,17,17,49,128,162,111,83,136,109,161,57,53,"c(34.1867556709172, 1.02667558736357)"
UG200000002609,2000,2609,NULL,R,1.05180864205,34.1917844177,69,89,138,164,180,128,96,158,139,67,89,22,26,1,71,276,104,76,108,120,19,148,187,148,82,67,55,151,204,96,116,126,91,101,85,21,65,4,228,135,156,68,94,160,118,135,55,60,16,17,50,140,171,117,86,139,114,163,55,52,"c(34.1917844177343, 1.05180864204764)"
UG200000002610,2000,2610,NULL,R,1.13395522861,34.1624290472,60,82,126,152,160,130,97,162,138,58,78,21,21,1,66,259,92,74,109,124,19,130,167,136,68,62,50,142,181,97,119,130,89,89,78,19,56,4,214,125,140,67,96,164,114,118,49,54,13,15,47,132,151,120,88,140,113,145,49,47,"c(34.1624290471522, 1.13395522861008)"
UG200000002611,2000,2611,NULL,R,1.04133795652,34.3755117723,86,100,157,216,247,196,170,246,229,125,122,19,33,1,78,383,138,120,188,186,28,294,255,138,111,79,58,202,291,144,203,195,155,199,113,20,83,5,249,188,214,106,162,249,192,272,74,57,20,17,52,181,248,171,147,221,189,302,71,46,"c(34.3755117723152, 1.04133795651818)"
UG200000002701,2000,2701,NULL,U,-0.605613569458,30.6666600013,101,78,108,119,40,33,32,83,115,122,130,80,80,15,60,175,86,28,29,43,36,113,168,143,104,86,104,138,87,18,14,46,77,148,76,43,63,22,99,63,37,3,7,89,86,127,145,72,46,48,93,138,63,11,8,35,80,162,135,91,"c(30.6666600013235, -0.60561356945827)"
UG200000002702,2000,2702,NULL,U,-0.591661287553,30.6595425981,101,78,108,119,40,33,32,83,115,122,130,80,80,15,60,175,86,28,29,43,36,113,168,143,104,86,104,138,87,18,14,46,77,148,76,43,63,22,99,63,37,3,7,89,86,127,145,72,46,48,93,138,63,11,8,35,80,162,135,91,"c(30.659542598054, -0.591661287552771)"
UG200000002703,2000,2703,NULL,U,-0.62442359615,30.6249944548,101,76,107,114,39,33,34,85,117,124,131,80,80,13,60,169,84,28,30,43,36,115,169,142,104,83,103,131,85,18,14,46,79,151,78,44,64,22,99,61,37,3,7,91,88,128,145,72,46,47,92,134,62,11,8,36,81,164,136,91,"c(30.6249944547958, -0.624423596149679)"
UG200000002704,2000,2704,NULL,U,-0.640669475734,30.6501904458,98,78,108,119,39,31,31,75,112,117,127,81,79,15,61,173,86,26,27,39,35,110,165,141,104,89,105,137,87,17,13,42,76,144,76,43,63,22,99,61,37,3,6,82,84,122,144,72,47,48,95,136,63,10,7,32,78,156,134,91,"c(30.6501904457617, -0.640669475734251)"
UG200000002705,2000,2705,NULL,R,-0.965682840088,31.1709890269,76,108,125,152,58,16,7,29,76,87,107,87,75,25,70,194,100,15,6,18,28,105,163,151,105,138,125,186,108,10,3,19,53,117,65,46,66,34,122,107,50,4,3,36,58,105,151,82,46,58,101,152,74,6,2,13,60,131,124,103,"c(31.170989026853, -0.965682840087775)"
UG200000002706,2000,2706,NULL,R,-0.00869275339211,30.4061419217,103,93,131,105,85,58,51,140,170,179,155,76,68,9,78,202,134,53,50,69,53,134,224,167,86,82,130,139,137,47,28,58,106,179,101,53,52,34,130,73,72,13,13,134,120,160,165,90,32,56,91,158,97,32,26,65,108,209,153,99,"c(30.4061419217107, -0.00869275339210618)"
UG200000002707,2000,2707,NULL,R,-0.189774674694,30.4661102293,111,94,126,109,72,58,51,138,158,160,159,80,73,12,73,199,124,55,48,66,49,126,216,161,92,79,123,140,125,45,25,61,98,168,96,51,58,32,121,75,62,12,12,133,115,150,166,85,38,57,93,156,90,30,21,62,103,192,154,99,"c(30.4661102293181, -0.189774674693814)"
UG200000002708,2000,2708,NULL,R,-0.643792809375,30.6734672543,98,78,108,119,39,31,31,75,112,117,127,81,79,15,61,173,86,26,27,39,35,110,165,141,104,89,105,137,87,17,13,42,76,144,76,43,63,22,99,61,37,3,6,82,84,122,144,72,47,48,95,136,63,10,7,32,78,156,134,91,"c(30.6734672543444, -0.643792809375084)"
UG200000002709,2000,2709,NULL,R,-0.953995365335,30.7184076312,80,87,110,121,45,26,15,49,98,94,113,80,75,15,64,163,108,21,12,23,28,101,146,137,101,115,109,138,116,12,6,27,64,127,71,42,61,23,104,57,43,1,3,51,71,104,130,73,44,53,102,126,76,6,2,17,64,132,128,91,"c(30.7184076312467, -0.953995365334526)"
UG200000002710,2000,2710,NULL,R,-0.857634611469,30.6823815738,87,90,115,134,49,30,22,56,104,104,119,84,80,17,65,182,117,24,18,28,31,107,154,144,106,116,113,152,123,14,9,32,70,136,74,44,64,24,107,62,48,2,4,60,77,112,138,75,47,55,105,141,84,7,4,21,71,143,132,94,"c(30.6823815738452, -0.857634611468921)"
UG200000002711,2000,2711,NULL,R,-0.503468165803,30.7904429915,94,80,109,116,44,28,25,79,114,117,126,76,71,18,59,174,85,24,24,42,38,107,167,139,94,85,105,141,87,18,11,43,75,139,72,40,57,23,98,68,39,4,7,83,86,123,142,69,42,48,88,138,64,12,7,34,84,156,127,87,"c(30.790442991504, -0.503468165802987)"
UG200000002712,2000,2712,NULL,R,-0.173172436456,30.663648384,100,84,111,107,60,40,39,128,146,144,141,71,65,15,63,193,98,39,37,63,48,118,194,148,85,68,108,144,101,34,18,57,90,153,81,44,52,29,105,80,52,10,11,120,106,140,149,76,35,50,80,154,74,25,16,58,103,179,133,89,"c(30.6636483840168, -0.173172436455659)"
UG200000002713,2000,2713,NULL,R,-0.290827344023,30.7718333941,95,78,105,100,44,26,27,92,117,120,131,71,65,17,57,167,76,26,25,47,39,106,175,139,86,66,101,130,78,22,11,45,74,135,71,40,52,25,95,72,38,7,8,89,88,123,142,69,38,47,79,133,58,16,9,41,87,156,124,85,"c(30.7718333940685, -0.290827344023306)"
UG200000002714,2000,2714,NULL,R,-0.540108546611,30.8995008676,82,82,106,110,40,20,17,56,92,102,114,74,66,19,58,158,73,17,16,31,33,99,160,135,89,89,104,134,77,13,7,32,63,123,65,38,54,24,98,72,37,4,7,61,71,112,139,67,39,47,85,126,57,9,5,26,72,142,119,85,"c(30.8995008675668, -0.540108546610844)"
UG200000002715,2000,2715,NULL,R,0.925054302832,30.4120693963,61,51,110,92,110,75,79,137,100,143,92,45,52,2,86,191,111,59,88,83,49,112,162,145,68,45,111,131,135,65,78,61,78,128,65,34,35,21,123,85,94,33,36,152,88,131,103,65,15,24,60,138,94,52,67,97,80,171,92,61,"c(30.4120693962832, 0.92505430283228)"
UG200000002716,2000,2716,NULL,R,-0.997680022606,30.3467415075,74,91,97,100,38,28,40,59,99,92,124,81,75,11,61,145,105,24,26,25,24,102,150,136,96,104,95,109,112,12,16,30,66,126,76,48,62,28,96,52,42,1,2,63,74,97,131,75,39,59,91,113,71,6,6,22,60,126,138,95,"c(30.3467415074652, -0.99768002260614)"
UG200000002717,2000,2717,NULL,R,-0.822893299445,30.6259227424,98,95,118,132,47,35,37,69,115,111,128,87,87,16,68,182,113,29,31,34,34,111,163,148,115,116,114,146,116,16,15,39,79,144,78,46,70,26,110,62,46,2,6,76,87,119,146,76,51,59,108,143,82,9,7,28,78,152,140,97,"c(30.6259227424096, -0.822893299444958)"
UG200000002718,2000,2718,NULL,R,-0.64052559755,30.6152714326,98,77,108,115,39,32,33,79,112,119,130,80,79,14,61,168,88,28,29,40,34,112,167,141,104,87,104,131,88,17,14,44,76,147,77,43,63,22,100,59,38,3,6,85,84,124,145,72,46,48,95,133,64,10,7,33,77,159,137,91,"c(30.615271432575, -0.64052559755049)"
UG200000002801,2000,2801,NULL,U,2.52548360658,34.6427407071,27,34,85,108,113,183,157,96,54,22,44,12,5,0,33,218,59,33,137,171,5,82,101,56,22,32,12,95,132,128,111,141,32,40,43,6,18,3,129,88,82,30,110,111,58,116,33,30,3,4,26,101,132,97,109,97,54,78,30,16,"c(34.642740707068, 2.52548360658388)"
UG200000002802,2000,2802,NULL,R,1.91641772688,34.5805769542,53,40,91,138,144,165,140,142,121,39,50,17,12,0,39,266,74,55,137,159,11,119,112,91,49,35,21,133,172,95,145,127,79,71,51,10,44,2,145,116,122,52,119,148,110,147,33,42,7,5,29,121,159,115,112,128,104,120,31,27,"c(34.5805769541763, 1.91641772688056)"
UG200000002803,2000,2803,NULL,R,2.09454609011,34.9397884755,26,30,65,79,91,146,141,90,57,21,42,10,6,0,24,174,47,32,130,155,5,82,94,60,27,29,13,75,108,98,108,124,37,41,37,6,21,1,100,69,69,27,97,104,59,105,30,31,4,4,19,75,103,75,95,94,57,74,28,19,"c(34.9397884755057, 2.09454609011477)"
UG200000003001,2000,3001,NULL,U,0.0444843085344,32.4821307349,211,155,280,197,257,94,69,79,92,90,158,113,148,47,141,347,172,94,63,75,41,215,329,290,201,125,275,363,173,119,36,96,92,129,63,42,151,63,277,277,257,93,124,110,60,170,243,121,81,53,114,264,189,113,47,76,110,243,145,172,"c(32.4821307349354, 0.04448430853444)"
UG200000003002,2000,3002,NULL,U,0.0765823225636,32.4854508525,202,148,266,187,243,89,66,79,93,90,158,107,142,45,134,332,163,89,60,75,41,217,326,276,193,118,263,347,162,113,35,96,93,130,63,40,146,60,263,263,245,89,119,110,61,172,239,114,77,51,107,253,179,109,46,75,111,246,143,162,"c(32.4854508525354, 0.0765823225636346)"
UG200000003003,2000,3003,NULL,U,0.0630378807266,32.4607934979,198,146,260,187,247,88,66,81,93,91,156,108,140,45,131,331,166,89,61,76,42,216,322,275,191,118,257,346,167,114,35,96,93,131,62,40,144,59,257,262,250,89,118,112,61,173,236,114,76,51,106,253,185,109,46,76,111,245,141,162,"c(32.4607934978995, 0.0630378807266083)"
UG200000003004,2000,3004,NULL,U,0.192282839993,32.5334425928,178,138,232,164,187,72,63,76,101,90,155,87,122,39,116,296,128,69,57,71,43,217,312,230,168,107,231,309,123,89,35,95,101,130,60,33,131,55,230,230,194,71,111,105,66,173,223,93,66,47,90,225,138,89,46,72,119,248,135,131,"c(32.5334425928045, 0.192282839992754)"
UG200000003005,2000,3005,NULL,U,0.468494352968,32.525354103,131,111,181,115,144,69,56,90,125,94,143,70,83,26,88,210,98,60,51,86,52,226,293,208,122,84,179,217,94,80,38,118,125,136,66,25,102,41,188,149,152,59,88,121,83,182,190,78,42,37,67,158,108,83,46,87,139,257,123,108,"c(32.5253541030467, 0.468494352968229)"
UG200000003006,2000,3006,NULL,U,0.333892560589,32.6356426198,172,121,207,141,166,78,67,88,130,94,154,77,112,30,101,260,115,68,60,84,53,233,316,225,158,89,205,266,108,90,42,117,127,138,67,29,132,46,209,192,175,69,113,121,84,185,211,87,59,39,76,193,122,94,53,86,147,267,133,122,"c(32.6356426197579, 0.333892560588537)"
UG200000003007,2000,3007,NULL,U,0.437195688123,32.6347064608,149,112,192,129,146,73,63,85,123,90,142,70,95,26,93,239,100,61,57,82,51,222,294,213,137,83,189,243,95,84,41,114,121,132,67,26,117,41,199,171,153,61,101,116,80,176,189,80,49,36,70,176,108,87,50,84,138,255,123,113,"c(32.6347064607657, 0.437195688123028)"
UG200000003009,2000,3009,NULL,U,0.0707919099068,32.1106296175,139,127,173,147,176,52,45,103,107,95,142,96,102,42,87,255,118,58,42,94,53,201,281,221,144,103,171,270,127,75,21,101,107,136,58,36,98,48,169,196,172,55,73,136,74,169,206,94,56,46,77,200,138,68,30,85,125,230,127,129,"c(32.1106296174533, 0.0707919099068219)"
UG200000003010,2000,3010,NULL,R,0.0945399930798,32.300546022,172,143,220,162,197,72,56,92,99,93,153,100,123,45,111,285,133,76,51,87,45,215,310,248,170,115,219,300,135,97,29,104,101,136,61,38,126,57,218,223,202,76,99,128,66,176,227,103,67,50,93,220,152,93,40,82,119,246,136,143,"c(32.3005460219584, 0.0945399930798425)"
UG200000003011,2000,3011,NULL,R,0.286135388791,32.479538406,151,129,203,134,156,68,55,87,111,93,151,77,101,35,101,244,107,64,50,82,47,221,302,210,143,99,203,255,103,84,32,110,112,135,61,29,114,50,204,183,166,65,95,120,73,179,209,83,54,44,78,186,118,86,43,82,129,254,129,115,"c(32.4795384060415, 0.286135388790647)"
UG200000003012,2000,3012,NULL,R,0.138729542213,32.1921092905,153,137,186,144,161,58,51,99,107,101,150,94,110,44,94,254,109,62,46,91,49,222,296,226,155,110,186,268,112,80,25,105,108,146,60,35,111,53,186,195,165,61,85,134,72,185,216,94,60,49,80,198,127,76,35,84,126,255,131,129,"c(32.1921092904937, 0.138729542213398)"
UG200000003013,2000,3013,NULL,R,0.2753376717,31.8246687057,110,103,145,99,84,31,41,87,108,114,135,73,77,29,73,182,56,35,37,66,53,198,248,163,112,79,141,192,63,43,18,66,101,146,55,27,69,34,145,131,81,30,53,94,74,174,173,70,38,37,64,144,67,38,27,60,109,227,113,89,"c(31.8246687057323, 0.275337671699897)"
UG200000003014,2000,3014,NULL,R,0.42908511698,32.6798543233,152,112,191,129,148,73,63,82,126,90,142,70,97,26,92,240,101,60,56,80,52,224,297,215,139,82,187,242,95,83,42,112,123,132,68,26,120,41,198,172,154,60,101,114,82,177,189,81,49,36,70,175,108,86,51,82,140,258,123,114,"c(32.67985432331, 0.429085116980329)"
UG200000003016,2000,3016,NULL,R,0.271081676858,32.3617392307,141,131,191,129,135,60,49,91,113,99,149,80,96,37,96,232,92,60,44,86,48,231,294,210,137,102,193,245,90,77,28,110,115,144,59,30,106,51,193,174,144,60,83,126,75,189,207,83,52,45,76,179,104,78,37,83,131,264,127,114,"c(32.3617392307158, 0.271081676858239)"
UG200000003105,2000,3105,NULL,R,0.0750784143753,32.486666975,202,148,266,187,243,89,66,79,93,90,158,107,142,45,134,332,163,89,60,75,41,217,326,276,193,118,263,347,162,113,35,96,93,130,63,40,146,60,263,263,245,89,119,110,61,172,239,114,77,51,107,253,179,109,46,75,111,246,143,162,"c(32.4866669749605, 0.0750784143752941)"
UG200000003108,2000,3108,NULL,R,-0.661523441496,32.0979192502,188,203,311,276,308,87,54,70,103,84,133,143,170,71,150,408,212,100,62,75,53,183,301,283,225,211,301,459,241,120,29,78,97,122,63,56,146,85,253,310,243,84,100,99,78,150,245,145,100,83,153,305,218,97,33,64,110,189,150,204,"c(32.0979192501837, -0.66152344149563)"
UG200000003201,2000,3201,NULL,U,0.368567949463,32.9495639812,183,149,230,159,182,92,72,94,135,115,180,73,115,31,112,281,125,72,64,92,55,268,369,246,170,110,219,279,118,100,44,127,129,156,86,32,143,51,246,201,188,71,110,125,92,213,225,97,60,46,85,206,131,100,55,96,149,310,150,133,"c(32.9495639812304, 0.368567949463344)"
UG200000003202,2000,3202,NULL,U,0.418996414296,33.156720367,150,152,215,166,156,85,58,82,129,123,185,59,92,28,108,276,107,62,51,81,51,255,370,226,147,115,197,265,105,90,34,108,120,150,94,32,122,45,251,188,160,58,77,102,95,206,207,93,49,46,83,203,113,84,43,83,139,299,147,121,"c(33.1567203670177, 0.418996414296049)"
UG200000003203,2000,3203,NULL,U,0.420652856638,33.1302906171,153,148,216,165,169,90,66,88,131,122,186,60,94,28,108,277,116,66,57,87,52,257,375,226,148,111,199,268,113,96,39,116,122,151,95,32,124,45,250,190,174,63,89,111,95,207,212,92,50,45,83,204,122,90,49,89,142,301,150,121,"c(33.1302906171482, 0.420652856637756)"
UG200000003205,2000,3205,NULL,U,0.53184456264,32.7516306488,152,113,182,129,151,77,64,89,122,88,139,63,93,23,87,241,102,59,57,87,50,222,295,207,138,82,176,238,97,85,44,123,119,130,75,23,125,39,197,166,157,59,97,122,80,174,178,77,46,35,66,172,110,88,52,90,134,256,120,107,"c(32.7516306488111, 0.531844562640251)"
UG200000003206,2000,3206,NULL,U,0.707657014275,32.8992978315,127,117,170,151,146,75,70,103,127,97,139,52,75,21,82,276,98,52,62,102,52,226,293,193,121,84,160,258,99,81,49,139,123,136,87,21,114,34,206,175,153,50,91,134,89,178,158,71,37,35,64,194,110,82,57,103,135,264,116,95,"c(32.899297831542, 0.707657014274826)"
UG200000003207,2000,3207,NULL,R,0.95365086895,32.8224581109,87,107,169,156,161,84,75,128,153,105,133,45,47,15,77,298,110,53,62,113,52,239,296,157,83,74,150,258,120,92,63,148,131,156,102,14,84,26,220,155,170,52,81,140,99,203,136,53,23,31,65,202,131,93,65,113,142,286,111,69,"c(32.8224581109427, 0.953650868949932)"
UG200000003208,2000,3208,NULL,R,0.361247885476,32.9285657258,183,149,230,159,182,92,72,94,135,115,180,73,115,31,112,281,125,72,64,92,55,268,369,246,170,110,219,279,118,100,44,127,129,156,86,32,143,51,246,201,188,71,110,125,92,213,225,97,60,46,85,206,131,100,55,96,149,310,150,133,"c(32.9285657257509, 0.361247885476243)"
UG200000003209,2000,3209,NULL,R,0.360591255603,33.1412945669,154,153,217,158,163,85,60,80,121,116,188,62,95,29,107,265,111,64,52,80,48,248,378,229,148,116,200,259,108,90,35,107,114,145,92,33,121,49,244,185,166,60,83,102,88,199,218,94,50,46,83,195,116,85,44,82,132,288,151,124,"c(33.1412945668687, 0.360591255603089)"
UG200000003210,2000,3210,NULL,R,0.319361658054,32.6938985596,173,124,208,146,170,81,67,84,127,94,154,77,112,30,101,269,117,69,60,81,52,235,318,228,158,91,205,274,109,93,42,114,124,138,68,29,133,47,209,199,178,70,113,117,82,186,211,88,59,40,76,199,124,96,53,84,143,270,133,124,"c(32.6938985596419, 0.319361658053678)"
UG200000003211,2000,3211,NULL,R,0.271698484492,32.7871390405,188,138,224,153,173,83,70,83,129,99,167,83,123,33,109,280,120,71,62,79,53,249,345,247,170,100,220,285,111,95,43,113,125,144,71,32,143,52,222,211,180,73,120,115,83,196,230,96,65,44,81,207,124,98,54,84,147,287,144,137,"c(32.7871390404865, 0.271698484492385)"
UG200000003212,2000,3212,NULL,R,0.653682037421,32.8139467548,137,117,175,146,147,73,66,100,124,91,136,55,81,22,83,272,99,52,59,99,51,222,290,195,126,84,167,261,97,79,48,137,121,132,82,20,118,37,202,177,153,51,92,135,84,174,162,71,39,36,65,190,109,81,55,100,133,258,116,97,"c(32.8139467548412, 0.653682037421312)"
UG200000003213,2000,3213,NULL,R,0.651707668359,32.7875546604,133,114,174,139,147,72,65,98,122,89,134,55,79,22,81,261,98,52,58,98,51,223,288,193,121,82,166,253,95,78,48,137,120,132,81,20,114,37,197,171,152,51,92,135,81,174,163,70,38,35,63,182,108,81,54,99,131,258,116,96,"c(32.7875546603942, 0.651707668359482)"
UG200000003214,2000,3214,NULL,R,0.656775765119,32.9385707457,133,121,172,155,147,76,69,100,128,100,142,53,79,22,85,278,100,53,60,99,52,227,297,198,128,88,162,261,100,82,47,135,122,136,87,23,119,35,208,179,154,52,90,130,90,180,162,74,40,36,65,197,110,82,56,100,136,266,118,99,"c(32.9385707457227, 0.656775765118962)"
UG200000003301,2000,3301,NULL,U,2.41682945061,30.9810289321,54,37,89,103,124,117,85,125,153,225,150,34,67,0,79,156,88,78,88,92,80,193,232,143,83,27,66,112,138,76,143,125,136,180,122,17,24,12,110,95,102,71,100,175,175,207,98,52,8,6,32,87,94,77,99,141,129,239,107,34,"c(30.9810289320875, 2.41682945060609)"
UG200000003303,2000,3303,NULL,R,2.2931695762,31.3480157628,44,33,86,121,131,102,69,97,128,184,136,26,50,0,72,169,88,67,70,66,67,172,204,110,63,24,59,122,140,65,113,102,113,155,110,12,22,10,109,105,107,60,75,129,145,186,90,39,6,7,30,99,99,68,78,109,114,203,95,27,"c(31.3480157627566, 2.29316957620053)"
UG200000003304,2000,3304,NULL,R,2.52568073027,30.9637912686,48,36,84,103,117,116,84,125,151,225,145,29,60,0,76,155,82,77,87,93,78,191,221,127,77,28,60,111,129,75,146,130,134,180,117,14,21,12,103,95,94,72,108,178,175,204,90,45,7,6,30,83,87,77,99,141,126,235,101,29,"c(30.9637912685588, 2.52568073026868)"
UG200000003305,2000,3305,NULL,R,2.45471474853,31.2477321671,40,32,82,109,122,107,72,104,133,199,143,25,48,0,71,155,82,70,74,72,69,180,211,108,60,24,55,112,131,67,123,110,117,164,114,12,19,10,102,97,98,65,86,142,152,194,89,38,6,6,29,86,91,71,84,116,116,213,98,26,"c(31.2477321670841, 2.45471474852986)"
UG200000003401,2000,3401,NULL,R,1.08955192005,33.9918204117,69,94,128,173,178,130,95,167,148,66,85,25,26,2,69,285,106,72,102,131,23,141,183,147,74,67,59,164,193,105,111,140,94,96,84,20,64,5,225,134,160,63,90,165,119,126,55,58,16,19,51,153,162,120,85,143,123,164,55,53,"c(33.9918204117286, 1.08955192005284)"
UG200000003402,2000,3402,NULL,R,1.17872957103,33.8842686094,65,96,123,183,184,133,99,178,155,66,84,28,23,2,67,301,109,71,105,139,24,143,184,152,67,67,57,174,199,110,118,149,96,97,87,19,61,5,224,139,167,63,95,172,121,126,55,59,14,20,51,163,165,124,90,148,128,170,56,55,"c(33.8842686094138, 1.1787295710316)"
UG200000003403,2000,3403,NULL,R,1.07601774137,33.8558276138,81,107,133,202,191,126,93,174,160,76,92,30,32,4,73,325,117,69,97,140,27,158,198,165,85,72,69,195,198,108,105,152,99,107,90,22,75,5,238,150,175,59,86,170,125,139,62,65,19,23,56,182,169,117,83,149,134,190,62,63,"c(33.8558276137764, 1.07601774137381)"
UG200000003405,2000,3405,NULL,R,1.18216083755,33.7273053711,81,104,122,206,202,131,98,188,170,79,95,34,30,3,69,332,123,67,99,150,29,167,210,174,79,69,64,200,211,115,113,164,104,114,99,21,76,6,232,150,187,59,91,179,129,146,63,66,17,22,55,189,176,122,89,155,141,207,65,65,"c(33.7273053710884, 1.18216083754845)"
UG200000003501,2000,3501,NULL,U,-0.725643067725,31.3993391093,89,102,157,165,112,24,16,45,87,86,102,91,85,30,82,218,134,24,18,33,38,120,174,163,113,120,156,224,148,20,7,36,68,118,55,42,72,38,141,150,97,12,17,58,67,119,164,82,49,52,106,175,119,16,7,27,81,146,116,107,"c(31.3993391093328, -0.725643067725375)"
UG200000003502,2000,3502,NULL,R,-0.361974882465,31.1894088558,80,84,114,112,51,19,21,68,102,103,105,67,68,23,61,160,72,19,23,43,42,110,168,128,91,82,114,139,82,17,9,36,72,122,58,34,58,27,109,100,49,10,19,74,81,123,144,61,38,45,81,131,64,13,9,37,90,155,110,80,"c(31.1894088557588, -0.361974882465162)"
UG200000003503,2000,3503,NULL,R,-0.776870823016,31.3981859075,89,103,157,169,112,24,15,43,84,84,101,92,86,30,82,221,136,23,17,31,36,119,173,165,114,123,155,229,150,19,7,34,65,116,55,42,73,38,141,152,97,12,16,55,64,117,164,84,50,53,107,177,119,15,6,25,77,143,117,110,"c(31.3981859074599, -0.776870823015719)"
UG200000003504,2000,3504,NULL,R,-0.571765547722,31.3533998737,79,92,137,137,83,22,16,51,89,89,103,79,72,27,72,187,104,21,18,36,39,112,173,146,98,98,137,180,117,19,7,34,67,114,56,38,62,32,129,126,75,11,17,62,70,116,155,71,41,47,94,151,94,15,7,30,83,145,112,94,"c(31.3533998737375, -0.57176554772219)"
UG200000003505,2000,3505,NULL,R,-0.570273459743,31.6583298706,100,116,189,184,176,41,25,51,103,77,101,101,93,41,92,255,162,43,30,44,49,138,188,187,124,120,185,270,185,45,11,43,88,117,50,40,79,42,161,181,150,30,34,64,80,127,166,89,54,54,110,202,157,37,13,34,104,156,114,121,"c(31.6583298706011, -0.570273459743145)"
UG200000003601,2000,3601,NULL,U,-0.88655451979,29.6347692346,92,102,114,102,54,87,70,127,135,134,155,96,119,6,79,155,116,69,50,56,34,143,184,158,125,106,115,111,124,38,33,60,108,168,92,65,95,37,128,61,51,4,2,170,107,122,153,91,49,66,109,119,82,18,17,57,79,161,161,115,"c(29.6347692345916, -0.886554519790442)"
UG200000003602,2000,3602,NULL,R,-0.774618286079,29.7557901604,83,95,104,107,49,72,55,117,130,133,158,99,100,5,72,157,118,61,42,53,32,131,190,164,109,93,104,111,121,32,27,53,99,163,93,62,81,35,115,56,52,4,2,146,100,121,154,91,44,60,98,122,81,16,14,53,76,161,163,114,"c(29.7557901604178, -0.774618286079064)"
UG200000003603,2000,3603,NULL,R,-0.631031228042,29.7292517725,67,80,92,98,49,63,48,108,122,123,129,78,75,4,62,146,108,53,39,49,31,116,159,134,82,76,91,103,110,30,24,48,92,146,78,51,61,30,100,52,49,5,2,133,93,109,127,75,33,50,83,113,74,16,14,50,71,147,133,91,"c(29.7292517725255, -0.631031228042018)"
UG200000003604,2000,3604,NULL,R,-1.0201502041,29.8331665197,104,122,135,133,57,64,55,117,154,130,158,106,130,10,93,199,140,51,35,47,38,145,189,171,147,132,134,142,152,27,23,56,114,170,94,68,107,42,148,77,58,2,1,144,120,123,157,98,57,79,129,153,95,12,10,48,89,163,168,124,"c(29.8331665196846, -1.02015020410191)"
UG200000003605,2000,3605,NULL,R,-1.00759462194,30.0079593649,99,113,121,115,45,49,45,96,130,115,146,99,114,10,80,171,118,40,28,38,31,128,174,162,134,123,119,123,127,21,18,47,93,153,87,62,94,38,128,64,48,2,1,111,100,113,147,92,53,74,115,133,80,9,8,38,76,148,158,117,"c(30.0079593648591, -1.00759462193928)"
UG200000003606,2000,3606,NULL,R,-0.607548589503,29.8021840141,71,78,94,98,49,57,44,106,124,127,136,81,73,4,63,149,108,50,35,48,31,118,169,142,82,74,92,103,109,28,22,47,92,150,83,53,60,29,100,52,49,5,2,125,94,114,135,79,33,49,84,115,75,15,13,48,72,153,141,96,"c(29.8021840140876, -0.607548589502604)"
UG200000003607,2000,3607,NULL,R,-0.930818329826,29.5986974454,85,96,107,100,60,92,69,122,125,128,147,91,112,7,74,152,127,73,48,54,32,140,174,148,117,103,108,109,138,40,32,59,102,162,88,62,88,35,120,62,55,4,2,167,100,116,146,86,45,63,103,116,91,18,16,54,73,153,153,110,"c(29.5986974453615, -0.930818329826165)"
UG200000003608,2000,3608,NULL,R,-0.601369446038,29.775073485,65,74,87,91,46,58,42,97,115,120,129,76,69,4,59,137,100,49,34,44,29,112,160,133,77,70,86,96,100,28,21,42,86,142,79,50,56,28,94,48,46,5,2,115,87,107,127,74,30,46,78,106,69,15,13,44,67,144,133,90,"c(29.7750734849852, -0.601369446037672)"
UG200000003609,2000,3609,NULL,R,-0.810021897591,29.9962006825,118,109,118,104,35,54,54,113,147,134,170,107,127,7,78,154,90,47,40,50,35,136,204,180,148,111,116,107,91,24,24,55,107,171,101,66,104,39,124,55,38,3,1,133,113,129,171,98,60,72,112,121,62,12,12,49,87,170,180,125,"c(29.9962006824589, -0.810021897591241)"
UG200000003610,2000,3610,NULL,R,-0.610433351844,29.7638489883,65,74,87,91,46,58,42,97,115,120,129,76,69,4,59,137,100,49,34,44,29,112,160,133,77,70,86,96,100,28,21,42,86,142,79,50,56,28,94,48,46,5,2,115,87,107,127,74,30,46,78,106,69,15,13,44,67,144,133,90,"c(29.7638489882813, -0.610433351844468)"
UG200000003611,2000,3611,NULL,U,-0.787935066994,29.9264987167,123,111,123,106,37,61,54,122,156,141,176,107,133,7,82,157,92,53,41,54,38,141,211,181,153,111,122,109,92,27,25,58,115,178,104,67,109,40,131,56,40,4,2,145,120,135,175,98,62,73,117,123,63,14,12,54,92,178,184,125,"c(29.9264987167376, -0.787935066994017)"
UG200000003701,2000,3701,NULL,U,1.72000940515,33.5862998622,72,69,93,166,181,128,109,239,207,83,83,23,19,0,42,276,95,67,101,164,26,186,203,102,54,47,28,156,196,104,146,172,108,139,102,9,68,5,170,126,150,66,114,218,147,203,59,36,9,11,37,164,164,144,114,175,143,228,60,31,"c(33.5862998622194, 1.72000940515315)"
UG200000003702,2000,3702,NULL,U,1.70693004551,33.6358019712,77,73,88,174,191,133,112,248,212,85,85,21,20,0,40,288,100,70,104,170,26,195,205,96,58,50,25,162,209,106,152,174,108,144,103,8,73,5,162,131,159,68,118,225,151,216,58,34,9,11,36,169,174,150,118,181,145,238,60,29,"c(33.6358019711757, 1.70693004550518)"
UG200000003704,2000,3704,NULL,R,1.42158418477,33.3585481386,60,87,113,172,176,96,78,173,186,86,95,37,23,2,55,302,106,48,69,141,32,185,232,162,54,55,63,194,173,94,95,166,113,137,105,17,59,9,196,129,159,45,70,167,118,170,69,57,13,18,48,187,150,99,76,142,149,233,70,59,"c(33.3585481386278, 1.42158418477429)"
UG200000003705,2000,3705,NULL,R,1.75335456537,33.6984145545,71,75,94,161,179,131,110,241,201,74,83,22,18,1,44,264,90,67,105,163,21,182,198,100,52,52,23,147,198,95,157,158,97,132,99,8,67,5,175,120,148,66,122,215,143,215,53,36,8,10,38,152,163,146,119,175,132,220,57,29,"c(33.6984145545109, 1.7533545653684)"
UG200000003706,2000,3706,NULL,R,1.98608646874,34.0896615137,50,54,88,132,136,135,114,191,152,57,66,19,11,0,42,221,70,55,110,153,16,140,150,88,38,40,18,120,156,88,137,147,83,96,75,9,41,4,147,100,113,55,116,180,125,180,43,37,6,7,31,115,138,123,109,150,112,157,43,25,"c(34.0896615136545, 1.98608646873844)"
UG200000003801,2000,3801,NULL,U,0.776347690901,34.1381966222,79,103,143,161,176,114,78,130,130,91,118,25,39,3,73,254,109,74,84,103,21,181,237,169,107,75,67,149,190,92,86,110,88,123,99,28,77,5,227,129,155,63,71,131,116,164,75,73,26,21,51,135,166,100,68,121,110,198,74,66,"c(34.1381966222312, 0.776347690900544)"
UG200000003802,2000,3802,NULL,U,0.670309970204,34.1715896406,95,115,175,212,211,121,75,139,158,116,148,31,50,5,90,333,132,83,79,111,27,230,294,201,130,82,86,198,217,101,79,119,109,158,120,34,90,7,262,170,183,69,68,139,137,209,102,88,32,25,63,177,192,106,64,133,133,248,94,82,"c(34.171589640583, 0.670309970204166)"
UG200000003803,2000,3803,NULL,U,0.644400158478,34.2641598907,86,110,176,204,204,126,78,132,145,109,148,28,45,3,88,322,126,89,83,102,22,220,293,193,124,80,80,185,217,103,84,108,101,152,121,33,83,5,260,167,173,75,71,130,128,202,99,86,30,23,61,166,189,108,66,126,120,231,92,77,"c(34.2641598907386, 0.644400158477896)"
UG200000003804,2000,3804,NULL,R,0.614817128957,33.9449539803,93,112,153,201,170,103,73,131,146,104,135,34,51,8,82,309,113,67,75,113,31,202,266,197,116,74,93,203,161,92,70,126,97,134,106,32,84,9,232,155,157,56,67,137,121,178,104,85,31,26,59,179,149,94,61,128,129,230,91,87,"c(33.9449539802641, 0.614817128957471)"
UG200000003805,2000,3805,NULL,R,0.620092565761,33.9419947255,93,112,153,201,170,103,73,131,146,104,135,34,51,8,82,309,113,67,75,113,31,202,266,197,116,74,93,203,161,92,70,126,97,134,106,32,84,9,232,155,157,56,67,137,121,178,104,85,31,26,59,179,149,94,61,128,129,230,91,87,"c(33.9419947255479, 0.620092565760872)"
UG200000003806,2000,3806,NULL,R,0.767462010222,34.0128121515,79,105,130,176,169,116,77,140,131,85,112,27,39,5,68,276,107,71,82,115,23,167,226,169,99,73,68,168,173,98,82,125,86,112,95,27,75,5,212,135,153,60,69,142,112,149,74,72,25,23,49,152,154,104,67,130,112,190,72,69,"c(34.0128121515377, 0.767462010222348)"
UG200000003807,2000,3807,NULL,R,0.333958765186,34.0546380136,98,124,200,233,192,97,67,128,170,128,167,36,60,10,104,365,128,75,67,105,37,253,320,205,133,83,116,238,173,91,59,117,121,173,121,35,85,15,259,193,169,62,64,130,136,229,147,93,36,30,73,204,162,87,53,129,147,270,115,96,"c(34.0546380136465, 0.333958765185868)"
UG200000003808,2000,3808,NULL,R,0.315036759417,33.9290789071,100,115,179,207,165,81,57,99,136,110,153,37,61,11,97,315,114,60,59,87,35,214,288,200,129,77,119,224,143,76,48,99,98,141,105,35,84,17,235,171,152,53,58,108,111,189,142,90,37,29,67,186,138,74,46,103,123,235,107,97,"c(33.9290789071455, 0.315036759416568)"
UG200000003809,2000,3809,NULL,R,0.847979584431,34.1869509712,74,97,141,151,170,115,80,129,124,83,112,24,34,3,72,241,103,74,88,101,19,169,225,163,100,72,63,138,187,91,91,106,84,115,95,27,72,4,224,123,148,65,75,130,111,154,70,70,23,20,49,125,161,101,70,119,104,182,69,62,"c(34.1869509711977, 0.847979584430603)"
UG200000000201,2000,201,NULL,U,0,0,NA,NA,NA,NA,NA,NA,NA,NA,NA,NA,NA,NA,NA,NA,NA,NA,NA,NA,NA,NA,NA,NA,NA,NA,NA,NA,NA,NA,NA,NA,NA,NA,NA,NA,NA,NA,NA,NA,NA,NA,NA,NA,NA,NA,NA,NA,NA,NA,NA,NA,NA,NA,NA,NA,NA,NA,NA,NA,NA,NA,"c(0.000000000000000333066907387547, -0.00000000000000155431223447522)"
UG200000000205,2000,205,NULL,R,0,0,NA,NA,NA,NA,NA,NA,NA,NA,NA,NA,NA,NA,NA,NA,NA,NA,NA,NA,NA,NA,NA,NA,NA,NA,NA,NA,NA,NA,NA,NA,NA,NA,NA,NA,NA,NA,NA,NA,NA,NA,NA,NA,NA,NA,NA,NA,NA,NA,NA,NA,NA,NA,NA,NA,NA,NA,NA,NA,NA,NA,"c(0.000000000000000333066907387547, -0.00000000000000155431223447522)"
UG200000000706,2000,706,NULL,R,0,0,NA,NA,NA,NA,NA,NA,NA,NA,NA,NA,NA,NA,NA,NA,NA,NA,NA,NA,NA,NA,NA,NA,NA,NA,NA,NA,NA,NA,NA,NA,NA,NA,NA,NA,NA,NA,NA,NA,NA,NA,NA,NA,NA,NA,NA,NA,NA,NA,NA,NA,NA,NA,NA,NA,NA,NA,NA,NA,NA,NA,"c(0.000000000000000333066907387547, -0.00000000000000155431223447522)"
UG200000000707,2000,707,NULL,R,0,0,NA,NA,NA,NA,NA,NA,NA,NA,NA,NA,NA,NA,NA,NA,NA,NA,NA,NA,NA,NA,NA,NA,NA,NA,NA,NA,NA,NA,NA,NA,NA,NA,NA,NA,NA,NA,NA,NA,NA,NA,NA,NA,NA,NA,NA,NA,NA,NA,NA,NA,NA,NA,NA,NA,NA,NA,NA,NA,NA,NA,"c(0.000000000000000333066907387547, -0.00000000000000155431223447522)"
UG200000000907,2000,907,NULL,U,0,0,NA,NA,NA,NA,NA,NA,NA,NA,NA,NA,NA,NA,NA,NA,NA,NA,NA,NA,NA,NA,NA,NA,NA,NA,NA,NA,NA,NA,NA,NA,NA,NA,NA,NA,NA,NA,NA,NA,NA,NA,NA,NA,NA,NA,NA,NA,NA,NA,NA,NA,NA,NA,NA,NA,NA,NA,NA,NA,NA,NA,"c(0.000000000000000333066907387547, -0.00000000000000155431223447522)"
UG200000001203,2000,1203,NULL,U,0,0,NA,NA,NA,NA,NA,NA,NA,NA,NA,NA,NA,NA,NA,NA,NA,NA,NA,NA,NA,NA,NA,NA,NA,NA,NA,NA,NA,NA,NA,NA,NA,NA,NA,NA,NA,NA,NA,NA,NA,NA,NA,NA,NA,NA,NA,NA,NA,NA,NA,NA,NA,NA,NA,NA,NA,NA,NA,NA,NA,NA,"c(0.000000000000000333066907387547, -0.00000000000000155431223447522)"
UG200000001601,2000,1601,NULL,R,0,0,NA,NA,NA,NA,NA,NA,NA,NA,NA,NA,NA,NA,NA,NA,NA,NA,NA,NA,NA,NA,NA,NA,NA,NA,NA,NA,NA,NA,NA,NA,NA,NA,NA,NA,NA,NA,NA,NA,NA,NA,NA,NA,NA,NA,NA,NA,NA,NA,NA,NA,NA,NA,NA,NA,NA,NA,NA,NA,NA,NA,"c(0.000000000000000333066907387547, -0.00000000000000155431223447522)"
UG200000002201,2000,2201,NULL,U,0,0,NA,NA,NA,NA,NA,NA,NA,NA,NA,NA,NA,NA,NA,NA,NA,NA,NA,NA,NA,NA,NA,NA,NA,NA,NA,NA,NA,NA,NA,NA,NA,NA,NA,NA,NA,NA,NA,NA,NA,NA,NA,NA,NA,NA,NA,NA,NA,NA,NA,NA,NA,NA,NA,NA,NA,NA,NA,NA,NA,NA,"c(0.000000000000000333066907387547, -0.00000000000000155431223447522)"
UG200000002203,2000,2203,NULL,R,0,0,NA,NA,NA,NA,NA,NA,NA,NA,NA,NA,NA,NA,NA,NA,NA,NA,NA,NA,NA,NA,NA,NA,NA,NA,NA,NA,NA,NA,NA,NA,NA,NA,NA,NA,NA,NA,NA,NA,NA,NA,NA,NA,NA,NA,NA,NA,NA,NA,NA,NA,NA,NA,NA,NA,NA,NA,NA,NA,NA,NA,"c(0.000000000000000333066907387547, -0.00000000000000155431223447522)"
UG200000002205,2000,2205,NULL,R,0,0,NA,NA,NA,NA,NA,NA,NA,NA,NA,NA,NA,NA,NA,NA,NA,NA,NA,NA,NA,NA,NA,NA,NA,NA,NA,NA,NA,NA,NA,NA,NA,NA,NA,NA,NA,NA,NA,NA,NA,NA,NA,NA,NA,NA,NA,NA,NA,NA,NA,NA,NA,NA,NA,NA,NA,NA,NA,NA,NA,NA,"c(0.000000000000000333066907387547, -0.00000000000000155431223447522)"
UG200000002207,2000,2207,NULL,R,0,0,NA,NA,NA,NA,NA,NA,NA,NA,NA,NA,NA,NA,NA,NA,NA,NA,NA,NA,NA,NA,NA,NA,NA,NA,NA,NA,NA,NA,NA,NA,NA,NA,NA,NA,NA,NA,NA,NA,NA,NA,NA,NA,NA,NA,NA,NA,NA,NA,NA,NA,NA,NA,NA,NA,NA,NA,NA,NA,NA,NA,"c(0.000000000000000333066907387547, -0.00000000000000155431223447522)"
UG200000002503,2000,2503,NULL,R,0,0,NA,NA,NA,NA,NA,NA,NA,NA,NA,NA,NA,NA,NA,NA,NA,NA,NA,NA,NA,NA,NA,NA,NA,NA,NA,NA,NA,NA,NA,NA,NA,NA,NA,NA,NA,NA,NA,NA,NA,NA,NA,NA,NA,NA,NA,NA,NA,NA,NA,NA,NA,NA,NA,NA,NA,NA,NA,NA,NA,NA,"c(0.000000000000000333066907387547, -0.00000000000000155431223447522)"
UG200000002901,2000,2901,NULL,U,0,0,NA,NA,NA,NA,NA,NA,NA,NA,NA,NA,NA,NA,NA,NA,NA,NA,NA,NA,NA,NA,NA,NA,NA,NA,NA,NA,NA,NA,NA,NA,NA,NA,NA,NA,NA,NA,NA,NA,NA,NA,NA,NA,NA,NA,NA,NA,NA,NA,NA,NA,NA,NA,NA,NA,NA,NA,NA,NA,NA,NA,"c(0.000000000000000333066907387547, -0.00000000000000155431223447522)"
UG200000002902,2000,2902,NULL,R,0,0,NA,NA,NA,NA,NA,NA,NA,NA,NA,NA,NA,NA,NA,NA,NA,NA,NA,NA,NA,NA,NA,NA,NA,NA,NA,NA,NA,NA,NA,NA,NA,NA,NA,NA,NA,NA,NA,NA,NA,NA,NA,NA,NA,NA,NA,NA,NA,NA,NA,NA,NA,NA,NA,NA,NA,NA,NA,NA,NA,NA,"c(0.000000000000000333066907387547, -0.00000000000000155431223447522)"
UG200000002903,2000,2903,NULL,R,0,0,NA,NA,NA,NA,NA,NA,NA,NA,NA,NA,NA,NA,NA,NA,NA,NA,NA,NA,NA,NA,NA,NA,NA,NA,NA,NA,NA,NA,NA,NA,NA,NA,NA,NA,NA,NA,NA,NA,NA,NA,NA,NA,NA,NA,NA,NA,NA,NA,NA,NA,NA,NA,NA,NA,NA,NA,NA,NA,NA,NA,"c(0.000000000000000333066907387547, -0.00000000000000155431223447522)"
UG200000003008,2000,3008,NULL,U,0,0,NA,NA,NA,NA,NA,NA,NA,NA,NA,NA,NA,NA,NA,NA,NA,NA,NA,NA,NA,NA,NA,NA,NA,NA,NA,NA,NA,NA,NA,NA,NA,NA,NA,NA,NA,NA,NA,NA,NA,NA,NA,NA,NA,NA,NA,NA,NA,NA,NA,NA,NA,NA,NA,NA,NA,NA,NA,NA,NA,NA,"c(0.000000000000000333066907387547, -0.00000000000000155431223447522)"
UG200000003015,2000,3015,NULL,R,0,0,NA,NA,NA,NA,NA,NA,NA,NA,NA,NA,NA,NA,NA,NA,NA,NA,NA,NA,NA,NA,NA,NA,NA,NA,NA,NA,NA,NA,NA,NA,NA,NA,NA,NA,NA,NA,NA,NA,NA,NA,NA,NA,NA,NA,NA,NA,NA,NA,NA,NA,NA,NA,NA,NA,NA,NA,NA,NA,NA,NA,"c(0.000000000000000333066907387547, -0.00000000000000155431223447522)"
UG200000003101,2000,3101,NULL,U,0,0,NA,NA,NA,NA,NA,NA,NA,NA,NA,NA,NA,NA,NA,NA,NA,NA,NA,NA,NA,NA,NA,NA,NA,NA,NA,NA,NA,NA,NA,NA,NA,NA,NA,NA,NA,NA,NA,NA,NA,NA,NA,NA,NA,NA,NA,NA,NA,NA,NA,NA,NA,NA,NA,NA,NA,NA,NA,NA,NA,NA,"c(0.000000000000000333066907387547, -0.00000000000000155431223447522)"
UG200000003102,2000,3102,NULL,U,0,0,NA,NA,NA,NA,NA,NA,NA,NA,NA,NA,NA,NA,NA,NA,NA,NA,NA,NA,NA,NA,NA,NA,NA,NA,NA,NA,NA,NA,NA,NA,NA,NA,NA,NA,NA,NA,NA,NA,NA,NA,NA,NA,NA,NA,NA,NA,NA,NA,NA,NA,NA,NA,NA,NA,NA,NA,NA,NA,NA,NA,"c(0.000000000000000333066907387547, -0.00000000000000155431223447522)"
UG200000003103,2000,3103,NULL,R,0,0,NA,NA,NA,NA,NA,NA,NA,NA,NA,NA,NA,NA,NA,NA,NA,NA,NA,NA,NA,NA,NA,NA,NA,NA,NA,NA,NA,NA,NA,NA,NA,NA,NA,NA,NA,NA,NA,NA,NA,NA,NA,NA,NA,NA,NA,NA,NA,NA,NA,NA,NA,NA,NA,NA,NA,NA,NA,NA,NA,NA,"c(0.000000000000000333066907387547, -0.00000000000000155431223447522)"
UG200000003104,2000,3104,NULL,R,0,0,NA,NA,NA,NA,NA,NA,NA,NA,NA,NA,NA,NA,NA,NA,NA,NA,NA,NA,NA,NA,NA,NA,NA,NA,NA,NA,NA,NA,NA,NA,NA,NA,NA,NA,NA,NA,NA,NA,NA,NA,NA,NA,NA,NA,NA,NA,NA,NA,NA,NA,NA,NA,NA,NA,NA,NA,NA,NA,NA,NA,"c(0.000000000000000333066907387547, -0.00000000000000155431223447522)"
UG200000003106,2000,3106,NULL,R,0,0,NA,NA,NA,NA,NA,NA,NA,NA,NA,NA,NA,NA,NA,NA,NA,NA,NA,NA,NA,NA,NA,NA,NA,NA,NA,NA,NA,NA,NA,NA,NA,NA,NA,NA,NA,NA,NA,NA,NA,NA,NA,NA,NA,NA,NA,NA,NA,NA,NA,NA,NA,NA,NA,NA,NA,NA,NA,NA,NA,NA,"c(0.000000000000000333066907387547, -0.00000000000000155431223447522)"
UG200000003107,2000,3107,NULL,R,0,0,NA,NA,NA,NA,NA,NA,NA,NA,NA,NA,NA,NA,NA,NA,NA,NA,NA,NA,NA,NA,NA,NA,NA,NA,NA,NA,NA,NA,NA,NA,NA,NA,NA,NA,NA,NA,NA,NA,NA,NA,NA,NA,NA,NA,NA,NA,NA,NA,NA,NA,NA,NA,NA,NA,NA,NA,NA,NA,NA,NA,"c(0.000000000000000333066907387547, -0.00000000000000155431223447522)"
UG200000003204,2000,3204,NULL,U,0,0,NA,NA,NA,NA,NA,NA,NA,NA,NA,NA,NA,NA,NA,NA,NA,NA,NA,NA,NA,NA,NA,NA,NA,NA,NA,NA,NA,NA,NA,NA,NA,NA,NA,NA,NA,NA,NA,NA,NA,NA,NA,NA,NA,NA,NA,NA,NA,NA,NA,NA,NA,NA,NA,NA,NA,NA,NA,NA,NA,NA,"c(0.000000000000000333066907387547, -0.00000000000000155431223447522)"
UG200000003302,2000,3302,NULL,U,0,0,NA,NA,NA,NA,NA,NA,NA,NA,NA,NA,NA,NA,NA,NA,NA,NA,NA,NA,NA,NA,NA,NA,NA,NA,NA,NA,NA,NA,NA,NA,NA,NA,NA,NA,NA,NA,NA,NA,NA,NA,NA,NA,NA,NA,NA,NA,NA,NA,NA,NA,NA,NA,NA,NA,NA,NA,NA,NA,NA,NA,"c(0.000000000000000333066907387547, -0.00000000000000155431223447522)"
UG200000003404,2000,3404,NULL,R,0,0,NA,NA,NA,NA,NA,NA,NA,NA,NA,NA,NA,NA,NA,NA,NA,NA,NA,NA,NA,NA,NA,NA,NA,NA,NA,NA,NA,NA,NA,NA,NA,NA,NA,NA,NA,NA,NA,NA,NA,NA,NA,NA,NA,NA,NA,NA,NA,NA,NA,NA,NA,NA,NA,NA,NA,NA,NA,NA,NA,NA,"c(0.000000000000000333066907387547, -0.00000000000000155431223447522)"
UG200000003703,2000,3703,NULL,R,0,0,NA,NA,NA,NA,NA,NA,NA,NA,NA,NA,NA,NA,NA,NA,NA,NA,NA,NA,NA,NA,NA,NA,NA,NA,NA,NA,NA,NA,NA,NA,NA,NA,NA,NA,NA,NA,NA,NA,NA,NA,NA,NA,NA,NA,NA,NA,NA,NA,NA,NA,NA,NA,NA,NA,NA,NA,NA,NA,NA,NA,"c(0.000000000000000333066907387547, -0.00000000000000155431223447522)"
