"","DHSYEAR","DHSCLUST","DHSQUARTER","LONGNUM","LATNUM","battles_present_number_of_conflicts","battles_future_number_of_conflicts","vac_present_number_of_conflicts","vac_future_number_of_conflicts","riots_present_number_of_conflicts","riots_future_number_of_conflicts","protests_present_number_of_conflicts","protests_future_number_of_conflicts"
"1",2016,1,3,32.5682063677,0.320187631511,0,3,0,4,0,0,0,1
"2",2016,2,3,32.5936271164,0.340653350002,0,3,0,4,0,0,0,1
"3",2016,3,3,32.5665559657,0.313103244185,0,3,0,4,0,0,0,1
"4",2016,4,4,32.5581439634,0.353368071333,0,3,2,2,0,0,0,1
"5",2016,5,4,32.5943566295,0.367387686213,0,3,2,2,0,0,0,1
"6",2016,6,4,32.5655578887,0.358632151219,0,3,2,2,0,0,0,1
"7",2016,7,3,32.5676504154,0.379859123014,0,3,0,4,0,0,0,1
"8",2016,8,3,32.5556987257,0.367843107211,0,3,0,4,0,0,0,1
"9",2016,9,3,32.5909922795,0.375812217412,0,3,0,4,0,0,0,1
"10",2016,10,3,32.5854163027,0.354156502627,0,3,0,4,0,0,0,1
"11",2016,11,3,32.5607538623,0.334930302998,0,3,0,4,0,0,0,1
"12",2016,12,3,32.5645960033,0.339935413959,0,3,0,4,0,0,0,1
"13",2016,13,4,32.573541892,0.339649439532,0,3,2,2,0,0,0,1
"14",2016,14,4,32.5406379554,0.321586343724,0,3,2,2,0,0,0,1
"15",2016,15,3,32.5439370693,0.297321872137,0,3,0,4,0,0,0,1
"16",2016,16,4,32.5483096183,0.333287944956,0,3,2,2,0,0,0,1
"17",2016,17,3,32.5597637715,0.3292405435,0,3,0,4,0,0,0,1
"18",2016,18,4,32.5429969514,0.30548621477,0,3,2,2,0,0,0,1
"19",2016,19,3,32.5388042113,0.320129901586,0,3,0,4,0,0,0,1
"20",2016,20,3,32.5445732201,0.342636172677,0,3,0,4,0,0,0,1
"21",2016,21,3,32.5400486825,0.31763599334,0,3,0,4,0,0,0,1
"22",2016,22,4,32.5409752188,0.285404906835,0,3,2,2,0,0,0,1
"23",2016,23,4,32.570912935,0.30435760554,0,3,2,2,0,0,0,1
"24",2016,24,3,32.5583797035,0.330321739006,0,3,0,4,0,0,0,1
"25",2016,25,4,32.5596263383,0.292290874948,0,3,2,2,0,0,0,1
"26",2016,26,3,32.6309673631,0.288825643964,0,3,0,3,0,0,0,1
"27",2016,27,3,32.6366169584,0.256769844875,0,3,0,3,0,0,0,1
"28",2016,28,3,32.5951493059,0.28212371734,0,3,0,4,0,0,0,1
"29",2016,29,3,32.591399445,0.315483963,0,3,0,4,0,0,0,1
"30",2016,30,4,32.5962969135,0.303050567599,0,3,2,2,0,0,0,1
"31",2016,31,4,32.5725314871,0.293135925102,0,3,2,2,0,0,0,1
"32",2016,32,4,32.5938227778,0.290363566407,0,3,2,2,0,0,0,1
"33",2016,33,4,32.5878424261,0.271943687787,0,3,2,2,0,0,0,1
"34",2016,34,4,32.5778489796,0.286188895609,0,3,2,2,0,0,0,1
"35",2016,35,3,32.5838391581,0.296949098009,0,3,0,4,0,0,0,1
"36",2016,36,4,32.6091047005,0.266984096616,0,3,1,2,0,0,0,1
"37",2016,37,3,32.5970508167,0.312314079882,0,3,0,4,0,0,0,1
"38",2016,38,3,32.6048857864,0.347769190956,0,3,0,4,0,0,0,1
"39",2016,39,3,32.6038784194,0.370568722972,0,3,0,4,0,0,0,1
"40",2016,40,4,32.6384797752,0.332044334955,0,3,2,2,0,0,0,1
"41",2016,41,4,32.597001741,0.388959006279,0,3,2,2,0,0,0,1
"42",2016,42,4,32.627365442,0.344806666483,0,3,2,2,0,0,0,1
"43",2016,43,4,32.6486253475,0.307357110697,0,3,1,2,0,0,0,1
"44",2016,44,4,32.642829482,0.301909519025,0,3,1,2,0,0,0,1
"45",2016,45,4,32.6060216814,0.334812744317,0,3,2,2,0,0,0,1
"46",2016,46,3,31.9867370089,-0.322854885702,0,0,0,0,0,0,0,0
"47",2016,47,2,31.7184213279,-0.366113969319,0,0,0,1,0,0,0,0
"48",2016,48,3,31.7590655154,-0.284714262202,0,0,0,1,0,0,0,0
"49",2016,49,3,31.8123080284,-0.194976469028,0,0,0,1,0,0,0,0
"50",2016,50,4,31.7266529082,-0.0922330862719,0,0,0,1,0,0,0,0
"51",2016,51,2,31.6602425888,-0.135916753274,0,0,0,1,0,0,0,0
"52",2016,52,2,31.585777671,-0.0438857202967,0,0,0,2,0,0,0,0
"53",2016,53,3,31.5051106433,0.10364931914,0,0,0,1,0,0,0,0
"54",2016,54,4,31.3934366624,-0.296553866675,0,0,0,1,0,0,0,0
"55",2016,55,3,31.431955929,-0.110797566309,0,0,0,2,0,0,0,0
"56",2016,56,3,31.2240399359,-0.241244752487,0,0,0,0,0,0,0,0
"57",2016,57,2,31.6251580693,-0.325458698419,0,0,0,2,0,0,0,0
"58",2016,58,2,31.4715521398,-0.41578937619,0,0,0,1,0,0,0,0
"59",2016,59,3,31.4723978178,-0.897485719125,0,0,0,0,0,0,0,0
"60",2016,60,3,31.2298488984,-0.898894981747,0,0,0,0,0,0,0,0
"61",2016,61,2,31.3520520439,-0.605959670079,0,0,0,1,0,0,0,0
"62",2016,62,3,31.2176649919,-0.759788941608,0,0,0,0,0,0,0,0
"63",2016,63,2,31.4154226049,-0.637788868646,0,0,0,0,0,0,0,0
"64",2016,64,3,31.569281254,-0.631488215446,0,0,0,0,0,0,0,0
"65",2016,65,3,31.7703680265,0.221878136863,0,0,0,0,0,0,0,0
"66",2016,66,3,31.6021755119,0.281604119021,0,0,0,0,0,0,0,0
"67",2016,67,4,31.9905021639,0.116666027756,0,0,0,0,0,0,0,0
"68",2016,68,3,32.0685599448,-0.0114479304264,0,0,0,0,0,0,0,0
"69",2016,70,2,32.2966929569,0.315229757683,0,0,0,0,0,0,0,0
"70",2016,71,3,32.3224685517,0.439076921698,0,0,0,1,0,0,0,0
"71",2016,72,3,32.5168564438,0.0918839329827,0,0,0,1,0,0,0,0
"72",2016,73,3,32.4979161221,0.088866983937,0,0,0,1,0,0,0,0
"73",2016,74,3,32.4582626877,0.275056412019,0,3,0,4,0,0,0,1
"74",2016,75,3,32.5241341404,0.241731717671,0,3,0,4,0,0,0,1
"75",2016,76,3,32.4491053936,0.249496748939,0,3,0,4,0,0,0,1
"76",2016,77,3,32.4990380477,0.130137236865,0,2,0,3,0,0,0,1
"77",2016,78,3,32.5166233687,0.366038042037,0,3,0,4,0,0,0,1
"78",2016,79,4,32.5091786904,0.334690869433,0,3,2,2,0,0,0,1
"79",2016,80,3,32.6152364498,0.443049344112,0,3,0,3,0,0,0,1
"80",2016,81,3,32.5437559649,0.43873295215,0,3,0,3,0,0,0,1
"81",2016,82,2,31.7410015595,-0.318177293285,0,0,0,1,0,0,0,0
"82",2016,83,2,31.7609565399,-0.324365548361,0,0,0,1,0,0,0,0
"83",2016,84,3,31.4848033223,-0.23497110735,0,0,0,3,0,0,0,0
"84",2016,85,2,31.2358311312,-0.394966991373,0,0,0,1,0,0,0,0
"85",2016,86,2,32.3159782072,0.185811328167,0,0,0,0,0,0,0,0
"86",2016,87,3,32.2537707167,0.534546358687,0,0,0,0,0,0,0,0
"87",2016,88,4,32.4676559288,0.401007993735,0,3,2,1,0,0,0,1
"88",2016,90,3,32.5282311086,0.460038478371,0,3,0,3,0,0,0,1
"89",2016,91,3,32.6814565222,0.370627912374,0,3,0,3,0,0,0,1
"90",2016,92,3,32.6313835838,0.392606255757,0,3,0,4,0,0,0,1
"91",2016,93,2,32.6576484081,0.362399967447,1,2,0,0,0,0,0,1
"92",2016,94,3,32.6486018945,0.362703323886,0,3,0,4,0,0,0,1
"93",2016,95,3,32.5565737592,0.251033982368,0,3,0,4,0,0,0,1
"94",2016,96,3,32.5555278528,0.274752658733,0,3,0,4,0,0,0,1
"95",2016,97,3,32.5282071433,0.283336099678,0,3,0,4,0,0,0,1
"96",2016,98,3,32.5896422681,0.240867388505,0,3,0,3,0,0,0,1
"97",2016,99,3,32.5457884642,0.389529411574,0,3,0,4,0,0,0,1
"98",2016,100,3,32.5476578593,0.399447263515,0,3,0,4,0,0,0,1
"99",2016,101,3,32.5493143234,0.35708026208,0,3,0,4,0,0,0,1
"100",2016,102,3,32.4156536428,1.17524670009,0,0,0,0,0,0,0,0
"101",2016,103,3,32.5104624508,1.50798018245,0,0,0,0,0,0,0,0
"102",2016,104,3,32.4396955872,0.726339324637,0,0,0,0,0,0,0,0
"103",2016,105,3,31.899481501,1.3006522438,0,0,0,0,0,0,0,0
"104",2016,106,3,31.5846562698,1.01271064604,0,0,0,0,0,0,0,0
"105",2016,108,3,32.0241685357,0.641479026082,0,0,0,0,0,0,0,0
"106",2016,109,3,31.8995898995,0.788869856886,0,0,0,0,0,0,0,0
"107",2016,110,3,31.5304754699,0.598641070047,0,0,0,0,0,0,0,0
"108",2016,111,3,31.557086127,0.63547512632,0,0,0,0,0,0,0,0
"109",2016,112,3,31.2932795571,0.518697448862,0,0,0,0,0,0,0,0
"110",2016,113,3,31.2420103371,0.411186792879,0,0,0,0,0,0,0,0
"111",2016,114,3,31.6976157625,0.562322843147,0,0,0,0,0,0,0,0
"112",2016,115,3,31.8006416224,0.642594428752,0,0,0,0,0,0,0,0
"113",2016,116,3,31.9448809616,0.460918608209,0,0,0,0,0,0,0,0
"114",2016,117,3,31.9343030047,0.332237497509,0,0,0,0,0,0,0,0
"115",2016,118,3,31.91876108,0.53824849751,0,0,0,0,0,0,0,0
"116",2016,119,3,32.110493965,0.574232405666,0,0,0,0,0,0,0,0
"117",2016,120,3,32.6415624261,0.577773596348,0,0,0,0,0,0,0,0
"118",2016,121,3,32.6544948497,0.867683252647,0,0,0,0,0,0,0,0
"119",2016,122,3,32.5234725325,0.944791759267,0,0,0,0,0,0,0,0
"120",2016,123,3,32.4438083501,0.856831953769,0,0,0,0,0,0,0,0
"121",2016,124,3,32.8780607998,1.09586321626,0,0,0,0,0,0,0,0
"122",2016,125,3,32.893435691,0.875607280671,0,0,0,0,0,0,0,0
"123",2016,126,3,33.0064054276,0.755486581632,0,0,0,0,0,0,0,0
"124",2016,127,3,32.9126628937,0.77229078582,0,0,0,0,0,0,0,0
"125",2016,128,3,32.7207598033,0.451949068346,0,1,0,0,0,0,0,0
"126",2016,129,3,32.8798505791,0.249784451877,0,0,0,0,0,0,0,0
"127",2016,130,3,32.8001714946,0.436326472071,0,0,0,0,0,0,0,0
"128",2016,131,3,32.884335151,0.619267863473,0,0,0,0,0,0,0,0
"129",2016,132,4,32.7833249044,0.602549187215,0,0,0,0,0,0,0,0
"130",2016,133,3,32.7622231768,0.671262908124,0,0,0,0,0,0,0,0
"131",2016,134,3,33.1025993556,0.292240974885,0,0,0,0,0,0,0,0
"132",2016,135,3,32.4557434537,1.06702864315,0,0,0,0,0,0,0,0
"133",2016,136,3,31.5987104989,0.949817647637,0,0,0,0,0,0,0,0
"134",2016,137,3,31.399954636,0.576012456222,0,0,0,0,0,0,0,0
"135",2016,138,3,32.0336355531,0.346799305186,0,0,0,0,0,0,0,0
"136",2016,139,3,32.0747555856,0.392478968504,0,0,0,0,0,0,0,0
"137",2016,140,3,32.4934180359,0.86248999523,0,0,0,0,0,0,0,0
"138",2016,141,3,32.7616097373,0.368269629487,0,0,0,0,0,0,0,0
"139",2016,142,4,32.6958384185,0.431973828053,0,3,1,1,0,0,0,1
"140",2016,143,4,32.7165049409,0.360490932808,0,3,1,1,0,0,0,1
"141",2016,144,3,32.9311743282,0.367140197038,0,0,0,0,0,0,0,0
"142",2016,145,3,33.1716533499,0.441797586285,0,0,0,0,0,0,0,0
"143",2016,146,3,33.1967480629,0.364068794211,0,0,0,0,0,0,0,0
"144",2016,147,4,33.8585268943,0.224903677132,0,0,0,0,0,0,0,0
"145",2016,148,4,33.8933718694,0.421978327249,0,0,0,0,0,0,0,0
"146",2016,149,3,33.3767960336,0.529629758718,0,0,0,0,0,0,0,0
"147",2016,150,3,33.5028817045,0.391346331128,0,0,0,0,0,0,0,0
"148",2016,151,3,33.5465795711,0.321060448407,0,0,0,0,0,0,0,0
"149",2016,152,3,33.8146791043,0.500964477541,0,0,0,0,0,0,0,0
"150",2016,153,3,33.650847263,0.527984121757,0,0,0,0,0,0,0,0
"151",2016,154,3,33.7625897148,0.490952467658,0,0,0,0,0,0,0,0
"152",2016,155,3,33.6296898869,0.672283222565,0,0,0,0,0,0,0,0
"153",2016,156,3,33.6084816465,0.46358112882,0,0,0,0,0,0,0,0
"154",2016,157,3,33.404972039,0.786744878678,0,0,0,0,0,0,0,0
"155",2016,158,3,33.5195139687,0.591051639736,0,0,0,0,0,0,0,0
"156",2016,159,3,33.4179115423,0.81309957574,0,0,0,0,0,0,0,0
"157",2016,160,4,33.2254397985,0.488236049274,0,0,0,0,0,0,0,0
"158",2016,161,4,33.241991275,0.490418060767,0,0,0,0,0,0,0,0
"159",2016,162,4,33.1326287567,0.583608024847,0,0,0,0,0,0,0,0
"160",2016,163,4,33.2401727369,0.662212440389,0,0,0,0,0,0,0,0
"161",2016,164,3,33.3042878099,0.817884837631,0,0,0,0,0,0,0,0
"162",2016,165,3,33.2919423568,0.680693312413,0,0,0,0,0,0,0,0
"163",2016,166,3,33.070655617,1.05114247911,0,0,0,0,0,0,0,0
"164",2016,167,2,33.1497689608,0.86562001089,0,0,0,0,0,0,0,0
"165",2016,168,3,33.2529124938,0.902094038342,0,0,0,0,0,0,0,0
"166",2016,169,3,33.0905171685,0.724100009973,0,0,0,0,0,0,0,0
"167",2016,170,2,33.2125980002,0.694085848351,0,0,0,0,0,0,0,0
"168",2016,171,3,33.3056013274,1.03324752071,0,0,0,0,0,0,0,0
"169",2016,172,3,33.3190948544,1.15688680376,0,0,0,0,0,0,0,0
"170",2016,173,3,33.055759308,1.30422269449,0,0,0,0,0,0,0,0
"171",2016,174,3,33.5033398065,1.0939075398,0,0,0,0,0,0,0,0
"172",2016,175,3,33.404998232,1.14275314769,0,0,0,0,0,0,0,0
"173",2016,176,3,33.7956761718,0.777082071466,0,0,0,0,0,0,0,0
"174",2016,177,3,33.7417615055,0.883187215306,0,0,0,0,0,0,0,0
"175",2016,178,4,33.8708092237,0.323389234287,0,0,0,0,0,0,0,0
"176",2016,179,3,33.8664060898,0.529367804585,0,0,0,0,0,0,0,0
"177",2016,180,3,33.4788676039,0.603370692696,0,0,0,0,0,0,0,0
"178",2016,181,4,33.2408925489,0.463288593616,0,0,0,0,0,0,0,0
"179",2016,182,4,33.2082179218,0.422176369817,0,0,0,0,0,0,0,0
"180",2016,183,4,33.2176970997,0.438672903788,0,0,0,0,0,0,0,0
"181",2016,184,2,33.1317743705,0.972978868603,0,0,0,0,0,0,0,0
"182",2016,185,4,34.0530658308,0.347374981005,0,1,0,0,0,0,0,0
"183",2016,186,4,33.972351552,0.257588888612,0,0,0,0,0,0,0,0
"184",2016,187,4,34.1003481571,0.569170491846,0,1,0,0,0,0,0,0
"185",2016,188,4,34.0472568595,0.43187939341,0,1,0,0,0,0,0,0
"186",2016,189,4,33.984729415,0.263208931803,0,0,0,0,0,0,0,0
"187",2016,190,4,34.0202442876,0.414114085888,0,1,0,0,0,0,0,0
"188",2016,191,4,34.2257344786,0.723697235971,0,0,0,0,0,0,0,0
"189",2016,192,4,34.1273043778,0.824837773222,1,0,0,0,0,0,0,0
"190",2016,193,4,34.1989234234,0.76525597233,0,0,0,0,0,0,0,0
"191",2016,194,3,34.2085694615,0.705020411827,0,0,0,0,0,0,0,0
"192",2016,195,4,34.0165635984,0.600485986975,0,1,0,0,0,0,0,0
"193",2016,196,4,34.0945911837,0.745076510014,0,0,0,0,0,0,0,0
"194",2016,197,3,34.0341420446,0.668156152119,0,0,0,0,0,0,0,0
"195",2016,198,4,33.9704629675,0.686032106202,0,0,0,0,0,0,0,0
"196",2016,199,3,34.0177637623,0.870243411736,0,1,0,0,0,0,0,0
"197",2016,200,3,34.0966869029,0.654649032314,0,1,0,0,0,0,0,0
"198",2016,201,3,34.0513438808,0.81373569824,0,1,0,0,0,0,0,0
"199",2016,202,4,33.846680637,0.847267549352,1,0,0,0,0,0,0,0
"200",2016,203,3,34.0041557118,0.914642959987,0,1,0,0,0,0,0,0
"201",2016,204,4,34.0123877827,0.92969728003,1,0,0,0,0,0,0,0
"202",2016,205,3,33.9077535584,0.888151433504,0,1,0,0,0,0,0,0
"203",2016,207,2,33.8816835578,1.0991760944,0,0,0,0,0,0,0,0
"204",2016,208,2,33.6863279405,1.10042049851,0,0,0,0,0,0,0,0
"205",2016,209,3,33.7383727122,0.980852801882,0,0,0,0,0,0,0,0
"206",2016,210,3,34.1084600285,1.16147473019,0,0,0,0,0,0,0,0
"207",2016,211,3,33.7831026647,1.18605171542,0,0,0,0,0,0,0,0
"208",2016,212,3,33.8867246639,1.18642638439,0,0,0,0,0,0,0,0
"209",2016,213,3,33.6820766755,1.18251229805,0,0,0,0,0,0,0,0
"210",2016,214,3,33.7075400939,1.27668504,0,0,0,0,0,0,0,0
"211",2016,215,3,33.6779710449,1.21248229785,0,0,0,0,0,0,0,0
"212",2016,216,3,33.8021500749,1.27867389204,0,0,0,0,0,0,0,0
"213",2016,217,3,33.9199270671,1.08780304912,0,1,0,0,0,0,0,0
"214",2016,218,3,33.898235473,1.00533754463,0,1,0,0,0,0,0,0
"215",2016,219,3,34.0614213464,1.09679034076,0,0,0,0,0,0,0,0
"216",2016,220,4,34.0883627928,0.466628134537,0,1,0,0,0,0,0,0
"217",2016,221,4,34.0832486549,0.476862822752,0,1,0,0,0,0,0,0
"218",2016,222,3,34.1901504829,0.668211764147,0,0,0,0,0,0,0,0
"219",2016,223,3,34.1718526612,0.701300123399,0,0,0,0,0,0,0,0
"220",2016,224,3,33.9655002122,0.908599253747,0,1,0,0,0,0,0,0
"221",2016,225,3,33.7175053656,1.17030628246,0,0,0,0,0,0,0,0
"222",2016,226,4,34.2767429715,1.09283640142,0,1,0,0,0,0,0,0
"223",2016,227,3,34.1756276146,1.04621088835,0,1,0,0,0,0,0,0
"224",2016,228,4,34.2303272331,0.95644003067,0,1,0,0,0,0,0,0
"225",2016,229,4,34.1982252559,0.910679845102,0,1,0,0,0,0,0,0
"226",2016,230,3,34.1558206804,1.01614360976,0,1,0,0,0,0,0,0
"227",2016,231,3,34.1887838866,1.05396541899,0,1,0,0,0,0,0,0
"228",2016,232,4,34.1850757915,0.913040229776,0,1,0,0,0,0,0,0
"229",2016,233,3,34.1407290934,1.10129264687,0,0,0,0,0,0,0,0
"230",2016,234,3,34.1957896769,1.16275393672,0,0,0,0,0,0,0,0
"231",2016,235,4,34.3054058192,0.810925210548,0,1,0,0,0,0,0,0
"232",2016,236,4,34.2794715976,0.871118976904,0,1,0,0,0,0,0,0
"233",2016,237,4,34.2965228325,0.870548113864,0,1,0,0,0,0,0,0
"234",2016,238,4,34.310821202,0.844467796396,0,1,0,0,0,0,0,0
"235",2016,239,4,34.2495566457,0.923687976676,0,1,0,0,0,0,0,0
"236",2016,240,4,34.350364886,0.846367202409,0,1,0,0,0,0,0,0
"237",2016,241,4,34.291364337,0.778737148585,0,0,0,0,0,0,0,0
"238",2016,242,4,34.3683510107,1.00128977428,0,1,0,0,0,0,0,0
"239",2016,243,4,34.3541603195,1.02324227779,0,1,0,0,0,0,0,0
"240",2016,244,4,34.4197082383,1.05831084891,0,1,0,0,0,0,0,0
"241",2016,245,4,34.4119687803,1.08431210154,0,1,0,0,0,0,0,0
"242",2016,246,4,34.3812528521,1.15750653337,0,1,0,0,0,0,0,0
"243",2016,247,3,34.2810608569,1.27301353178,0,0,0,0,0,0,0,0
"244",2016,248,3,34.3363401684,1.21526021587,0,0,0,0,0,0,0,0
"245",2016,249,3,34.363498691,1.14297812575,0,1,0,0,0,0,0,0
"246",2016,250,3,34.2813496814,1.17213459255,0,1,0,0,0,0,0,0
"247",2016,251,3,34.3575874534,1.12376728353,0,1,0,0,0,0,0,0
"248",2016,252,2,34.4050680252,1.23523562944,0,0,1,0,0,0,0,0
"249",2016,255,3,34.3553564925,1.32412394701,0,0,0,0,0,0,0,0
"250",2016,256,3,34.3191841529,1.32409758367,0,0,0,0,0,0,0,0
"251",2016,257,3,34.5453815606,1.43242541771,0,1,0,0,0,0,0,0
"252",2016,258,3,34.6648240909,1.43477918096,0,1,0,0,0,0,0,0
"253",2016,259,3,34.723709575,1.39639905562,0,0,0,0,0,0,0,0
"254",2016,260,3,34.168186134,1.12075602442,0,0,0,0,0,0,0,0
"255",2016,261,3,34.1569226721,1.08240555309,0,1,0,0,0,0,0,0
"256",2016,262,3,34.1792160604,1.0817926341,0,1,0,0,0,0,0,0
"257",2016,263,3,34.1939973909,1.06026146727,0,1,0,0,0,0,0,0
"258",2016,264,4,34.2722068525,0.938263150954,0,1,0,0,0,0,0,0
"259",2016,265,3,34.2375200863,1.26430095173,0,0,0,0,0,0,0,0
"260",2016,266,3,34.4553113901,1.39505787503,0,1,0,0,0,0,0,0
"261",2016,267,4,34.0721669394,1.33127664553,0,0,0,0,0,0,0,0
"262",2016,268,4,34.0873059121,1.22533716308,0,0,0,0,0,0,0,0
"263",2016,269,4,33.9925705592,1.23807146704,0,0,0,0,0,0,0,0
"264",2016,270,4,34.1684324209,1.35964528608,0,0,0,0,0,0,0,0
"265",2016,271,4,34.0704956794,1.40830514928,0,0,0,0,0,0,0,0
"266",2016,272,4,33.9964245155,1.32670938712,0,0,0,0,0,0,0,0
"267",2016,273,4,33.8472090184,1.3637109962,0,0,0,0,0,0,0,0
"268",2016,274,4,33.8957007744,1.43368182333,0,0,0,0,0,0,0,0
"269",2016,275,4,33.9836289738,1.50853252878,0,0,0,0,0,0,0,0
"270",2016,276,3,33.7738124824,1.65217942828,0,0,0,0,0,0,0,0
"271",2016,277,4,33.8769930231,1.57350826104,0,0,0,0,0,0,0,0
"272",2016,278,4,33.7796622939,1.45198777207,0,0,0,0,0,0,0,0
"273",2016,279,3,33.1638349535,1.5474967259,0,0,0,0,0,0,0,0
"274",2016,280,3,33.324372849,1.46232094624,0,0,0,0,0,0,0,0
"275",2016,281,3,33.5141408336,1.60058461267,0,0,0,0,0,0,0,0
"276",2016,282,3,33.5438488766,1.48415562823,0,0,0,0,0,0,0,0
"277",2016,283,3,33.6084817632,1.54176414964,0,0,0,0,0,0,0,0
"278",2016,284,3,33.5034036574,1.94265456067,0,0,0,0,0,0,0,0
"279",2016,285,3,33.5267033533,1.72993501176,0,0,0,0,0,0,0,0
"280",2016,286,3,33.5733337935,1.80502217596,0,0,0,0,0,0,0,0
"281",2016,287,3,33.5907178438,1.72109953447,0,0,0,0,0,0,0,0
"282",2016,288,4,33.6339469659,1.75806744852,0,0,0,0,0,0,0,0
"283",2016,289,3,33.6736880317,1.65364115253,0,0,0,0,0,0,0,0
"284",2016,290,4,33.2325248718,1.73696997429,0,0,0,0,0,0,0,0
"285",2016,291,4,33.0742259912,1.60753092167,0,0,0,0,0,0,0,0
"286",2016,292,4,33.3498249707,1.94713283123,0,0,0,0,0,0,0,0
"287",2016,293,4,33.3237583301,1.8376753204,0,0,0,0,0,0,0,0
"288",2016,294,2,33.8579275487,1.95759059362,0,0,0,0,0,0,0,0
"289",2016,295,2,33.7412483413,1.94248553152,0,0,1,0,0,0,0,0
"290",2016,296,2,33.491467547,2.11442164551,0,0,1,0,0,0,0,0
"291",2016,297,3,33.839814042,1.82311578885,0,0,0,0,0,0,0,0
"292",2016,298,3,33.7481922929,2.11265399647,0,0,0,0,0,0,0,0
"293",2016,299,3,33.6009509673,2.15380637033,0,0,0,0,0,0,0,0
"294",2016,300,3,34.1138223828,1.75029462689,0,0,0,0,0,0,0,0
"295",2016,301,3,33.9442713434,1.94298748557,0,0,0,0,0,0,0,0
"296",2016,302,3,33.9177034092,2.14475278597,0,0,0,0,0,0,0,0
"297",2016,303,4,34.05142997,1.35050326793,0,0,0,0,0,0,0,0
"298",2016,304,4,33.9285898798,1.49331988851,0,0,0,0,0,0,0,0
"299",2016,305,3,33.6134637378,1.72221815521,0,0,0,0,0,0,0,0
"300",2016,306,3,33.600414082,1.71762237205,0,0,0,0,0,0,0,0
"301",2016,307,3,34.5349255347,1.87596971479,0,0,0,0,0,0,0,0
"302",2016,308,3,34.7987312635,1.91795458048,0,0,0,0,0,0,0,0
"303",2016,309,3,34.6002411421,1.76853409951,0,0,0,0,0,0,0,0
"304",2016,310,3,34.6919100479,1.8754385206,0,0,0,0,0,0,0,0
"305",2016,311,3,34.5726697548,2.33256461982,0,0,0,0,0,0,0,0
"306",2016,312,3,34.565993675,1.97611981861,0,0,0,0,0,0,0,0
"307",2016,313,3,34.9759690638,1.91793602026,0,0,0,0,0,0,0,0
"308",2016,314,3,34.836105337,1.60330655755,0,0,0,0,0,0,0,0
"309",2016,315,3,34.9469998586,2.19921867331,0,0,0,0,0,0,0,0
"310",2016,316,3,34.3555347785,1.99728144006,0,0,0,0,0,0,0,0
"311",2016,317,3,34.1996196126,2.2331876905,0,0,0,0,0,0,0,0
"312",2016,318,3,34.4598680128,2.43817216094,0,0,0,0,0,0,0,0
"313",2016,319,3,34.4441644185,2.47810568671,0,0,0,0,0,0,0,0
"314",2016,320,3,34.3466009723,2.49976829585,0,0,0,0,0,0,0,0
"315",2016,321,4,34.848012009,2.57262533677,0,0,0,0,0,0,0,0
"316",2016,322,3,34.5432405538,2.5810930258,0,0,0,0,0,0,0,0
"317",2016,323,3,34.5945622463,2.60756691905,0,0,0,0,0,0,0,0
"318",2016,324,3,34.8661720052,2.47773873702,0,0,0,0,0,0,0,0
"319",2016,325,4,34.1659597661,3.49546653921,0,0,0,0,0,0,0,0
"320",2016,326,4,34.1745253988,3.62307393814,0,0,0,0,0,0,0,0
"321",2016,327,4,33.9448640057,3.6133762833,0,0,0,0,0,0,0,0
"322",2016,328,4,33.9292704217,3.79432044957,0,0,0,0,0,0,0,0
"323",2016,329,4,34.047912188,3.529102528,0,0,0,0,0,0,0,0
"324",2016,330,4,34.174628461,3.43263572334,0,0,0,0,0,0,0,0
"325",2016,331,4,33.9040816444,3.09981946056,0,0,0,0,0,0,0,0
"326",2016,332,4,34.1753841356,2.99525276509,0,1,0,1,0,0,0,0
"327",2016,333,4,34.0359141641,3.07760298844,0,1,0,0,0,0,0,0
"328",2016,334,4,33.6801916973,2.74938424571,0,0,0,0,0,0,0,0
"329",2016,335,4,33.611183775,2.59934539296,0,0,0,0,0,0,0,0
"330",2016,336,4,33.7647506541,2.56596084006,0,0,0,0,0,0,0,0
"331",2016,337,3,34.6998472864,1.80329924489,0,0,0,0,0,0,0,0
"332",2016,338,3,34.6545564072,2.52421752039,0,0,0,0,0,0,0,0
"333",2016,339,4,34.1525152966,3.05134102876,0,1,0,1,0,0,0,0
"334",2016,340,4,34.1809580297,2.76831730875,0,0,0,1,0,0,0,0
"335",2016,341,3,33.2285137193,2.56476506171,0,0,0,0,0,0,0,0
"336",2016,342,3,33.6340940163,2.39320382861,0,0,0,0,0,0,0,0
"337",2016,343,3,33.262308262,2.37964584412,0,0,0,0,0,0,0,0
"338",2016,344,3,33.1102405267,2.4032780028,0,0,0,0,0,0,0,0
"339",2016,345,3,33.2349317938,2.36918253597,0,0,0,0,0,0,0,0
"340",2016,346,3,33.0157930542,2.42289737864,0,0,0,0,0,0,0,0
"341",2016,347,3,33.3080468885,2.21996016512,0,0,0,0,0,0,0,0
"342",2016,348,3,32.9584265501,2.23725621861,0,0,0,0,0,0,0,0
"343",2016,349,2,33.0911678445,2.13974680109,0,0,0,0,0,0,0,0
"344",2016,350,3,33.008811926,2.03854745103,0,0,0,0,0,0,0,0
"345",2016,351,3,32.8325583804,2.55478570494,0,0,0,0,0,0,0,0
"346",2016,352,2,32.9907198154,2.2859432643,0,0,0,0,0,0,0,0
"347",2016,353,2,32.9349550427,2.29699951081,0,0,0,0,0,0,0,0
"348",2016,354,3,32.9568315116,2.37086414153,0,0,0,0,0,0,0,0
"349",2016,355,4,32.7114328354,2.35848951972,0,0,0,0,0,0,0,0
"350",2016,356,4,32.8835085401,2.11480448722,0,0,0,0,0,0,0,0
"351",2016,357,4,32.6591483654,2.20933208665,0,0,0,0,0,0,0,0
"352",2016,358,4,32.7109131578,2.21165278702,0,0,0,0,0,0,0,0
"353",2016,359,4,32.895546457,2.34288614164,0,0,0,0,0,0,0,0
"354",2016,360,4,32.4399453692,2.26608601009,0,0,0,0,0,0,0,0
"355",2016,361,4,32.5315088086,2.32458354066,0,0,0,0,0,0,0,0
"356",2016,362,4,32.6702623467,2.46528999286,0,0,0,0,0,0,0,0
"357",2016,363,4,32.2968807801,2.24731310943,0,0,0,0,0,0,0,0
"358",2016,364,4,32.5433570762,2.23962224305,0,0,0,0,0,0,0,0
"359",2016,365,4,32.376208355,2.35677250868,0,0,0,0,0,0,0,0
"360",2016,366,4,32.4852860772,2.58361654764,0,0,0,0,0,0,0,0
"361",2016,367,4,32.6846051596,2.53762626077,0,0,0,0,0,1,0,0
"362",2016,368,3,32.673950994,1.94905571067,0,0,0,0,0,0,0,0
"363",2016,369,4,32.5686531663,1.83607835167,0,0,0,0,0,0,0,0
"364",2016,370,3,32.7500838947,1.87883754697,0,0,0,0,0,0,0,0
"365",2016,371,4,32.4686422518,1.77343799099,0,0,0,0,0,0,0,0
"366",2016,372,3,32.4910162683,1.94585953449,0,0,0,0,0,0,0,0
"367",2016,373,3,32.5369415642,2.09545372046,0,0,0,0,0,0,0,0
"368",2016,374,3,32.4069259079,1.9309707173,0,0,0,0,0,0,0,0
"369",2016,375,2,33.0721263392,1.96955768835,0,0,0,0,0,0,0,0
"370",2016,376,2,33.1727702528,2.07612232508,0,0,0,0,0,0,0,0
"371",2016,377,2,33.2354325627,2.07728137206,0,0,0,0,0,0,0,0
"372",2016,378,4,32.87954141,1.74297022059,0,0,0,0,0,0,0,0
"373",2016,379,4,32.7188374174,1.64090244924,0,0,0,0,0,0,0,0
"374",2016,380,3,33.3442414035,2.42536291778,0,0,0,0,0,0,0,0
"375",2016,381,3,32.9110229682,2.23468596692,0,0,0,0,0,0,0,0
"376",2016,382,3,32.8868557875,2.24082673458,0,0,0,0,0,0,0,0
"377",2016,383,4,32.7038706914,2.25193396866,0,0,0,0,0,0,0,0
"378",2016,384,3,33.1653996309,1.92364796691,0,0,0,0,0,0,0,0
"379",2016,385,3,33.4515474669,2.63555211063,0,0,0,0,0,0,0,0
"380",2016,386,3,33.3768813551,2.68101918775,0,0,0,0,0,0,0,0
"381",2016,387,3,33.2315886597,2.84982690342,0,0,0,0,0,0,0,0
"382",2016,388,3,33.4583298577,3.20374991849,0,0,0,0,0,0,0,0
"383",2016,389,3,33.3410917186,2.94767048505,0,0,0,0,0,0,0,0
"384",2016,390,3,33.1967413743,3.10694409717,0,0,0,0,0,0,0,0
"385",2016,391,3,32.9212507377,3.34286703045,0,0,0,0,0,0,0,0
"386",2016,392,3,33.2410863503,3.37052708648,0,0,0,0,0,0,0,0
"387",2016,393,3,33.421386254,3.40322741142,0,0,0,0,0,0,0,0
"388",2016,394,3,32.4948764253,3.3433666383,0,0,0,0,0,0,0,0
"389",2016,395,3,32.8105121404,3.69494694352,0,0,0,0,0,0,0,0
"390",2016,396,3,32.5295109057,3.38126290015,0,0,0,0,0,0,0,0
"391",2016,397,4,32.8496295164,3.15846007587,0,0,0,0,0,0,0,0
"392",2016,398,4,32.8691539334,2.70016824673,0,0,0,0,0,1,0,0
"393",2016,399,4,32.9343127696,2.95637664034,0,0,0,0,0,0,0,0
"394",2016,400,4,32.9758329738,3.01994759026,0,0,0,0,0,0,0,0
"395",2016,401,3,31.7767731339,2.94053654766,0,1,0,1,0,0,0,0
"396",2016,402,3,31.945875429,2.87685680365,0,0,0,0,0,0,0,0
"397",2016,403,3,32.1173734998,3.19297405372,0,0,0,0,0,0,0,0
"398",2016,404,3,32.0599300646,2.79960845413,0,0,0,0,0,0,0,0
"399",2016,406,3,32.4282256877,2.96853132492,0,0,0,0,0,0,0,0
"400",2016,407,3,32.2360092556,2.82424256662,0,0,0,0,0,0,0,0
"401",2016,408,2,32.2794265449,3.12696779904,0,0,0,0,0,0,0,0
"402",2016,409,3,32.3595290217,2.85309963155,0,0,0,0,0,0,0,0
"403",2016,410,3,32.3759752953,2.50595585048,0,0,0,0,0,0,0,0
"404",2016,411,3,32.4309826617,2.64953969132,0,0,0,0,0,0,0,0
"405",2016,412,3,32.509808007,2.80063417628,0,0,0,0,0,0,0,0
"406",2016,413,2,32.7514040928,2.71213621469,0,0,0,0,0,0,0,0
"407",2016,414,4,31.9258990633,2.67163858738,0,0,0,0,0,0,0,0
"408",2016,415,4,31.9049864056,2.49145016012,0,0,0,0,0,0,0,0
"409",2016,416,4,32.1768491667,2.54746155557,0,0,0,0,0,0,0,0
"410",2016,417,3,33.3402740726,2.85850695574,0,0,0,0,0,0,0,0
"411",2016,418,3,32.8989440979,3.2990124251,0,0,0,0,0,0,0,0
"412",2016,419,3,32.8008370822,3.27591146656,0,0,0,0,0,0,0,0
"413",2016,420,3,32.8142087812,3.48913950426,0,0,0,0,0,0,0,0
"414",2016,421,3,32.2535180375,2.77654376767,0,0,0,0,0,0,0,0
"415",2016,422,3,32.3052308236,2.79434337085,0,0,0,0,0,0,0,0
"416",2016,423,2,32.2865287387,2.76434858006,1,0,0,0,0,0,0,0
"417",2016,424,3,32.3093768656,2.76791428424,0,0,0,0,0,0,0,0
"418",2016,425,4,31.7438232151,3.33222021637,0,0,0,1,0,1,0,0
"419",2016,426,4,31.961395051,3.43234440524,0,0,0,0,0,1,0,0
"420",2016,427,4,31.8118013654,3.52117369862,0,0,0,1,0,1,0,0
"421",2016,428,3,31.5433851086,3.20752763726,0,0,0,0,0,0,0,0
"422",2016,429,3,31.571312666,3.59221428027,0,0,0,1,0,0,0,0
"423",2016,430,3,31.6997189715,3.70111728325,0,0,0,0,0,0,0,0
"424",2016,431,3,31.393413403,3.26817857992,0,0,0,0,0,0,0,0
"425",2016,432,2,31.1119462695,3.6098322122,0,0,0,0,0,0,0,0
"426",2016,433,3,31.4199029001,3.68228379577,0,0,0,0,0,0,0,0
"427",2016,434,2,31.1416796678,3.39867487605,0,0,0,0,0,0,0,0
"428",2016,435,2,31.2971799266,3.40329443987,0,0,0,0,0,0,0,0
"429",2016,436,3,31.0549120303,3.4212525544,0,0,0,0,0,0,0,0
"430",2016,437,3,31.0732755612,3.3713861605,0,0,0,0,0,0,0,0
"431",2016,438,3,30.938195929,3.16593375891,0,0,0,1,0,0,0,0
"432",2016,439,3,30.9293879488,3.31200240884,0,0,0,0,0,0,0,0
"433",2016,440,3,30.8521922831,3.13920751224,0,0,0,1,0,0,0,0
"434",2016,441,3,30.9819416085,3.24333983305,0,0,0,0,0,0,0,0
"435",2016,442,4,30.8876510838,3.08832758461,0,0,0,1,0,0,0,0
"436",2016,443,4,30.9304972168,3.05340605768,0,0,0,1,0,0,0,0
"437",2016,444,4,30.9735226198,3.00982769418,0,0,0,1,0,0,0,0
"438",2016,445,4,30.8966770513,2.99977272935,0,0,0,1,0,0,0,0
"439",2016,446,3,31.4983175526,3.14881228936,0,0,0,0,0,0,0,0
"440",2016,447,4,31.1588563941,2.68485831409,0,0,0,0,0,0,0,0
"441",2016,448,3,31.3992119726,3.01014446806,0,0,0,0,0,0,0,0
"442",2016,449,3,31.0344982546,3.22390797092,0,0,0,0,0,0,0,0
"443",2016,450,3,30.9676948489,3.1273686408,0,0,0,1,0,0,0,0
"444",2016,451,3,31.1802376032,3.27234201699,0,0,0,0,0,0,0,0
"445",2016,452,3,31.0956542997,3.10908771947,0,0,0,0,0,0,0,0
"446",2016,453,4,30.9594360067,2.92537249215,0,0,0,1,0,0,0,0
"447",2016,454,4,30.9401311484,2.95259763066,0,0,0,1,0,0,0,0
"448",2016,455,3,31.4199629347,2.35799553146,0,0,0,0,0,0,0,0
"449",2016,456,3,31.2736686387,2.24166875424,0,0,0,0,0,0,0,0
"450",2016,457,3,31.3736656713,2.71326599624,0,0,0,0,0,0,0,0
"451",2016,458,3,31.073645236,2.35155958691,0,0,0,0,0,0,0,0
"452",2016,459,3,31.1694945675,2.51286158661,0,0,0,0,0,0,0,0
"453",2016,460,3,31.2459540835,2.42969817705,0,0,0,0,0,0,0,0
"454",2016,461,4,30.9051833956,2.38299401395,0,0,0,0,0,0,0,0
"455",2016,462,4,30.8959487259,2.3796158423,0,0,0,0,0,0,0,0
"456",2016,463,4,30.8208591554,2.57985798381,0,0,0,0,0,0,0,0
"457",2016,464,3,30.9017940225,2.61502313948,0,0,0,0,0,0,0,0
"458",2016,465,4,31.7971999735,3.37083059208,0,0,0,0,0,1,0,0
"459",2016,466,3,31.2274075031,3.47344202666,0,0,0,0,0,0,0,0
"460",2016,467,3,30.9544340576,3.28523097734,0,0,0,0,0,0,0,0
"461",2016,468,3,30.9042832836,3.02217423404,0,0,0,1,0,0,0,0
"462",2016,469,3,31.0976523702,2.45696506173,0,0,0,0,0,0,0,0
"463",2016,470,3,31.9638436574,1.92430882099,0,0,0,0,0,0,0,0
"464",2016,471,3,32.1414606142,2.0142150756,0,0,0,0,0,0,0,0
"465",2016,472,3,32.0997377482,1.80745563465,0,0,0,0,0,0,0,0
"466",2016,473,4,32.2734740381,2.2335343617,0,0,0,0,0,0,0,0
"467",2016,474,3,31.5642650984,1.62852284426,0,0,0,0,0,0,0,0
"468",2016,475,3,31.4941948057,1.6066589957,0,0,0,1,0,0,0,0
"469",2016,476,3,31.7163420628,1.50404168101,0,0,0,0,0,0,0,0
"470",2016,477,2,31.7778563357,1.76852686442,0,0,0,0,0,0,0,0
"471",2016,478,2,31.8044550141,1.78724902543,0,0,0,0,0,0,0,0
"472",2016,479,3,31.5015868394,2.01350115631,0,0,0,0,0,0,0,0
"473",2016,480,3,31.3793817306,2.18768848296,0,0,0,0,0,0,0,0
"474",2016,481,3,31.4248786285,1.36950923294,0,0,0,0,0,0,0,0
"475",2016,482,3,31.1609980969,1.58735390606,0,0,0,1,0,0,0,0
"476",2016,483,4,31.3267370821,1.64024213818,0,0,0,1,0,0,0,0
"477",2016,484,4,31.3776896648,1.58992291755,0,0,0,1,0,1,0,0
"478",2016,485,4,31.4228549615,1.53027411292,0,0,0,1,0,1,0,0
"479",2016,486,3,31.2561823032,1.34790118092,0,0,0,0,0,0,0,0
"480",2016,487,3,31.055947249,1.23246499498,0,0,0,0,0,0,0,0
"481",2016,488,4,30.8764763145,1.41511621709,0,0,0,0,0,0,0,0
"482",2016,489,4,30.7309987201,1.22951616994,0,0,0,1,0,0,0,0
"483",2016,490,3,31.1454415139,0.961930078654,0,0,0,0,0,0,0,0
"484",2016,491,3,31.1127116204,1.1353511117,0,0,0,0,0,0,0,0
"485",2016,492,4,31.133724615,1.06055833241,0,0,0,0,0,0,0,0
"486",2016,493,4,31.3818112129,1.10858589352,0,0,0,0,0,0,0,0
"487",2016,494,3,31.3460740577,1.01647599585,0,0,0,0,0,0,0,0
"488",2016,495,4,31.2875699368,1.04128034543,0,0,0,0,0,0,0,0
"489",2016,496,4,31.4126098869,0.906085487167,0,0,0,0,0,0,0,0
"490",2016,497,3,30.722736538,0.958890286363,0,0,0,0,0,0,0,0
"491",2016,498,4,30.8806975394,0.883050626585,0,0,0,0,0,0,0,0
"492",2016,499,3,30.8978478423,0.950256410549,0,0,0,0,0,0,0,0
"493",2016,500,3,30.8337441973,1.02325657372,0,0,0,1,0,0,0,0
"494",2016,501,3,30.7051454664,1.05819112347,0,0,0,1,0,0,0,0
"495",2016,502,4,30.5694061933,1.01407339339,0,0,0,0,0,0,0,0
"496",2016,503,4,30.7940732439,0.984544958702,0,0,0,0,0,0,0,0
"497",2016,504,3,31.1139994325,0.99682006269,0,0,0,0,0,0,0,0
"498",2016,505,3,30.931490597,0.813495333023,0,0,0,0,0,0,0,0
"499",2016,506,3,32.1421304581,1.95888477852,0,0,0,0,0,0,0,0
"500",2016,507,3,32.013702124,1.79580425954,0,0,0,0,0,0,0,0
"501",2016,508,2,31.6865157197,1.68177367431,0,0,0,0,0,0,0,0
"502",2016,509,3,31.6991767842,1.67628015972,0,0,0,0,0,0,0,0
"503",2016,510,4,31.3599440337,1.43523175109,0,0,0,1,0,1,0,0
"504",2016,511,3,31.3533595113,1.43629233362,0,0,0,1,0,0,0,0
"505",2016,512,4,31.3939257856,1.42727000727,0,0,0,0,0,1,0,0
"506",2016,513,3,30.8223690776,0.934915982423,0,0,0,0,0,0,0,0
"507",2016,514,3,31.1327828999,0.530021067331,0,0,0,0,0,0,0,0
"508",2016,515,3,31.0942604653,0.491797983726,0,0,0,0,0,0,0,0
"509",2016,516,3,30.9093996523,0.544544329434,0,0,0,0,0,0,0,0
"510",2016,517,4,31.0388725681,0.370140222588,0,0,0,0,0,0,0,0
"511",2016,518,3,30.8629268951,0.42077985625,0,0,0,0,0,0,0,0
"512",2016,519,4,30.7913384345,0.719222734624,0,0,0,0,0,0,0,0
"513",2016,520,4,30.4511165985,0.772729469936,0,0,0,0,0,0,0,0
"514",2016,521,3,30.7079405595,0.715234878215,0,0,0,0,0,0,0,0
"515",2016,522,4,30.7679903148,0.516566658598,0,0,0,0,0,0,0,0
"516",2016,523,3,30.5472812201,0.712185922011,0,0,0,0,0,0,0,0
"517",2016,524,3,30.6167418149,0.749194244518,0,0,0,0,0,0,0,0
"518",2016,525,4,30.6835849601,0.829183372458,0,0,0,0,0,0,0,0
"519",2016,526,3,30.2138980579,0.542855637456,0,1,0,0,0,0,0,0
"520",2016,527,3,30.1799712644,0.432774380853,0,2,0,0,0,0,0,0
"521",2016,528,3,30.1762593285,0.658937919111,0,1,0,0,0,0,0,0
"522",2016,529,2,30.4625760145,0.880151614373,1,0,0,1,0,0,0,0
"523",2016,530,2,30.2448964454,0.653180413749,0,0,0,0,0,0,0,0
"524",2016,531,3,30.2336916133,0.722265987456,0,1,0,0,0,0,0,0
"525",2016,532,3,30.184489762,0.616038405812,0,2,0,0,0,0,0,0
"526",2016,533,3,30.2529110579,0.771228979646,0,0,0,0,0,0,0,0
"527",2016,534,2,30.1083928297,0.792501802885,0,0,0,0,0,0,0,0
"528",2016,535,2,29.9736915479,0.661826190452,0,0,0,0,0,0,0,0
"529",2016,536,2,30.0182408308,0.721037084188,0,0,0,0,0,0,0,0
"530",2016,537,3,29.7610444051,0.00879038747101,0,1,0,0,0,0,0,0
"531",2016,538,3,29.8919693437,0.0763113486379,0,1,0,0,0,0,0,0
"532",2016,539,3,29.956823911,0.143859082575,0,2,0,1,0,0,0,0
"533",2016,540,3,29.7571857298,0.0331689965114,0,1,0,0,0,0,0,0
"534",2016,541,3,29.8250258309,0.000462823543537,0,1,0,0,0,0,0,0
"535",2016,542,3,30.0719705848,0.305101575368,0,3,0,1,0,0,0,0
"536",2016,543,3,30.1174824449,0.454234780553,0,2,0,0,0,0,0,0
"537",2016,544,3,30.2266167377,0.346510380557,0,2,0,0,0,0,0,0
"538",2016,545,3,30.1266384504,0.320083875986,0,3,0,1,0,0,0,0
"539",2016,546,3,30.0365757906,0.239953880248,0,3,0,1,0,0,0,0
"540",2016,547,3,30.4560538195,0.409129317077,0,0,0,0,0,0,0,0
"541",2016,548,3,30.5468423859,0.206605704567,0,0,0,0,0,0,0,0
"542",2016,549,3,30.5326790753,0.228280995828,0,0,0,0,0,0,0,0
"543",2016,550,3,30.6800311276,0.339770499347,0,0,0,0,0,0,0,0
"544",2016,551,3,30.4311796507,-0.164573708778,0,0,0,0,0,0,0,0
"545",2016,552,3,30.3256582025,-0.0204395326298,0,0,0,0,0,0,0,0
"546",2016,553,3,31.0538293322,0.51625634502,0,0,0,0,0,0,0,0
"547",2016,554,4,30.7518869216,0.720083053914,0,0,0,0,0,0,0,0
"548",2016,555,3,30.2071214955,0.460489594382,0,1,0,0,0,0,0,0
"549",2016,556,3,30.3602955099,0.615528853225,0,0,0,0,0,0,0,0
"550",2016,557,2,30.2561303011,0.619596557807,0,0,0,0,0,0,0,0
"551",2016,558,3,30.2719599976,1.0500796183,0,0,0,1,0,0,0,0
"552",2016,559,3,30.1634768277,0.29967906545,0,3,0,1,0,0,0,0
"553",2016,560,3,30.0701844109,0.158678833649,0,1,0,1,0,0,0,0
"554",2016,561,3,30.1007536135,0.185809361892,0,2,0,1,0,0,0,0
"555",2016,562,3,30.7059020993,0.152314340474,0,0,0,0,0,0,0,0
"556",2016,563,3,30.6608013029,-0.0575010010293,0,0,0,0,0,0,0,0
"557",2016,564,3,30.7614334005,0.187108770514,0,0,0,0,0,0,0,0
"558",2016,565,3,30.6185106553,-0.29278459822,0,0,0,0,0,0,0,0
"559",2016,566,3,31.0071277749,-0.0349175894586,0,0,0,0,0,0,0,0
"560",2016,567,3,31.1393598222,-0.794600195881,0,0,0,0,0,0,0,0
"561",2016,568,3,30.8390140041,-0.868028688704,0,0,0,0,0,0,0,0
"562",2016,569,3,31.0503099812,-0.8120927842,0,0,0,0,0,0,0,0
"563",2016,570,3,30.720834684,-0.77307282858,0,0,0,1,0,0,0,0
"564",2016,571,3,30.6488475921,-1.0353576719,0,0,0,0,0,0,0,0
"565",2016,572,3,30.6876342926,-0.905936346099,0,0,0,1,0,0,0,0
"566",2016,573,4,30.486004018,-0.555554365539,0,0,0,0,0,0,0,0
"567",2016,574,4,30.6586296013,-0.356151543645,0,0,0,0,0,0,0,0
"568",2016,575,4,30.5306916338,-0.319808796924,0,0,0,0,0,0,0,0
"569",2016,576,4,30.4825748299,-0.832400732033,0,0,1,0,0,0,0,0
"570",2016,577,4,30.4229511345,-0.715638302797,0,0,1,0,0,0,0,0
"571",2016,578,3,30.5714785079,0.0182090385262,0,0,0,0,0,0,0,0
"572",2016,579,3,30.5671845384,0.0885853520199,0,0,0,0,0,0,0,0
"573",2016,580,3,30.363762651,-0.284113409133,0,0,0,0,0,0,0,0
"574",2016,581,3,30.4729998501,-0.38145496222,0,0,0,0,0,0,0,0
"575",2016,582,4,30.2124728743,-0.697420886887,0,0,0,0,0,0,0,0
"576",2016,584,3,30.0703127068,-0.266582480468,0,0,0,0,0,0,0,0
"577",2016,585,3,30.1689080353,-0.228087190354,0,0,0,0,0,0,0,0
"578",2016,586,3,30.1326549724,-0.593700018611,0,0,0,0,0,0,0,0
"579",2016,587,3,30.1634713526,-0.393402557358,0,0,0,0,0,0,0,0
"580",2016,588,3,30.0419190787,-0.531995257657,0,0,0,0,0,0,0,0
"581",2016,589,4,30.0172773456,-0.531392078808,0,0,0,0,0,0,0,0
"582",2016,590,4,30.0985234089,-0.599434116664,0,0,0,0,0,0,0,0
"583",2016,591,4,30.0188185905,-0.576697618082,0,0,0,0,0,0,0,0
"584",2016,592,3,30.064141063,-0.795414508811,0,0,0,0,0,0,0,0
"585",2016,593,3,30.1735287962,-0.774974373035,0,0,0,0,0,0,0,0
"586",2016,594,3,30.2271763042,-0.86853686744,0,0,0,0,0,0,0,0
"587",2016,595,2,30.4127159586,-1.00859325128,0,0,0,0,0,0,0,0
"588",2016,596,3,30.5459140824,-0.883287518146,0,0,0,1,0,0,0,0
"589",2016,597,2,30.2717259684,-0.972923649792,0,0,0,0,0,0,0,0
"590",2016,598,2,30.1351017386,-0.967696715267,0,0,0,0,0,0,0,0
"591",2016,599,3,30.7619450912,-0.0865574510386,0,0,0,0,0,0,0,0
"592",2016,600,3,30.7759547111,-0.843758082309,0,0,0,1,0,0,0,0
"593",2016,601,4,30.6957107485,-0.605368368637,0,0,1,0,0,0,0,0
"594",2016,602,4,30.6514841512,-0.616843585563,0,0,1,0,0,0,0,0
"595",2016,603,4,30.6313784172,-0.626214628491,0,0,1,0,0,0,0,0
"596",2016,605,3,30.49690549,-0.143727979593,0,0,0,0,0,0,0,0
"597",2016,606,3,30.4301544715,-0.0567422185074,0,0,0,0,0,0,0,0
"598",2016,608,4,30.4093748996,-0.563309504178,0,0,0,0,0,0,0,0
"599",2016,609,3,30.1616105987,-0.526753596199,0,0,0,0,0,0,0,0
"600",2016,610,3,30.1280079616,-0.856152181142,0,0,0,0,0,0,0,0
"601",2016,611,3,29.9401207081,-0.846545543057,0,0,0,0,0,0,0,0
"602",2016,612,3,30.0332043904,-0.889747280698,0,0,0,0,0,0,0,0
"603",2016,613,2,29.8593947587,-0.971006805972,0,0,0,0,0,0,0,0
"604",2016,614,3,29.9695822457,-1.00859665337,0,0,0,0,0,1,0,0
"605",2016,615,3,29.8213970975,-0.715193551274,0,0,0,0,0,0,0,0
"606",2016,616,2,30.0440282075,-0.773024233526,0,0,0,0,0,0,0,0
"607",2016,617,2,29.7996784687,-0.441406383706,0,0,0,0,0,0,0,0
"608",2016,618,3,29.8506290337,-0.802302854395,0,0,0,0,0,0,0,0
"609",2016,619,4,29.8122873245,-0.822731507165,0,0,0,0,0,1,0,0
"610",2016,620,4,29.7526703623,-0.79715817767,0,0,0,0,0,1,0,0
"611",2016,621,4,29.7173085675,-0.65716171724,0,0,0,0,0,0,0,0
"612",2016,622,4,29.7238921921,-0.899393560315,0,0,0,0,0,0,0,0
"613",2016,623,4,29.7820863401,-0.690425365229,0,0,0,0,0,1,0,0
"614",2016,624,4,29.8217958064,-0.873881054708,0,0,0,0,0,1,0,0
"615",2016,625,3,30.0327403097,-1.30395658287,1,0,0,0,0,0,0,0
"616",2016,626,3,30.0709398472,-1.22499454617,1,0,0,0,0,0,0,0
"617",2016,627,3,29.9762283337,-1.30461207348,1,0,0,0,0,0,0,0
"618",2016,628,3,30.0213462218,-1.22815307463,1,0,0,0,0,1,0,0
"619",2016,629,3,29.9776895175,-1.43349152419,1,0,0,0,0,0,0,0
"620",2016,630,3,29.927393149,-1.19954842216,1,0,0,0,0,1,0,0
"621",2016,631,3,29.9069119274,-1.28347528542,1,0,0,0,0,1,0,0
"622",2016,632,3,29.8275940148,-1.1224320909,0,0,0,0,0,1,0,0
"623",2016,633,3,29.7859623478,-1.19993907758,0,1,0,0,0,1,0,0
"624",2016,634,3,29.8483847171,-1.16692459993,1,0,0,0,0,1,0,0
"625",2016,635,3,30.1039290853,-1.16517269669,1,0,0,0,0,0,0,0
"626",2016,636,3,30.1696756077,-1.16105083374,0,0,0,0,0,0,0,0
"627",2016,637,3,30.0895216668,-1.20671251273,1,0,0,0,0,0,0,0
"628",2016,638,3,29.7536616545,-1.21148717503,0,1,0,0,0,1,0,0
"629",2016,639,3,29.72734869,-1.32478349228,0,1,0,0,0,0,0,0
"630",2016,640,4,29.6283830651,-1.29635476296,0,1,0,0,0,0,0,0
"631",2016,641,3,29.7765324344,-1.31660510023,0,1,0,0,0,0,0,0
"632",2016,642,3,29.715674888,-1.2365576907,0,1,0,0,0,1,0,0
"633",2016,643,3,29.669527654,-1.28195787507,0,1,0,0,0,0,0,0
"634",2016,644,3,29.6991117347,-1.33928480111,0,1,0,0,0,0,0,0
"635",2016,645,3,29.9786828464,-0.839774748522,0,0,0,0,0,0,0,0
"636",2016,646,3,29.9177970662,-0.788360164058,0,0,0,0,0,0,0,0
"637",2016,647,4,29.7609708573,-0.914931500036,0,0,0,0,0,0,0,0
"638",2016,648,2,29.9866025184,-1.25509866285,0,1,0,0,0,0,0,0
"639",2016,649,2,29.9779398565,-1.26555722194,0,1,0,0,0,0,0,0
"640",2016,650,2,30.1271766803,-1.18360532475,0,1,0,0,0,0,0,0
"641",2016,651,4,32.2658131515,-0.350581833459,0,0,0,0,0,0,0,0
"642",2016,652,4,32.263177,-0.399738,0,0,0,0,0,0,0,0
"643",2016,653,4,32.1403938036,-0.298817990157,0,0,0,0,0,0,0,0
"644",2016,654,4,32.114079015,-0.259435654779,0,0,0,0,0,0,0,0
"645",2016,655,4,32.3910782925,-0.412388718805,0,0,0,0,0,0,0,0
"646",2016,656,4,32.3775739763,-0.249261983028,0,0,0,0,0,0,0,0
"647",2016,657,4,32.3394455078,-0.658714401015,0,0,0,0,0,0,0,0
"648",2016,658,3,31.7230661399,-0.910752253472,0,0,0,0,0,0,0,0
"649",2016,659,2,31.4251868006,-0.660090982682,0,0,0,0,0,0,0,0
"650",2016,661,4,32.3027749368,-0.327294513448,0,0,0,0,0,0,0,0
"651",2016,662,4,32.288172632,-0.3202757998,0,0,0,0,0,0,0,0
"652",2016,663,3,32.733648949,-0.0843813986778,0,0,0,0,0,0,0,0
"653",2016,664,3,32.6124260531,-0.101881336583,0,0,0,0,0,0,0,0
"654",2016,665,3,32.7772076607,0.0222589417156,0,0,0,0,0,0,0,0
"655",2016,666,3,32.755527249,0.186204492099,0,0,0,1,0,0,0,0
"656",2016,667,4,33.276792587,0.0486326157076,0,0,0,0,0,0,0,0
"657",2016,668,4,33.254327,0.242356,0,0,0,0,0,0,0,0
"658",2016,669,4,33.3655791464,0.304805867744,0,0,0,0,0,0,0,0
"659",2016,670,4,33.0391823124,0.0937987212519,0,0,0,0,0,0,0,0
"660",2016,671,4,33.4906342473,0.08196458315,0,0,0,0,0,0,0,0
"661",2016,672,4,33.0078557229,0.0460062077061,0,0,0,0,0,0,0,0
"662",2016,673,4,33.2518583931,-0.0957084126534,0,0,0,0,0,0,0,0
"663",2016,674,4,33.3449229135,0.221584249155,0,0,0,0,0,0,0,0
"664",2016,675,4,33.268476097,0.204962530782,0,0,0,0,0,0,0,0
"665",2016,677,4,33.8118775461,0.201055885213,0,0,0,0,0,0,0,0
"666",2016,678,4,33.7165382231,-0.138174601796,0,0,0,0,0,0,0,0
"667",2016,679,4,33.7248085718,-0.127396709255,0,0,0,0,0,0,0,0
"668",2016,680,4,33.8334377349,0.0903406109702,0,0,0,0,0,0,0,0
"669",2016,681,3,33.4032384582,0.493588555335,0,0,0,0,0,0,0,0
"670",2016,682,4,33.6733011256,0.322631775615,0,0,0,0,0,0,0,0
"671",2016,683,3,33.3524896313,0.411448475624,0,0,0,0,0,0,0,0
"672",2016,684,2,33.4161339376,0.480996588182,0,0,0,0,0,0,0,0
"673",2016,685,3,33.5016611258,0.298779197253,0,0,0,0,0,0,0,0
"674",2016,686,3,33.4770868394,0.329479064,0,0,0,0,0,0,0,0
"675",2016,687,3,33.4579098043,0.235795476952,0,0,0,0,0,0,0,0
"676",2016,688,3,33.53351966,0.250332920035,0,0,0,0,0,0,0,0
"677",2016,689,3,33.5580305901,0.213377950395,0,0,0,0,0,0,0,0
"678",2016,690,3,33.5914551411,0.235902527359,0,0,0,0,0,0,0,0
"679",2016,691,2,33.5698890605,0.204769049002,0,0,0,0,0,0,0,0
"680",2016,692,3,33.5494320866,0.177023548456,0,0,0,0,0,0,0,0
"681",2016,693,3,33.5109582162,0.242547304902,0,0,0,0,0,0,0,0
"682",2016,694,3,33.4947629655,0.223461182546,0,0,0,0,0,0,0,0
"683",2016,695,2,33.437439943,0.266963375099,0,0,0,0,0,0,0,0
"684",2016,696,3,33.2950999547,0.451593590509,0,0,0,0,0,0,0,0
"685",2016,697,4,33.5663041724,0.15068056901,0,0,0,0,0,0,0,0
"686",2011,1,4,32.578131,0.324718,0,0,2,5,0,2,0,0
"687",2011,2,3,32.598544,0.355171,0,0,1,5,0,1,0,0
"688",2011,4,3,32.566707,0.303904,0,0,1,5,0,1,0,0
"689",2011,6,3,32.57555,0.323517,0,0,1,5,0,1,0,0
"690",2011,8,4,32.569438,0.365799,0,0,2,5,0,2,0,0
"691",2011,9,3,32.563583,0.364168,0,0,1,5,0,1,0,0
"692",2011,11,3,32.5604,0.362198,0,0,1,5,0,1,0,0
"693",2011,13,4,32.555084,0.381679,0,0,2,4,0,2,0,0
"694",2011,14,3,32.562204,0.378687,0,0,1,5,0,1,0,0
"695",2011,16,3,32.58106,0.374638,0,0,1,5,0,1,0,0
"696",2011,17,3,32.573037,0.343151,0,0,1,5,0,1,0,0
"697",2011,18,3,32.573666,0.361754,0,0,1,5,0,1,0,0
"698",2011,20,3,32.563031,0.383193,0,0,1,5,0,1,0,0
"699",2011,21,3,32.572141,0.391486,0,0,1,5,0,1,0,0
"700",2011,22,3,32.585783,0.350017,0,0,1,5,0,1,0,0
"701",2011,23,3,32.599922,0.305408,0,0,1,5,0,1,0,0
"702",2011,24,3,32.613534,0.299188,0,0,1,5,0,1,0,0
"703",2011,25,4,32.593913,0.299081,0,0,2,5,0,2,0,0
"704",2011,28,3,32.612117,0.320455,0,0,1,5,0,1,0,0
"705",2011,29,3,32.603977,0.324913,0,0,1,5,0,1,0,0
"706",2011,31,4,32.63996,0.290288,0,0,1,5,0,2,0,0
"707",2011,32,3,32.608876,0.311553,0,0,1,5,0,1,0,0
"708",2011,35,3,32.637751,0.245336,0,0,1,4,0,1,0,0
"709",2011,36,3,32.595668,0.296695,0,0,1,5,0,1,0,0
"710",2011,39,3,32.604701,0.291511,0,0,1,5,0,1,0,0
"711",2011,41,3,32.602866,0.302669,0,0,1,5,0,1,0,0
"712",2011,42,3,32.586397,0.278124,0,0,1,5,0,1,0,0
"713",2011,44,3,32.58368,0.353154,0,0,1,5,0,1,0,0
"714",2011,46,3,32.616645,0.373567,0,0,1,5,0,1,0,0
"715",2011,48,3,32.626443,0.307213,0,0,1,5,0,1,0,0
"716",2011,50,3,32.590617,0.333747,0,0,1,5,0,1,0,0
"717",2011,52,3,32.632625,0.304866,0,0,1,5,0,1,0,0
"718",2011,53,3,32.65447,0.320293,0,0,1,5,0,1,0,0
"719",2011,54,4,32.641462,0.304083,0,0,2,5,0,2,0,0
"720",2011,55,3,32.604972,0.345643,0,0,1,5,0,1,0,0
"721",2011,58,3,32.525559,0.311809,0,0,1,5,0,1,0,0
"722",2011,59,3,32.547523,0.292881,0,0,1,5,0,1,0,0
"723",2011,60,3,32.553927,0.285922,0,0,1,5,0,1,0,0
"724",2011,61,4,32.613356,0.317991,0,0,2,5,0,2,0,0
"725",2011,62,3,32.565237,0.342479,0,0,1,5,0,1,0,0
"726",2011,63,4,32.576431,0.318557,0,0,2,5,0,2,0,0
"727",2011,64,3,32.543532,0.329236,0,0,1,5,0,1,0,0
"728",2011,65,4,32.551441,0.324758,0,0,2,4,0,2,0,0
"729",2011,66,4,32.546801,0.309954,0,0,2,4,0,2,0,0
"730",2011,67,4,32.545582,0.299065,0,0,2,4,0,2,0,0
"731",2011,69,3,32.564358,0.286072,0,0,1,5,0,1,0,0
"732",2011,70,4,32.550555,0.317532,0,0,2,4,0,2,0,0
"733",2011,72,4,32.524993,0.304638,0,0,2,4,0,2,0,0
"734",2011,73,4,32.533182,0.324509,0,0,2,4,0,2,0,0
"735",2011,74,3,32.572195,0.28883,0,0,1,5,0,1,0,0
"736",2011,77,4,32.338252,-0.616717,0,0,0,0,0,0,0,0
"737",2011,78,3,31.318073,-0.364611,0,0,0,0,0,0,0,0
"738",2011,79,3,31.766108,-0.301662,0,0,0,0,0,0,0,0
"739",2011,80,3,31.332236,-0.377111,0,0,0,0,0,0,0,0
"740",2011,81,3,31.887567,-0.149143,0,0,0,0,0,0,0,0
"741",2011,84,3,31.595552,-0.065719,0,0,0,0,0,0,0,0
"742",2011,86,2,31.669382,-0.439917,0,0,0,0,0,0,0,0
"743",2011,88,3,31.643582,-0.334138,0,0,0,0,0,0,0,0
"744",2011,90,2,31.35714,-0.480598,0,0,0,0,0,0,0,0
"745",2011,92,3,31.513526,-0.380237,0,0,0,0,0,0,0,0
"746",2011,95,3,31.813163,-0.093981,0,0,0,0,0,0,0,0
"747",2011,98,2,31.704869,0.038669,0,0,0,0,0,0,0,0
"748",2011,100,3,32.19979,0.187,0,0,0,0,0,0,0,0
"749",2011,101,3,31.867694,0.042744,0,0,0,0,0,0,0,0
"750",2011,103,2,31.797959,0.188008,0,0,1,0,0,0,0,0
"751",2011,105,2,32.122295,-0.067384,0,0,0,0,0,0,0,0
"752",2011,107,3,32.33155,0.196479,0,0,0,0,0,0,0,0
"753",2011,109,2,31.96699,0.001891,0,0,0,0,0,0,0,0
"754",2011,110,3,31.160065,-0.241844,0,0,0,0,0,0,0,0
"755",2011,111,2,31.45713,-0.847507,0,0,0,0,0,0,0,0
"756",2011,112,2,31.436868,-0.816082,0,0,0,0,0,0,0,0
"757",2011,115,3,31.280246,-0.672724,0,0,0,0,0,0,0,0
"758",2011,118,3,31.545267,-0.555452,0,0,0,0,0,0,0,0
"759",2011,120,3,31.666526,-0.586264,0,0,0,0,0,0,0,0
"760",2011,122,3,31.445721,-0.008755,0,0,0,0,0,0,0,0
"761",2011,123,3,31.346449,-0.205651,0,0,0,0,0,0,0,0
"762",2011,126,4,32.492145,0.303301,0,0,2,4,0,2,0,0
"763",2011,127,3,32.473697,0.148568,0,0,1,1,0,1,0,0
"764",2011,128,4,32.458626,0.067261,0,0,0,0,0,0,0,0
"765",2011,129,3,32.461734,0.059664,0,0,0,0,0,0,0,0
"766",2011,130,4,32.65096,0.356375,0,0,2,5,0,2,0,0
"767",2011,131,4,32.554487,0.391368,0,0,2,4,0,2,0,0
"768",2011,132,4,32.496492,0.337865,0,0,2,4,0,2,0,0
"769",2011,133,4,32.562104,0.255598,0,0,1,4,0,2,0,0
"770",2011,138,4,32.575221,0.244854,0,0,1,4,0,2,0,0
"771",2011,141,4,32.639434,0.358547,0,0,2,5,0,2,0,0
"772",2011,145,4,32.536992,0.387252,0,0,2,4,0,2,0,0
"773",2011,149,4,32.582811,0.267553,0,0,1,5,0,2,0,0
"774",2011,150,4,32.557105,0.226449,0,0,1,4,0,2,0,0
"775",2011,151,4,32.905351,0.720866,0,0,0,0,0,0,0,0
"776",2011,152,4,32.82374,1.20898,0,0,0,0,0,0,0,0
"777",2011,155,4,32.989808,0.745331,0,0,0,0,0,0,0,0
"778",2011,157,4,32.940866,0.656998,0,0,0,0,0,0,0,0
"779",2011,158,3,31.749263,0.915711,0,0,0,0,0,0,0,0
"780",2011,161,3,31.790788,1.191574,0,0,0,0,0,0,0,0
"781",2011,164,3,31.396594,1.239933,0,0,0,0,0,0,0,0
"782",2011,165,3,32.492785,0.863958,0,0,0,0,0,0,0,0
"783",2011,166,3,32.524945,0.707318,0,0,0,0,0,0,0,0
"784",2011,167,3,32.639623,0.700849,0,0,0,0,0,0,0,0
"785",2011,169,3,32.673994,0.915204,0,0,0,0,0,0,0,0
"786",2011,172,3,32.570551,0.786689,0,0,0,0,0,0,0,0
"787",2011,175,3,32.055834,0.409905,0,0,0,0,0,0,0,0
"788",2011,176,3,32.187429,0.407359,0,0,0,0,0,0,0,0
"789",2011,178,3,32.087098,0.435191,0,0,0,0,0,0,0,0
"790",2011,180,3,32.219317,0.419909,0,0,0,0,0,0,0,0
"791",2011,182,3,31.984033,0.307526,0,0,0,0,0,0,0,0
"792",2011,184,3,31.375182,0.569886,0,0,0,0,0,0,0,0
"793",2011,185,3,31.272047,0.387282,0,0,0,0,0,0,0,0
"794",2011,187,4,31.439357,0.559676,0,0,0,0,0,0,0,0
"795",2011,189,4,31.271198,0.367059,0,0,0,0,0,0,0,0
"796",2011,191,4,31.840472,0.367841,0,0,0,0,0,0,0,0
"797",2011,193,4,31.662434,0.465854,0,0,0,0,0,0,0,0
"798",2011,195,4,32.750749,0.431072,0,0,0,5,0,1,0,0
"799",2011,196,4,32.743198,0.357579,0,0,1,5,0,2,0,0
"800",2011,197,4,33.146853,0.42663,0,0,0,0,0,0,0,0
"801",2011,198,4,32.710056,0.355982,0,0,1,5,0,2,0,0
"802",2011,200,4,32.913428,0.248471,0,0,0,1,0,0,0,0
"803",2011,202,4,33.009498,0.424213,0,0,0,0,0,0,0,0
"804",2011,204,4,33.109677,0.412782,0,0,0,0,0,0,0,0
"805",2011,207,4,33.319904,0.142807,0,0,0,0,0,0,0,0
"806",2011,208,4,32.689915,0.401919,0,0,2,5,0,2,0,0
"807",2011,211,4,32.80887,0.374188,0,0,0,5,0,1,0,0
"808",2011,212,4,32.843806,0.393434,0,0,0,3,0,0,0,0
"809",2011,214,4,32.806294,0.648913,0,0,0,0,0,0,0,0
"810",2011,217,4,32.834001,0.714486,0,0,0,0,0,0,0,0
"811",2011,221,4,32.300107,0.562356,0,0,0,0,0,0,0,0
"812",2011,222,4,32.462869,1.318664,0,0,0,0,0,0,0,0
"813",2011,223,4,32.539804,1.033063,0,0,0,0,0,0,0,0
"814",2011,224,4,32.351908,1.538981,0,0,0,0,0,0,0,0
"815",2011,226,3,33.770965,0.57399,0,0,0,0,0,0,0,0
"816",2011,228,3,33.843369,0.456971,0,0,0,0,0,0,0,0
"817",2011,230,3,33.87628,0.437531,0,0,0,0,0,0,0,0
"818",2011,232,3,33.874543,0.343958,0,0,0,0,0,0,0,0
"819",2011,234,3,33.865912,0.562239,0,0,0,0,0,0,0,0
"820",2011,237,4,33.69437,-0.114633,0,0,0,0,0,0,0,0
"821",2011,238,4,33.763475,0.220286,0,0,0,0,0,0,0,0
"822",2011,239,3,33.472354,0.604234,0,0,0,0,0,0,0,0
"823",2011,240,3,33.622051,0.779776,0,0,0,0,0,0,0,0
"824",2011,242,3,33.558323,0.591379,0,0,0,0,0,0,0,0
"825",2011,243,3,33.564024,0.488264,0,0,0,0,0,0,0,0
"826",2011,246,3,33.714701,0.870756,0,0,0,0,0,0,0,0
"827",2011,250,2,33.603116,0.681781,1,0,0,0,0,0,0,0
"828",2011,252,2,33.530474,0.713404,1,0,0,0,0,0,0,0
"829",2011,254,3,33.35121,0.67762,0,0,0,0,0,0,0,0
"830",2011,256,3,33.272335,0.689765,0,0,0,0,0,0,0,0
"831",2011,259,2,33.385146,0.630361,1,0,0,0,0,0,0,0
"832",2011,260,2,33.198161,0.460316,0,0,0,0,0,0,0,0
"833",2011,261,2,33.2257,0.437969,0,0,0,0,0,0,0,0
"834",2011,262,3,33.210931,0.468878,0,0,0,0,0,0,0,0
"835",2011,263,3,33.237719,0.457212,0,0,0,0,0,0,0,0
"836",2011,266,2,33.197731,0.518711,0,0,0,0,0,0,0,0
"837",2011,269,3,33.111307,0.62907,0,0,0,0,0,0,0,0
"838",2011,271,3,33.23018,0.579556,0,0,0,0,0,0,0,0
"839",2011,274,4,33.216531,1.049169,0,0,0,0,0,0,0,0
"840",2011,276,4,33.327392,1.298944,0,0,0,0,0,0,0,0
"841",2011,278,4,32.995319,1.374958,0,0,0,0,0,0,0,0
"842",2011,280,4,33.253499,0.854025,0,0,0,0,0,0,0,0
"843",2011,282,4,33.184703,0.87463,0,0,0,0,0,0,0,0
"844",2011,284,4,33.21317,0.97447,0,0,0,0,0,0,0,0
"845",2011,287,3,33.509117,0.964341,0,0,0,0,0,0,0,0
"846",2011,289,3,33.436982,1.217782,0,0,0,0,0,0,0,0
"847",2011,291,3,33.098299,0.695844,0,0,0,0,0,0,0,0
"848",2011,293,3,33.097753,0.771282,0,0,0,0,0,0,0,0
"849",2011,294,3,33.73468,0.802777,0,0,0,0,0,0,0,0
"850",2011,295,3,33.692326,0.841287,0,0,0,0,0,0,0,0
"851",2011,297,4,33.398802,0.434793,0,0,0,0,0,0,0,0
"852",2011,299,4,33.503567,0.355663,0,0,0,0,0,0,0,0
"853",2011,302,3,34.008079,0.354998,0,0,0,0,0,0,0,0
"854",2011,305,3,34.047757,0.386814,0,0,0,0,0,0,0,0
"855",2011,306,3,34.774664,1.249232,0,0,0,0,0,0,0,0
"856",2011,308,3,34.366929,1.334351,0,0,0,0,0,0,0,0
"857",2011,309,3,34.152051,1.08188,0,0,0,0,0,0,0,0
"858",2011,310,3,34.213475,1.077355,0,0,0,0,0,0,0,0
"859",2011,312,3,34.361432,0.790028,0,0,0,0,0,0,0,0
"860",2011,313,3,34.369182,0.91084,0,0,0,0,0,0,0,0
"861",2011,315,3,34.318798,0.982888,0,0,0,0,0,0,0,0
"862",2011,317,2,34.220413,1.029352,0,0,0,0,0,0,0,0
"863",2011,319,2,34.162559,0.980725,0,0,0,0,0,0,0,0
"864",2011,321,3,34.443812,1.001119,0,0,0,0,0,0,0,0
"865",2011,323,3,33.686825,1.18255,0,0,0,0,0,0,0,0
"866",2011,325,3,33.879648,1.141066,0,0,0,0,0,0,0,0
"867",2011,327,3,33.853513,1.007753,0,0,0,0,0,0,0,0
"868",2011,328,3,33.585401,1.235212,0,0,0,0,0,0,0,0
"869",2011,331,3,34.076859,1.06771,0,0,0,0,0,0,0,0
"870",2011,332,3,34.282622,1.144695,0,0,0,0,0,0,0,0
"871",2011,333,2,34.369168,1.151679,0,0,0,0,0,0,0,0
"872",2011,335,3,34.268296,1.138277,0,0,0,0,0,0,0,0
"873",2011,338,2,34.188347,0.676497,0,0,0,0,0,0,0,0
"874",2011,339,3,33.886174,0.709386,0,0,0,0,0,0,0,0
"875",2011,340,3,33.940027,0.900754,0,0,0,0,0,0,0,0
"876",2011,342,3,34.234604,0.648191,0,0,0,0,0,0,0,0
"877",2011,345,2,33.994059,0.629127,0,0,0,0,0,0,0,0
"878",2011,346,2,34.077778,0.812973,0,0,0,0,0,0,0,0
"879",2011,348,3,33.84554,2.009065,0,0,0,0,0,0,0,0
"880",2011,349,3,33.641947,2.13719,0,0,0,0,0,0,0,0
"881",2011,351,3,34.019736,1.261163,0,0,0,0,0,0,0,0
"882",2011,353,3,34.17136,1.251357,0,0,0,0,0,0,0,0
"883",2011,354,3,33.230352,1.914751,0,0,0,0,0,0,0,0
"884",2011,356,3,33.340483,1.715493,0,0,0,0,0,0,0,0
"885",2011,358,3,33.748627,2.004497,0,0,0,0,0,0,0,0
"886",2011,361,3,33.931845,2.034626,0,0,0,0,0,0,0,0
"887",2011,362,3,33.942327,1.489708,0,0,0,0,0,0,0,0
"888",2011,364,2,33.872068,1.277344,0,0,0,0,0,0,0,0
"889",2011,367,2,33.814327,1.576364,0,0,0,0,0,0,0,0
"890",2011,369,3,33.193438,1.882583,0,0,0,0,0,0,0,0
"891",2011,372,4,33.471721,1.445355,0,0,0,0,0,0,0,0
"892",2011,374,4,33.603467,1.846912,0,0,0,0,0,0,0,0
"893",2011,376,3,33.495888,1.82813,0,0,0,0,0,0,0,0
"894",2011,378,4,32.843172,2.161698,0,0,0,0,0,0,0,0
"895",2011,380,4,32.626881,2.230225,0,0,0,0,0,0,0,0
"896",2011,382,4,32.786376,2.129171,0,0,0,0,0,0,0,0
"897",2011,384,4,32.632011,2.089716,0,0,0,0,0,0,0,0
"898",2011,386,4,32.376165,1.793301,0,0,0,0,0,0,0,0
"899",2011,387,4,32.493305,2.023405,0,0,0,0,0,0,0,0
"900",2011,389,4,32.351018,1.8399,0,0,0,0,0,0,0,0
"901",2011,390,4,32.314369,2.207274,0,0,0,0,0,0,0,0
"902",2011,392,4,32.517867,2.154008,0,0,0,0,0,0,0,0
"903",2011,393,4,32.538077,2.313664,0,0,0,0,0,0,0,0
"904",2011,395,4,32.512654,2.494387,0,0,0,0,0,0,0,0
"905",2011,397,2,32.266599,2.773405,0,0,1,0,1,0,0,0
"906",2011,398,2,32.288053,2.768075,0,0,1,0,1,0,0,0
"907",2011,399,2,32.309693,2.767147,0,0,1,0,1,0,0,0
"908",2011,403,3,32.052909,3.461403,0,0,0,0,0,0,0,0
"909",2011,404,3,32.149082,3.074264,0,0,0,0,0,0,0,0
"910",2011,406,4,32.154984,3.012798,0,0,0,0,0,0,0,0
"911",2011,408,3,32.37613,2.536799,0,0,0,0,0,0,0,0
"912",2011,410,3,32.550714,2.703607,0,0,0,0,0,0,0,0
"913",2011,411,3,32.875174,3.297082,0,0,0,0,0,0,0,0
"914",2011,412,3,32.856479,3.250455,0,0,0,0,0,0,0,0
"915",2011,414,3,33.10992,3.174273,0,0,0,0,0,0,0,0
"916",2011,417,3,32.632351,3.58296,0,0,0,0,0,0,0,0
"917",2011,419,4,32.891329,2.245613,0,0,0,0,0,0,0,0
"918",2011,420,4,32.900965,2.255679,0,0,0,0,0,0,0,0
"919",2011,421,4,32.889514,2.248977,0,0,0,0,0,0,0,0
"920",2011,422,4,32.875979,2.228482,0,0,0,0,0,0,0,0
"921",2011,426,4,32.921807,2.271383,0,0,0,0,0,0,0,0
"922",2011,429,4,32.844373,2.485268,0,0,0,0,0,0,0,0
"923",2011,431,4,32.974363,2.410778,0,0,0,0,0,0,0,0
"924",2011,433,4,32.854697,1.723559,0,0,0,0,0,0,0,0
"925",2011,437,4,33.216649,2.363743,0,0,0,0,0,0,0,0
"926",2011,440,4,33.277624,2.506166,0,0,0,0,0,0,0,0
"927",2011,443,3,32.663376,2.985795,0,0,0,0,0,0,0,0
"928",2011,445,3,32.909704,2.890781,0,0,0,0,0,0,0,0
"929",2011,446,3,33.021183,2.937021,0,0,0,0,0,0,0,0
"930",2011,448,3,33.282552,2.833185,0,0,0,0,0,0,0,0
"931",2011,450,4,33.405019,3.086489,0,0,0,0,0,0,0,0
"932",2011,452,3,34.116785,3.022794,0,0,0,0,0,0,0,0
"933",2011,453,3,34.224891,3.719369,0,0,0,0,0,0,0,0
"934",2011,454,3,34.106795,3.642466,0,0,0,0,0,0,0,0
"935",2011,455,4,33.91653,3.630393,0,0,0,0,0,0,0,0
"936",2011,456,4,34.054474,2.9995,0,0,0,0,0,0,0,0
"937",2011,457,4,33.749376,3.760143,0,0,0,0,0,0,0,0
"938",2011,458,3,34.098312,3.596187,0,0,0,0,0,0,0,0
"939",2011,459,4,34.006981,3.573968,0,0,0,0,0,0,0,0
"940",2011,461,4,34.084256,3.441067,0,0,0,0,0,0,0,0
"941",2011,462,4,34.153579,3.371513,0,0,0,0,0,0,0,0
"942",2011,463,4,34.154238,3.585911,0,0,0,0,0,0,0,0
"943",2011,464,4,34.084796,3.512753,0,0,0,0,0,0,0,0
"944",2011,465,3,34.093808,3.044546,0,0,0,0,0,0,0,0
"945",2011,466,3,34.12399,3.042852,0,0,0,0,0,0,0,0
"946",2011,467,3,34.10302,2.917659,0,0,0,0,0,0,0,0
"947",2011,468,3,34.137801,2.963157,0,0,0,0,0,0,0,0
"948",2011,469,3,34.059947,3.105581,0,0,0,0,0,0,0,0
"949",2011,470,4,33.657362,2.620998,0,0,0,0,0,0,0,0
"950",2011,471,4,33.601392,2.511105,0,0,0,0,0,0,0,0
"951",2011,472,4,33.862203,2.580898,0,0,0,0,0,0,0,0
"952",2011,473,3,34.266687,1.985783,0,0,0,0,0,0,0,0
"953",2011,474,3,34.327921,2.482738,0,0,0,0,0,0,0,0
"954",2011,475,2,34.565053,2.385044,0,0,0,0,0,0,0,0
"955",2011,476,2,34.528628,2.366751,0,0,0,0,0,0,0,0
"956",2011,477,2,34.465135,2.432525,0,0,0,0,0,0,0,0
"957",2011,478,3,34.717003,2.552455,0,0,0,0,0,0,0,0
"958",2011,479,3,34.561401,2.72376,0,0,0,0,0,0,0,0
"959",2011,480,3,34.599746,2.567598,0,0,0,0,0,0,0,0
"960",2011,481,4,34.935044,1.942766,0,2,0,0,0,0,0,0
"961",2011,482,4,34.681239,1.846083,0,1,0,0,0,0,0,0
"962",2011,483,4,34.563683,1.858768,0,0,0,0,0,0,0,0
"963",2011,484,4,34.464463,1.91437,0,0,0,0,0,0,0,0
"964",2011,485,4,34.993543,1.863445,0,1,0,0,0,0,0,0
"965",2011,486,4,34.757981,1.480831,0,0,0,0,0,0,0,0
"966",2011,488,4,31.800388,3.395622,0,0,0,0,0,1,0,0
"967",2011,491,4,31.929428,3.421733,0,0,0,0,0,1,0,0
"968",2011,493,4,31.805115,3.221716,0,0,0,0,0,1,0,0
"969",2011,494,4,31.881964,3.363216,0,0,0,0,0,1,0,0
"970",2011,495,4,30.912527,3.025969,0,0,0,0,0,0,0,0
"971",2011,496,4,30.904898,3.038158,0,0,0,0,0,0,0,0
"972",2011,497,3,30.958992,3.408858,0,0,0,0,0,0,0,0
"973",2011,498,4,30.887579,3.033761,0,0,0,0,0,0,0,0
"974",2011,501,4,30.931805,3.073661,0,0,0,0,0,0,0,0
"975",2011,503,4,30.916336,2.993403,0,0,0,0,0,0,0,0
"976",2011,506,3,31.010671,3.480117,0,0,0,0,0,0,0,0
"977",2011,510,4,31.266031,3.071358,0,0,0,0,0,0,0,0
"978",2011,511,3,30.99033,3.287138,0,0,0,0,0,0,0,0
"979",2011,513,3,30.894379,3.284968,0,0,0,0,0,0,0,0
"980",2011,515,3,30.892833,3.27448,0,0,0,0,0,0,0,0
"981",2011,518,4,31.012297,3.058562,0,0,0,0,0,0,0,0
"982",2011,520,4,31.248821,3.200673,0,0,0,0,0,0,0,0
"983",2011,521,4,31.15045,3.267437,0,0,0,0,0,0,0,0
"984",2011,523,3,31.284616,3.070577,0,0,0,0,0,0,0,0
"985",2011,524,4,31.006655,2.811818,0,0,0,0,0,0,0,0
"986",2011,527,2,31.734715,3.674297,0,0,0,0,0,0,0,0
"987",2011,530,2,31.837529,3.573196,0,0,0,0,0,0,0,0
"988",2011,532,2,31.832076,3.674754,0,0,0,0,0,0,0,0
"989",2011,534,2,31.102504,2.489716,0,0,0,0,0,0,0,0
"990",2011,535,3,31.472366,2.473168,0,0,0,0,0,0,0,0
"991",2011,536,3,31.485369,2.453873,0,0,0,0,0,0,0,0
"992",2011,537,3,30.992024,2.432313,0,0,0,0,0,0,0,0
"993",2011,540,3,31.403266,2.726462,0,0,0,0,0,0,0,0
"994",2011,542,4,30.862382,2.378942,0,0,0,0,0,0,0,0
"995",2011,544,3,30.858325,2.596954,0,0,0,0,0,0,0,0
"996",2011,546,3,30.803117,2.498236,0,0,0,0,0,0,0,0
"997",2011,549,2,31.076031,2.409863,0,0,0,0,0,0,0,0
"998",2011,550,2,31.240818,2.562377,0,0,0,0,0,0,0,0
"999",2011,552,3,31.232836,2.44372,0,0,0,0,0,0,0,0
"1000",2011,554,3,31.245688,3.473372,0,0,0,0,0,0,0,0
"1001",2011,555,3,31.220702,3.499043,0,0,0,0,0,0,0,0
"1002",2011,558,3,31.404875,3.392169,0,0,0,0,0,0,0,0
"1003",2011,559,3,31.253638,3.573933,0,0,0,0,0,0,0,0
"1004",2011,560,3,31.238263,3.346574,0,0,0,0,0,0,0,0
"1005",2011,561,4,31.410178,3.310233,0,0,0,0,0,0,0,0
"1006",2011,562,3,31.465495,3.485215,0,0,0,0,0,0,0,0
"1007",2011,563,2,30.069892,0.71457,0,0,0,0,0,0,0,0
"1008",2011,565,2,30.081424,0.689509,0,0,0,0,0,0,0,0
"1009",2011,567,2,30.98502,1.489181,0,0,0,0,0,0,0,0
"1010",2011,570,3,30.994529,1.536667,0,0,0,0,0,0,0,0
"1011",2011,571,2,31.217381,1.579751,0,0,0,0,0,0,0,0
"1012",2011,575,2,31.013881,1.206823,0,0,0,0,0,0,0,0
"1013",2011,576,2,31.195113,1.316574,0,0,0,0,0,0,0,0
"1014",2011,577,4,30.27411,0.575931,0,0,0,0,0,0,0,0
"1015",2011,578,3,30.259488,0.557228,0,0,0,0,0,0,0,0
"1016",2011,580,4,30.186821,0.468785,0,0,0,0,0,0,0,0
"1017",2011,582,3,30.326425,0.665685,0,0,0,0,0,0,0,0
"1018",2011,585,3,30.121176,0.623438,0,0,0,0,0,0,0,0
"1019",2011,587,4,30.445981,0.216235,0,0,0,0,0,0,0,0
"1020",2011,589,4,30.375301,0.210348,0,0,0,0,0,0,0,0
"1021",2011,591,4,30.327723,-0.113822,0,0,0,0,0,0,0,0
"1022",2011,593,4,30.40788,0.090519,0,0,0,0,0,0,0,0
"1023",2011,594,3,30.094937,0.189633,0,1,0,1,0,0,0,0
"1024",2011,595,3,30.078548,0.176507,0,1,0,1,0,0,0,0
"1025",2011,596,3,29.759365,0.031863,0,0,0,0,0,0,0,0
"1026",2011,597,3,29.886201,0.028524,0,1,0,0,0,0,0,0
"1027",2011,599,3,29.969078,0.095612,0,1,0,1,0,0,0,0
"1028",2011,601,3,30.142057,0.30406,0,0,0,1,0,0,0,0
"1029",2011,603,3,30.193858,0.31598,0,0,0,1,0,0,0,0
"1030",2011,606,3,31.074298,0.762831,0,0,0,0,0,0,0,0
"1031",2011,607,3,31.193115,1.129576,0,0,0,0,0,0,0,0
"1032",2011,609,3,31.390817,1.020295,0,0,0,0,0,0,0,0
"1033",2011,611,3,31.047971,0.992669,0,0,0,0,0,0,0,0
"1034",2011,612,3,30.868969,0.992965,0,0,0,0,0,0,0,0
"1035",2011,615,3,31.083914,0.782235,0,0,0,0,0,0,0,0
"1036",2011,617,4,30.942167,0.586041,0,0,0,0,0,0,0,0
"1037",2011,620,4,30.793307,0.809149,0,0,0,0,0,0,0,0
"1038",2011,622,4,30.506152,0.596022,0,0,0,0,0,0,0,0
"1039",2011,624,4,30.799467,0.603175,0,0,0,0,0,0,0,0
"1040",2011,627,4,31.704277,1.685963,0,0,0,0,0,0,0,0
"1041",2011,628,4,32.168239,1.927154,0,0,0,0,0,0,0,0
"1042",2011,630,3,31.432294,1.770634,0,0,0,0,0,0,0,0
"1043",2011,632,4,31.658522,1.69496,0,0,0,0,0,0,0,0
"1044",2011,634,3,31.972857,1.781879,0,0,0,0,0,0,0,0
"1045",2011,636,3,32.104979,1.864084,0,0,0,0,0,0,0,0
"1046",2011,638,3,30.134746,-0.547324,0,0,0,0,0,0,0,0
"1047",2011,639,3,30.381632,-0.417413,0,0,0,0,0,0,0,0
"1048",2011,641,3,30.230193,-0.180641,0,0,0,0,0,0,0,0
"1049",2011,643,3,30.047626,-0.310162,0,0,0,0,0,0,0,0
"1050",2011,646,3,30.060209,-0.547999,0,0,0,0,0,0,0,0
"1051",2011,647,3,29.994167,-0.591034,0,0,0,0,0,0,0,0
"1052",2011,649,3,30.011972,-0.625313,0,0,0,0,0,0,0,0
"1053",2011,651,3,30.367601,-0.624095,0,0,0,0,0,0,0,0
"1054",2011,652,3,30.1431,-0.706686,0,0,0,0,0,0,0,0
"1055",2011,654,4,29.979579,-1.247377,0,0,0,0,0,0,0,0
"1056",2011,657,4,30.143088,-1.279644,0,0,0,0,0,0,0,0
"1057",2011,658,4,29.967404,-1.1306,0,0,0,0,0,0,0,0
"1058",2011,660,4,29.820608,-1.109841,0,0,0,0,0,0,0,0
"1059",2011,662,4,30.04911,-1.133516,0,0,0,0,0,0,0,0
"1060",2011,666,3,29.751515,-0.710697,0,0,0,0,0,0,0,0
"1061",2011,667,3,29.692924,-0.726025,0,0,0,0,0,0,0,0
"1062",2011,668,3,29.861374,-1.00016,0,0,0,0,0,0,0,0
"1063",2011,670,2,29.782113,-1.285389,0,0,0,0,0,0,0,0
"1064",2011,672,2,29.645205,-1.282571,0,0,0,0,0,0,0,0
"1065",2011,673,2,29.6166,-1.279915,0,0,0,0,0,0,0,0
"1066",2011,674,3,30.668652,-0.604503,0,0,0,0,0,0,0,0
"1067",2011,675,3,30.642833,-0.599312,0,0,0,0,0,0,0,0
"1068",2011,677,4,30.834241,-0.893869,0,0,0,0,0,0,0,0
"1069",2011,680,3,30.380418,-0.202705,0,0,0,0,0,0,0,0
"1070",2011,682,3,30.579238,0.133683,0,0,0,0,0,0,0,0
"1071",2011,684,4,30.63917,-0.907899,0,0,0,0,0,0,0,0
"1072",2011,686,4,30.665653,-1.010459,0,0,0,0,0,0,0,0
"1073",2011,687,4,30.681867,-0.927108,0,0,0,0,0,0,0,0
"1074",2011,688,3,30.674883,-0.554126,0,0,0,0,0,0,0,0
"1075",2011,689,3,30.567537,-0.375025,0,0,0,0,0,0,0,0
"1076",2011,692,4,30.573348,0.133052,0,0,0,0,0,0,0,0
"1077",2011,694,4,30.696948,-0.2031,0,0,0,0,0,0,0,0
"1078",2011,696,3,30.64669,-0.823093,0,0,0,0,0,0,0,0
"1079",2011,700,3,30.163067,-0.899952,0,0,0,0,0,0,0,0
"1080",2011,702,2,30.479523,-0.857743,0,0,0,0,0,0,0,0
"1081",2011,704,2,30.385931,-0.970732,0,0,0,0,0,0,0,0
"1082",2011,706,2,30.107658,-0.952224,0,0,0,0,0,0,0,0
"1083",2011,707,3,29.931162,-0.796772,0,0,0,0,0,0,0,0
"1084",2011,709,3,29.988417,-0.967814,0,0,0,0,0,0,0,0
"1085",2011,712,3,29.938125,-0.688925,0,0,0,0,0,0,0,0
"1086",2006,2,3,32.524909,0.199816,0,0,0,2,0,2,0,0
"1087",2006,4,3,32.311082,-0.499767,0,0,0,0,0,0,0,0
"1088",2006,5,2,31.609709,-0.169871,0,0,0,0,0,0,0,0
"1089",2006,6,2,31.612805,-0.199608,0,0,0,0,0,0,0,0
"1090",2006,7,2,32.061031,-0.250356,0,0,0,0,0,0,0,0
"1091",2006,8,2,31.55209,-0.364765,0,0,0,0,0,0,0,0
"1092",2006,9,3,31.747806,-0.615551,0,0,0,0,0,0,0,0
"1093",2006,10,3,31.415526,-0.401768,0,0,0,0,0,0,0,0
"1094",2006,11,3,31.805038,-0.321275,0,0,0,0,0,0,0,0
"1095",2006,12,3,31.768275,-0.391236,0,0,0,0,0,0,0,0
"1096",2006,13,2,31.701791,-0.585794,0,0,0,0,0,0,0,0
"1097",2006,14,2,31.445592,-0.383707,0,0,0,0,0,0,0,0
"1098",2006,19,2,31.748963,0.103618,0,0,0,0,0,0,0,0
"1099",2006,20,3,31.631122,0.273579,0,0,0,0,0,0,0,0
"1100",2006,21,2,32.102472,0.114961,0,0,0,0,0,0,0,0
"1101",2006,22,2,32.238529,0.249573,0,0,0,0,0,0,0,0
"1102",2006,23,2,31.195667,-0.255863,0,0,0,0,0,0,0,0
"1103",2006,24,2,31.732653,-0.847251,0,0,0,0,0,0,0,0
"1104",2006,25,2,31.183568,-0.504027,0,0,0,0,0,0,0,0
"1105",2006,26,2,31.328109,-0.509567,0,0,0,0,0,0,0,0
"1106",2006,27,2,31.570126,-0.561573,0,0,0,0,0,0,0,0
"1107",2006,28,3,31.214166,0.123882,0,0,0,0,0,0,0,0
"1108",2006,29,2,31.391554,-0.291423,0,0,0,0,0,0,0,0
"1109",2006,30,3,31.435004,-0.145982,0,0,0,0,0,0,0,0
"1110",2006,31,3,32.528564,0.099426,0,0,0,0,0,0,0,0
"1111",2006,32,3,32.282401,0.431351,0,1,0,0,0,0,0,0
"1112",2006,33,3,32.546452,0.180529,0,0,0,2,0,2,0,0
"1113",2006,35,3,32.50372162,0.560294825,0,1,0,0,0,0,0,0
"1114",2006,39,3,32.525303,0.715878,0,0,0,0,0,0,0,0
"1115",2006,40,3,32.065448,0.387385,0,0,0,0,0,0,0,0
"1116",2006,41,2,32.935021,0.366424,0,0,0,0,0,0,0,0
"1117",2006,42,3,32.529187,1.491609,0,0,0,0,0,0,0,0
"1118",2006,43,3,31.831879,0.956516,0,0,0,0,0,0,0,0
"1119",2006,44,3,31.618439,0.958253,0,0,0,0,0,0,0,0
"1120",2006,45,3,32.609883,0.5963,0,0,0,0,0,0,0,0
"1121",2006,46,3,32.438985,0.929063,0,0,0,0,0,0,0,0
"1122",2006,47,2,32.439331,0.655247,0,0,0,0,0,0,0,0
"1123",2006,48,2,32.413036,0.894168,0,0,0,0,0,0,0,0
"1124",2006,49,2,32.308322,0.792209,0,0,0,0,0,0,0,0
"1125",2006,50,2,32.118509,0.338518,0,0,0,0,0,0,0,0
"1126",2006,51,2,31.331333,0.46951,0,2,0,0,0,0,0,0
"1127",2006,52,2,31.557315,0.512382,0,1,0,0,0,0,0,0
"1128",2006,53,2,31.386118,0.569049,0,1,0,0,0,0,0,0
"1129",2006,54,2,31.328888,0.648752,0,1,0,0,0,0,0,0
"1130",2006,55,3,31.801249,0.695439,0,0,0,0,0,0,0,0
"1131",2006,56,3,31.767405,0.469334,0,0,0,0,0,0,0,0
"1132",2006,57,3,31.917782,0.741383,0,0,0,0,0,0,0,0
"1133",2006,58,3,31.919594,0.573414,0,0,0,0,0,0,0,0
"1134",2006,59,2,32.148653,0.43761,0,0,0,0,0,0,0,0
"1135",2006,60,3,32.036195,0.472828,0,0,0,0,0,0,0,0
"1136",2006,61,3,33.013234,0.317131,0,0,0,0,0,0,0,0
"1137",2006,62,2,32.965229,0.430846,0,0,0,0,0,0,0,0
"1138",2006,63,3,33.227008,0.362834,0,0,0,0,0,0,0,0
"1139",2006,64,3,33.082717,0.37216,0,0,0,0,0,0,0,0
"1140",2006,65,2,33.138141,0.47657,0,0,0,0,0,0,0,0
"1141",2006,66,3,32.738613,0.408399,0,0,0,2,0,2,0,0
"1142",2006,67,3,32.79217,0.319006,0,0,0,0,0,0,0,0
"1143",2006,68,3,32.798451,0.203584,0,0,0,0,0,0,0,0
"1144",2006,70,3,32.848492,0.629548,0,0,0,0,0,0,0,0
"1145",2006,71,3,32.873727,0.378465,0,0,0,0,0,0,0,0
"1146",2006,72,3,32.866341,0.503527,0,0,0,0,0,0,0,0
"1147",2006,73,3,32.542822,1.002155,0,0,0,0,0,0,0,0
"1148",2006,74,3,32.870222,0.860883,0,0,0,0,0,0,0,0
"1149",2006,75,3,33.014869,0.798221,0,0,0,0,0,0,0,0
"1150",2006,76,3,33.03655,0.723611,0,0,0,0,0,0,0,0
"1151",2006,77,3,32.563507,0.330551,0,1,0,2,0,2,0,0
"1152",2006,78,3,32.57992,0.321401,0,1,0,2,0,2,0,0
"1153",2006,79,3,32.558528,0.318584,0,1,0,2,0,2,0,0
"1154",2006,80,3,32.558528,0.357434,0,1,0,2,0,2,0,0
"1155",2006,81,3,32.580289,0.367217,0,1,0,2,0,2,0,0
"1156",2006,82,3,32.560649,0.379365,0,1,0,2,0,2,0,0
"1157",2006,83,3,32.598687,0.354185,0,1,0,2,0,2,0,0
"1158",2006,84,3,32.572405,0.348705,0,1,0,2,0,2,0,0
"1159",2006,85,3,32.57026,0.353116,0,1,0,2,0,2,0,0
"1160",2006,86,3,32.57183,0.34061,0,1,0,2,0,2,0,0
"1161",2006,87,3,32.625877,0.316168,0,0,0,2,0,2,0,0
"1162",2006,88,3,32.603385,0.310322,0,0,0,2,0,2,0,0
"1163",2006,89,3,32.598705,0.306552,0,0,0,2,0,2,0,0
"1164",2006,90,3,32.577168,0.297866,0,0,0,2,0,2,0,0
"1165",2006,91,3,32.609831,0.31143,0,0,0,2,0,2,0,0
"1166",2006,92,3,32.615297,0.29988,0,0,0,2,0,2,0,0
"1167",2006,93,3,32.628487,0.263794,0,0,0,2,0,2,0,0
"1168",2006,94,3,32.599264,0.296931,0,0,0,2,0,2,0,0
"1169",2006,95,3,32.609388,0.275792,0,0,0,2,0,2,0,0
"1170",2006,96,3,32.586272,0.346711,0,1,0,2,0,2,0,0
"1171",2006,97,3,32.613798,0.367455,0,0,0,2,0,2,0,0
"1172",2006,98,3,32.607076,0.38234,0,1,0,2,0,2,0,0
"1173",2006,99,3,32.638643,0.334977,0,0,0,2,0,2,0,0
"1174",2006,100,3,32.642004,0.322698,0,0,0,2,0,2,0,0
"1175",2006,101,3,32.602535,0.332972,0,0,0,2,0,2,0,0
"1176",2006,102,3,32.545805,0.320202,0,1,0,2,0,2,0,0
"1177",2006,103,3,32.564498,0.283345,0,0,0,2,0,2,0,0
"1178",2006,104,3,32.569363,0.338161,0,1,0,2,0,2,0,0
"1179",2006,105,3,32.544799,0.346388,0,1,0,2,0,2,0,0
"1180",2006,106,3,32.543071,0.310569,0,1,0,2,0,2,0,0
"1181",2006,107,3,32.571946,0.279462,0,0,0,2,0,2,0,0
"1182",2006,108,3,32.557294,0.327514,0,1,0,2,0,2,0,0
"1183",2006,109,3,32.537451,0.310773,0,1,0,2,0,2,0,0
"1184",2006,110,3,32.538238,0.294265,0,1,0,2,0,2,0,0
"1185",2006,111,2,34.094179,0.479631,0,0,0,0,0,0,0,0
"1186",2006,112,2,33.203632,0.434176,0,0,0,0,0,0,0,0
"1187",2006,113,2,33.243757,0.455347,0,0,0,0,0,0,0,0
"1188",2006,114,2,33.834903,0.447477,0,0,0,0,0,0,0,0
"1189",2006,115,2,33.83904,0.343588,0,0,0,0,0,0,0,0
"1190",2006,116,2,33.699225,0.700497,0,0,0,0,0,0,0,0
"1191",2006,117,2,33.964461,0.512209,0,0,0,0,0,0,0,0
"1192",2006,118,2,34.069588,0.416167,0,0,0,0,0,0,0,0
"1193",2006,119,3,33.602206,0.530134,0,0,0,0,0,0,0,0
"1194",2006,120,3,33.710458,0.780065,0,0,0,0,0,0,0,0
"1195",2006,121,2,33.707816,0.794881,0,0,0,0,0,0,0,0
"1196",2006,122,3,33.725561,0.87726,0,0,0,0,0,0,0,0
"1197",2006,123,2,33.642331,0.764239,0,0,0,0,0,0,0,0
"1198",2006,124,2,33.458344,0.637026,0,0,0,0,0,0,0,0
"1199",2006,125,2,33.3712,0.868535,0,0,0,0,0,0,0,0
"1200",2006,126,2,33.524191,0.661336,0,0,0,0,0,0,0,0
"1201",2006,127,2,33.50468,0.77139,0,0,0,0,0,0,0,0
"1202",2006,128,3,33.321107,0.979498,0,0,0,0,0,0,0,0
"1203",2006,129,3,33.31988,0.721134,0,0,0,0,0,0,0,0
"1204",2006,130,3,33.306214,0.887961,0,0,0,0,0,0,0,0
"1205",2006,131,3,33.31311,1.069171,0,0,0,0,0,0,0,0
"1206",2006,132,3,33.329557,0.65704,0,0,0,0,0,0,0,0
"1207",2006,133,2,33.128226,0.509438,0,0,0,0,0,0,0,0
"1208",2006,134,2,33.180947,0.656017,0,0,0,0,0,0,0,0
"1209",2006,135,3,33.047096,1.263288,0,0,0,0,0,0,0,0
"1210",2006,136,3,33.070117,1.303928,0,0,0,0,0,0,0,0
"1211",2006,137,3,33.318157,1.121935,0,0,0,0,0,0,0,0
"1212",2006,138,3,33.028778,1.303204,0,0,0,0,0,0,0,0
"1213",2006,139,3,32.99825,1.058884,0,0,0,0,0,0,0,0
"1214",2006,140,3,33.251775,0.783753,0,0,0,0,0,0,0,0
"1215",2006,141,3,33.102853,0.91567,0,0,0,0,0,0,0,0
"1216",2006,142,3,33.237587,0.915305,0,0,0,0,0,0,0,0
"1217",2006,143,3,33.487564,0.882899,0,0,0,0,0,0,0,0
"1218",2006,144,3,33.557264,1.144634,0,0,0,0,0,0,0,0
"1219",2006,145,3,33.379475,1.084304,0,0,0,0,0,0,0,0
"1220",2006,146,3,33.053569,0.80575,0,0,0,0,0,0,0,0
"1221",2006,147,3,33.075145,0.796744,0,0,0,0,0,0,0,0
"1222",2006,148,3,33.387474,0.505811,0,0,0,0,0,0,0,0
"1223",2006,149,2,34.173998,1.072979,0,0,0,0,0,0,0,0
"1224",2006,150,2,33.59802,1.722496,0,0,0,0,0,0,0,0
"1225",2006,151,2,34.548105,1.406812,0,0,0,0,0,0,0,0
"1226",2006,152,2,34.422213,1.39116,0,0,0,0,0,0,0,0
"1227",2006,153,3,33.560289,2.001353,0,0,0,0,0,0,0,0
"1228",2006,154,2,33.941065,1.860153,0,0,0,0,0,0,0,0
"1229",2006,155,2,34.080264,1.337988,0,0,0,0,0,0,0,0
"1230",2006,156,2,33.751046,1.626883,0,0,0,0,0,0,0,0
"1231",2006,157,2,34.051127,1.119369,0,0,0,0,0,0,0,0
"1232",2006,158,2,34.133529,1.504328,0,0,0,0,0,0,0,0
"1233",2006,159,2,34.282007,0.929605,0,0,0,0,0,0,0,0
"1234",2006,160,2,34.330793,0.863255,0,0,0,0,0,0,0,0
"1235",2006,161,2,34.224437,0.876828,0,0,0,0,0,0,0,0
"1236",2006,162,2,34.321412,0.785605,0,0,0,0,0,0,0,0
"1237",2006,163,2,34.310448,0.765713,0,0,0,0,0,0,0,0
"1238",2006,164,2,34.356302,0.833838,0,0,0,0,0,0,0,0
"1239",2006,165,2,34.314893,0.844052,0,0,0,0,0,0,0,0
"1240",2006,166,3,34.326825,0.880248,0,0,0,0,0,0,0,0
"1241",2006,167,3,34.375066,0.881493,0,0,0,0,0,0,0,0
"1242",2006,168,3,34.374344,0.864468,0,0,0,0,0,0,0,0
"1243",2006,169,3,34.318478,0.886679,0,0,0,0,0,0,0,0
"1244",2006,170,3,34.210065,1.06354,0,0,0,0,0,0,0,0
"1245",2006,171,3,34.256064,0.975754,0,0,0,0,0,0,0,0
"1246",2006,172,3,34.311374,1.033526,0,0,0,0,0,0,0,0
"1247",2006,173,3,34.383111,1.067513,0,1,0,6,0,0,0,0
"1248",2006,174,3,33.941986,1.163863,0,0,0,0,0,0,0,0
"1249",2006,175,2,33.743344,1.322296,0,0,0,0,0,0,0,0
"1250",2006,176,2,33.753222,1.106669,0,0,0,0,0,0,0,0
"1251",2006,177,2,33.930513,0.954134,0,0,0,0,0,0,0,0
"1252",2006,178,2,33.397524,1.393911,0,0,0,0,0,0,0,0
"1253",2006,179,2,33.584059,1.795237,0,0,0,0,0,0,0,0
"1254",2006,180,2,33.67219,1.664273,0,0,0,0,0,0,0,0
"1255",2006,181,3,34.073321,0.970683,0,0,0,0,0,0,0,0
"1256",2006,182,2,34.143501,0.841348,0,0,0,0,0,0,0,0
"1257",2006,183,2,34.012953,0.623225,0,0,0,0,0,0,0,0
"1258",2006,184,2,34.012469,0.728098,0,0,0,0,0,0,0,0
"1259",2006,185,3,33.379548,1.746493,0,0,0,0,0,0,0,0
"1260",2006,186,3,34.246321,1.215379,0,0,0,0,0,0,0,0
"1261",2006,190,3,32.891451,3.276395,1,0,0,0,0,0,0,0
"1262",2006,194,2,32.508505,2.016431,0,0,0,0,0,0,0,0
"1263",2006,201,2,32.88963,2.318662,0,0,1,0,0,0,0,0
"1264",2006,202,2,33.078072,2.500107,0,0,0,0,0,0,0,0
"1265",2006,205,3,34.127656,3.507755,0,1,0,1,0,0,0,0
"1266",2006,206,2,34.7193,1.82934,1,1,2,2,0,0,0,0
"1267",2006,207,3,33.974047,3.704376,0,0,0,0,0,0,0,0
"1268",2006,208,3,34.139674,3.618382,0,1,0,1,0,0,0,0
"1269",2006,209,3,34.096601,3.496369,0,1,0,1,0,0,0,0
"1270",2006,210,3,34.171469,3.604766,0,1,0,1,0,0,0,0
"1271",2006,211,3,34.137493,3.076433,0,2,1,0,0,0,0,0
"1272",2006,212,3,34.052179,3.015269,0,2,1,0,0,0,0,0
"1273",2006,213,2,34.22763,2.157883,0,0,0,0,0,0,0,0
"1274",2006,214,3,34.480236,2.360987,0,0,0,0,0,0,0,0
"1275",2006,215,3,34.818582,2.430398,1,3,1,1,0,0,0,0
"1276",2006,217,2,34.625214,2.372209,1,1,2,2,0,0,0,0
"1277",2006,218,3,34.15108,3.754023,0,0,0,0,0,0,0,0
"1278",2006,219,3,33.974129,3.676606,0,0,0,0,0,0,0,0
"1279",2006,220,3,33.653924,3.518569,0,0,0,0,0,0,0,0
"1280",2006,221,3,33.941025,3.309948,0,0,0,0,0,0,0,0
"1281",2006,222,3,34.093082,3.520205,0,1,0,1,0,0,0,0
"1282",2006,223,3,33.973986,3.170265,0,1,0,0,0,0,0,0
"1283",2006,224,3,34.197369,2.994726,0,2,1,0,0,0,0,0
"1284",2006,225,3,34.151222,3.062646,0,2,1,0,0,0,0,0
"1285",2006,226,3,33.5424,2.669283,0,0,0,0,0,0,0,0
"1286",2006,227,3,34.264066,2.056192,0,0,0,0,0,0,0,0
"1287",2006,228,3,34.507236,2.339923,0,0,0,0,0,0,0,0
"1288",2006,229,3,34.710199,2.492365,1,3,1,1,0,0,0,0
"1289",2006,230,2,34.490509,2.744885,0,0,0,0,0,0,0,0
"1290",2006,231,2,34.572105,1.813164,1,1,2,2,0,0,0,0
"1291",2006,232,2,34.489529,2.041839,0,0,0,0,0,0,0,0
"1292",2006,233,2,34.962487,1.62876,0,0,0,0,0,0,0,0
"1293",2006,234,2,34.506186,2.272056,0,0,0,0,0,0,0,0
"1294",2006,235,2,30.896654,3.010203,0,0,0,0,0,0,0,0
"1295",2006,236,3,30.956667,3.397228,0,0,0,0,0,0,0,0
"1296",2006,237,3,30.987487,2.416934,1,0,0,0,0,0,0,0
"1297",2006,238,2,31.945979,3.390535,0,0,0,0,0,0,0,0
"1298",2006,239,3,30.855592,3.121108,0,0,0,0,0,0,0,0
"1299",2006,240,3,30.958023,3.037779,0,0,0,0,0,0,0,0
"1300",2006,242,2,30.993285,3.454489,0,0,0,0,0,0,0,0
"1301",2006,243,3,30.96363627,3.478344088,0,0,0,0,0,0,0,0
"1302",2006,245,2,31.011545,3.213354,0,0,0,0,0,0,0,0
"1303",2006,248,2,31.039126,3.349622,0,0,0,0,0,0,0,0
"1304",2006,249,2,31.010209,3.102444,0,0,0,0,0,0,0,0
"1305",2006,250,2,31.008862,3.215393,0,0,0,0,0,0,0,0
"1306",2006,251,3,31.180027,3.303199,0,0,0,0,0,0,0,0
"1307",2006,252,3,31.165954,3.242779,0,0,0,0,0,0,0,0
"1308",2006,253,3,31.019673,2.864443,0,0,0,0,0,0,0,0
"1309",2006,254,3,31.012334,2.718581,0,0,0,0,0,0,0,0
"1310",2006,255,3,30.8814,2.826299,0,0,0,0,0,0,0,0
"1311",2006,256,3,31.548352,3.241279,0,0,0,0,0,0,0,0
"1312",2006,257,3,31.82452,3.67807,0,0,0,0,0,0,0,0
"1313",2006,258,3,30.915763,2.36467,0,0,0,0,0,0,0,0
"1314",2006,259,3,30.935024,2.553886,1,0,0,0,0,0,0,0
"1315",2006,260,3,31.168227,2.486965,1,0,0,0,0,0,0,0
"1316",2006,261,3,31.122467,2.518425,1,0,0,0,0,0,0,0
"1317",2006,262,3,31.394285,3.230073,0,0,0,0,0,0,0,0
"1318",2006,263,3,31.363734,1.442774,0,0,0,0,0,0,0,0
"1319",2006,264,3,30.086692,0.193142,0,0,0,0,0,0,0,0
"1320",2006,266,3,29.971569,0.677183,0,5,0,0,0,0,0,0
"1321",2006,267,3,30.033485,0.725246,0,5,0,0,0,0,0,0
"1322",2006,268,3,30.107037,0.810527,0,5,0,0,0,0,0,0
"1323",2006,269,2,31.447512,1.368878,0,0,0,0,0,0,0,0
"1324",2006,270,3,31.32181,1.656293,0,0,0,2,0,0,0,0
"1325",2006,271,3,31.191723,1.460983,0,0,0,0,0,0,0,0
"1326",2006,272,3,31.111005,1.262601,0,0,0,0,0,0,0,0
"1327",2006,273,3,30.16859,0.469997,0,0,0,0,0,0,0,0
"1328",2006,275,3,30.325992,0.597729,0,0,0,0,0,0,0,0
"1329",2006,276,3,30.159562,0.600154,0,3,0,0,0,0,0,0
"1330",2006,277,3,29.776521,0.053623,0,0,0,0,0,0,0,0
"1331",2006,278,3,29.736805,-0.001015,0,0,0,0,0,0,0,0
"1332",2006,279,3,29.754539,0.092526,0,0,0,0,0,0,0,0
"1333",2006,280,3,30.092723,0.331616,0,0,0,0,0,0,0,0
"1334",2006,281,3,30.137784,0.385052,0,0,0,0,0,0,0,0
"1335",2006,282,3,29.989298,0.074712,0,0,0,0,0,0,0,0
"1336",2006,283,2,31.18397,1.02338,0,0,0,0,0,0,0,0
"1337",2006,284,2,30.660872,0.933761,0,0,0,0,0,0,0,0
"1338",2006,285,2,30.967815,1.090452,0,0,0,0,0,0,0,0
"1339",2006,286,2,30.565279,1.021127,0,0,0,0,0,0,0,0
"1340",2006,287,2,31.10625,0.943702,0,0,0,0,0,0,0,0
"1341",2006,288,3,31.616252,1.639017,0,0,0,0,0,0,0,0
"1342",2006,289,3,31.499274,2.110045,0,0,0,0,0,0,0,0
"1343",2006,290,3,31.748095,1.6635,0,0,0,0,0,0,0,0
"1344",2006,291,3,32.141379,2.014136,0,0,0,0,0,0,0,0
"1345",2006,292,3,32.296788,2.209358,0,0,0,0,0,0,0,0
"1346",2006,293,3,30.473902,0.399781,0,0,0,0,0,0,0,0
"1347",2006,294,3,30.556963,0.251153,0,0,0,0,0,0,0,0
"1348",2006,295,3,30.215574,-0.088497,0,0,0,0,0,0,0,0
"1349",2006,296,2,31.111928,0.58865,1,1,0,0,0,0,0,0
"1350",2006,297,2,30.899103,0.663798,1,0,0,0,0,0,0,0
"1351",2006,298,3,30.433143,0.621571,0,0,0,0,0,0,0,0
"1352",2006,299,2,30.552125,0.69829,0,0,0,0,0,0,0,0
"1353",2006,300,2,30.738677,0.793595,0,0,0,0,0,0,0,0
"1354",2006,301,2,29.963294,-1.240615,0,0,0,0,0,0,0,0
"1355",2006,302,3,30.664872,-0.605555,0,0,0,0,0,0,0,0
"1356",2006,303,3,30.276131,-0.890744,0,0,0,0,0,0,0,0
"1357",2006,304,2,30.242357,-0.395454,0,0,0,0,0,0,0,0
"1358",2006,305,3,30.422156,-0.308475,0,0,0,0,0,0,0,0
"1359",2006,306,2,30.105606,-0.224883,0,0,0,0,0,0,0,0
"1360",2006,307,2,30.148201,-0.379953,0,0,0,0,0,0,0,0
"1361",2006,308,2,30.275474,-0.458093,0,0,0,0,0,0,0,0
"1362",2006,309,2,30.177159,-0.498393,0,0,0,0,0,0,0,0
"1363",2006,310,3,30.110673,-0.418478,0,0,0,0,0,0,0,0
"1364",2006,311,2,30.027884,-0.668436,0,0,0,0,0,0,0,0
"1365",2006,312,2,30.037942,-0.696777,0,0,0,0,0,0,0,0
"1366",2006,313,2,30.311003,-0.647428,0,0,0,0,0,0,0,0
"1367",2006,314,2,30.350332,-0.486409,0,0,0,0,0,0,0,0
"1368",2006,315,2,30.204793,-0.654555,0,0,0,0,0,0,0,0
"1369",2006,316,2,30.097188,-1.241959,0,0,0,0,0,0,0,0
"1370",2006,317,2,29.930803,-1.422712,0,0,0,0,0,0,0,0
"1371",2006,318,2,29.814784,-1.161701,0,0,0,0,0,0,0,0
"1372",2006,319,2,29.794428,-1.335719,0,0,0,0,0,0,0,0
"1373",2006,320,2,31.141987,-0.821476,0,0,0,0,0,0,0,0
"1374",2006,321,2,31.050974,-0.907856,0,0,0,0,0,0,0,0
"1375",2006,322,2,30.426632,-0.004504,0,0,0,0,0,0,0,0
"1376",2006,323,2,30.551446,-0.250846,0,0,0,0,0,0,0,0
"1377",2006,324,2,30.778882,-0.766014,0,0,0,0,0,0,0,0
"1378",2006,325,2,30.628607,-0.880323,0,0,0,0,0,0,0,0
"1379",2006,326,2,30.696054,-0.915899,0,0,0,0,0,0,0,0
"1380",2006,327,2,30.522727,-0.485684,1,0,0,0,0,0,0,0
"1381",2006,328,3,30.725121,0.160264,0,0,0,0,0,0,0,0
"1382",2006,329,3,30.709679,0.028698,0,0,0,0,0,0,0,0
"1383",2006,330,2,30.849466,-0.293047,0,0,0,0,0,0,0,0
"1384",2006,331,2,30.399555,-0.738284,0,0,0,0,0,0,0,0
"1385",2006,332,2,30.030367,-0.811118,1,0,0,0,0,0,0,0
"1386",2006,333,3,30.353325,-0.840744,0,0,0,0,0,0,0,0
"1387",2006,334,3,30.270639,-0.98166,0,0,0,0,0,0,0,0
"1388",2006,335,2,29.971138,-0.956442,1,0,0,0,0,0,0,0
"1389",2006,336,2,29.802955,-0.655946,0,0,0,0,0,0,0,0
"1390",2006,337,2,29.687774,-0.79878,0,0,1,0,0,0,0,0
"1391",2006,338,2,29.823237,-0.90807,1,0,1,0,0,0,0,0
"1392",2006,339,2,32.398611,2.923089,2,4,0,0,0,1,0,0
"1393",2006,340,2,32.33483,2.614218,2,2,0,0,0,1,0,0
"1394",2006,341,2,32.539044,2.643592,0,0,0,0,0,0,0,0
"1395",2006,342,2,32.222968,2.756537,4,3,1,0,0,1,0,0
"1396",2006,343,3,31.943992,2.62047,1,0,0,0,0,0,0,0
"1397",2006,344,2,32.173908,2.884875,3,3,0,0,0,1,0,0
"1398",2006,345,2,32.013039,2.802251,2,2,1,0,0,0,0,0
"1399",2006,346,2,31.744462,2.843016,0,0,0,0,0,0,0,0
"1400",2006,347,2,32.124607,3.028394,1,2,0,0,0,0,0,0
"1401",2006,348,3,32.906294,3.254107,1,0,0,0,0,0,0,0
"1402",2006,349,3,33.173901,3.251376,1,0,0,0,0,0,0,0
"1403",2006,350,3,33.029251,3.366015,1,0,0,0,0,0,0,0
"1404",2006,351,3,32.840149,3.461549,0,0,0,0,0,0,0,0
"1405",2006,352,3,32.696992,3.612241,0,0,0,0,0,0,0,0
"1406",2006,353,3,32.968323,3.557611,1,0,0,1,0,0,0,0
"1407",2006,354,3,32.793522,2.688952,0,0,0,0,0,1,0,0
"1408",2006,355,3,32.937952,2.936557,2,0,0,0,0,0,0,0
"1409",2006,356,3,33.104347,2.860446,1,0,0,0,0,0,0,0
"1410",2006,357,3,33.172372,2.783293,0,0,0,0,0,0,0,0
"1411",2006,358,3,33.352593,3.020682,2,0,0,0,0,1,0,0
"1412",2006,359,3,33.474898,2.956943,0,0,0,0,0,0,0,0
"1413",2006,360,3,33.278196,2.642756,0,0,0,0,0,0,0,0
"1414",2006,361,2,33.02638,2.235462,0,0,0,0,0,0,0,0
"1415",2006,362,2,32.971439,2.470803,0,0,1,0,0,0,0,0
"1416",2006,363,2,33.23267,2.247988,0,0,0,0,0,0,0,0
"1417",2006,364,2,33.349763,2.117532,0,0,0,0,0,0,0,0
"1418",2006,365,2,33.394558,2.237835,0,0,0,0,0,0,0,0
"1419",2006,366,2,32.868072,2.284966,0,0,1,0,0,0,0,0
"1420",2006,367,3,32.688304,2.502065,0,0,0,0,0,0,0,0
"1421",2006,368,2,32.52408,2.464692,0,0,0,0,0,0,0,0
"1422",2000,101,1,32.6413769369,2.34240626841,0,0,0,0,0,0,0,0
"1423",2000,102,1,32.6586779904,2.18839338196,0,0,0,0,0,0,0,0
"1424",2000,103,1,32.8716008121,2.0498846412,0,0,0,1,0,0,0,0
"1425",2000,104,1,32.764045004,2.11280641764,0,0,0,1,0,0,0,0
"1426",2000,105,1,32.5395083469,2.1151642156,0,0,0,0,0,0,0,0
"1427",2000,106,1,32.2964201245,2.24377122876,0,0,0,0,0,0,0,0
"1428",2000,107,1,32.557902681,2.20274736345,0,0,0,0,0,0,0,0
"1429",2000,108,1,32.5350336851,2.50252362348,0,0,0,1,0,0,0,0
"1430",2000,202,1,30.9228948141,3.02859209382,0,0,0,0,0,0,0,0
"1431",2000,203,4,31.2806554156,3.56763032773,0,0,0,0,0,0,0,0
"1432",2000,204,1,30.9261319397,3.02511404707,0,0,0,0,0,0,0,0
"1433",2000,206,1,31.2173642741,2.67647710187,0,0,0,0,0,0,0,0
"1434",2000,207,4,30.9015252525,3.32699774538,0,0,0,0,0,0,0,0
"1435",2000,208,1,31.1713497843,3.15789840231,0,0,0,0,0,0,0,0
"1436",2000,209,1,31.0070241736,2.88510936386,0,0,0,0,0,0,0,0
"1437",2000,401,4,30.1787821564,-0.534150657251,0,2,0,1,0,0,0,0
"1438",2000,402,4,30.3424033306,-0.295160875037,0,0,0,0,0,0,0,0
"1439",2000,403,4,30.2128214291,-0.214533867096,1,1,0,0,0,0,0,0
"1440",2000,404,4,30.144266262,-0.617767142412,0,3,0,1,0,0,0,0
"1441",2000,405,4,30.2610138076,-0.578473719291,0,2,0,1,0,0,0,0
"1442",2000,406,1,30.1900128329,-0.790075733052,0,0,0,0,0,0,0,0
"1443",2000,407,4,30.0487529489,-0.70509601184,0,3,0,1,0,0,0,0
"1444",2000,408,4,30.1133618469,-0.670748940254,0,3,0,1,0,0,0,0
"1445",2000,409,1,30.0417681472,-1.03300510515,0,0,0,0,0,0,0,0
"1446",2000,410,4,30.4407568792,-0.508090256758,0,0,0,0,0,0,0,0
"1447",2000,601,4,31.4462069977,1.31539703372,0,0,0,0,0,0,0,0
"1448",2000,602,4,31.4237058531,1.48398708748,0,0,0,0,0,0,0,0
"1449",2000,603,4,31.3291472626,1.35808932682,0,0,0,0,0,0,0,0
"1450",2000,701,1,33.6246715939,0.781845380212,0,0,0,0,0,0,0,0
"1451",2000,702,1,33.4552420738,0.610218832125,0,0,0,0,0,0,0,0
"1452",2000,703,1,33.6840705681,0.658249876413,0,0,0,0,0,0,0,0
"1453",2000,704,1,33.6772144718,0.743227266828,0,0,0,0,0,0,0,0
"1454",2000,705,1,33.9172005752,0.210337601498,0,0,0,0,0,0,0,0
"1455",2000,708,1,33.4691493491,0.389857148411,0,0,0,0,0,0,0,0
"1456",2000,709,1,33.5496676756,0.381310560401,0,0,0,0,0,0,0,0
"1457",2000,710,1,33.6826427726,0.754279970046,0,0,0,0,0,0,0,0
"1458",2000,712,1,33.4318850133,0.75125803104,0,0,0,0,0,0,0,0
"1459",2000,713,1,33.489507156,0.678771855349,0,0,0,0,0,0,0,0
"1460",2000,714,1,33.3380524689,0.718612434005,0,0,0,0,0,0,0,0
"1461",2000,801,4,33.2804696078,0.512655746258,0,0,0,0,0,0,0,0
"1462",2000,802,4,33.2100142458,0.440454425078,0,0,0,0,0,0,0,0
"1463",2000,803,4,33.2042478926,0.428140239447,0,0,0,0,0,0,0,0
"1464",2000,804,3,33.2099672256,0.41700523191,0,0,0,0,0,0,0,0
"1465",2000,805,4,33.2223282737,0.461426904949,0,0,0,0,0,0,0,0
"1466",2000,806,4,33.2009775485,0.43522171539,0,0,0,0,0,0,0,0
"1467",2000,807,4,33.2150917559,0.568568228861,0,0,0,0,0,0,0,0
"1468",2000,808,4,33.21399954,0.427956579467,0,0,0,0,0,0,0,0
"1469",2000,809,4,33.2058246301,0.505037351336,0,0,0,0,0,0,0,0
"1470",2000,810,4,33.2264512281,0.568568009087,0,0,0,0,0,0,0,0
"1471",2000,901,4,30.0051012059,-1.2669297345,0,0,0,0,0,0,0,0
"1472",2000,902,4,29.9742230526,-1.2692087034,0,0,0,0,0,0,0,0
"1473",2000,903,4,29.9800142491,-1.37804552446,0,0,0,0,0,0,0,0
"1474",2000,904,4,29.9518774987,-1.19205106665,0,0,0,0,0,0,0,0
"1475",2000,905,4,29.8113115125,-1.04592260473,0,0,0,0,0,0,0,0
"1476",2000,906,4,30.0311750259,-1.10808010092,0,0,0,0,0,0,0,0
"1477",2000,908,4,30.0040421476,-1.28310528026,0,0,0,0,0,0,0,0
"1478",2000,909,4,30.0940306878,-1.36809283324,0,0,0,0,0,0,0,0
"1479",2000,910,4,29.8968156062,-1.308647173,0,0,0,0,0,0,0,0
"1480",2000,911,4,30.1016849447,-1.1819591186,0,0,0,0,0,0,0,0
"1481",2000,1002,4,30.2883361877,0.655037820712,3,0,1,0,0,0,0,0
"1482",2000,1003,4,30.224788148,0.508929858653,3,0,1,0,0,0,0,0
"1483",2000,1004,4,30.1962833142,0.675129026878,3,1,1,0,0,0,0,0
"1484",2000,1005,4,30.2711977921,0.597953717825,3,0,1,0,0,0,0,0
"1485",2000,1006,4,30.4261127289,0.428540072176,0,0,0,0,0,0,0,0
"1486",2000,1007,4,30.4596231268,0.29569343593,0,0,1,0,0,0,0,0
"1487",2000,1008,4,30.3615873617,-0.0871517903144,0,0,0,0,0,0,0,0
"1488",2000,1009,4,30.9207026209,0.63631999725,0,0,0,0,0,0,0,0
"1489",2000,1010,4,30.4852138203,0.692001763919,0,0,0,0,0,0,0,0
"1490",2000,1011,4,30.6414176138,0.708807667047,0,1,0,0,0,0,0,0
"1491",2000,1012,4,30.6222622327,0.479162772709,0,0,0,0,0,0,0,0
"1492",2000,1101,1,32.3807837749,-0.377074304202,0,0,0,0,0,0,0,0
"1493",2000,1102,1,32.2327147165,-0.544341639599,0,0,0,0,0,0,0,0
"1494",2000,1201,4,32.9787305376,0.52632501665,0,0,0,0,0,0,0,0
"1495",2000,1202,4,32.9812330351,0.568060656296,0,0,0,0,0,0,0,0
"1496",2000,1204,4,32.559614016,0.308850566954,0,0,0,0,0,0,0,0
"1497",2000,1205,4,32.9445288522,0.527777519368,0,0,0,0,0,0,0,0
"1498",2000,1206,4,32.5553232224,0.343371092314,0,0,0,0,0,0,0,0
"1499",2000,1207,4,32.5666607292,0.378677678898,0,0,0,0,0,0,0,0
"1500",2000,1208,4,32.921593108,0.630168192992,0,0,0,0,0,0,0,0
"1501",2000,1209,4,32.9619821099,0.584558358019,0,0,0,0,0,0,0,0
"1502",2000,1210,4,32.5647915485,0.321522204921,0,0,0,0,0,0,0,0
"1503",2000,1211,4,32.5831735467,0.350483379479,0,0,0,0,0,0,0,0
"1504",2000,1212,4,32.5796009566,0.348285913042,0,0,0,0,0,0,0,0
"1505",2000,1213,1,32.635763136,0.258977890068,0,0,0,0,0,0,0,0
"1506",2000,1214,4,32.9989293191,0.510347929552,0,0,0,0,0,0,0,0
"1507",2000,1215,4,32.5813459584,0.293246754084,0,0,0,0,0,0,0,0
"1508",2000,1216,4,33.0019166339,0.523329275871,0,0,0,0,0,0,0,0
"1509",2000,1217,4,32.9548258041,0.483596702187,0,0,0,0,0,0,0,0
"1510",2000,1218,1,32.5931358231,0.306692787366,0,0,0,0,0,0,0,0
"1511",2000,1219,4,32.9638447763,0.475815895199,0,0,0,0,0,0,0,0
"1512",2000,1220,4,32.988259676,0.514048759127,0,0,0,0,0,0,0,0
"1513",2000,1221,1,32.5943505007,0.314913760867,0,0,0,0,0,0,0,0
"1514",2000,1222,4,32.5956545501,0.353594959398,0,0,0,0,0,0,0,0
"1515",2000,1223,4,32.6178463196,0.324744825903,0,0,0,0,0,0,0,0
"1516",2000,1224,4,32.621685128,0.318656290045,0,0,0,0,0,0,0,0
"1517",2000,1225,4,32.6367811907,0.315874212582,0,0,0,0,0,0,0,0
"1518",2000,1226,4,32.6071425349,0.313978697064,0,0,0,0,0,0,0,0
"1519",2000,1227,4,32.9320451094,0.479838870425,0,0,0,0,0,0,0,0
"1520",2000,1228,4,32.9109529349,0.547540665916,0,0,0,0,0,0,0,0
"1521",2000,1229,4,32.5462205068,0.333017542922,0,0,0,0,0,0,0,0
"1522",2000,1230,4,32.5390366068,0.267648500839,0,0,0,0,0,0,0,0
"1523",2000,1231,4,32.5558474922,0.34090682475,0,0,0,0,0,0,0,0
"1524",2000,1232,4,32.9318794445,0.520466811169,0,0,0,0,0,0,0,0
"1525",2000,1233,4,32.5531433752,0.292303751388,0,0,0,0,0,0,0,0
"1526",2000,1234,4,32.5465215804,0.292398002193,0,0,0,0,0,0,0,0
"1527",2000,1301,1,33.1299428208,0.931463083364,0,0,0,0,0,0,0,0
"1528",2000,1302,1,33.2052711993,1.08608452513,0,0,0,0,0,0,0,0
"1529",2000,1303,1,33.3472047804,1.14201208687,0,0,0,0,0,0,0,0
"1530",2000,1304,1,32.8371983804,1.43201610719,0,0,0,0,0,0,0,0
"1531",2000,1305,1,32.9874837266,1.28350166158,0,0,0,0,0,0,0,0
"1532",2000,1306,1,33.279263013,0.839269751626,0,0,0,0,0,0,0,0
"1533",2000,1307,1,33.1838943738,0.894757261162,0,0,0,0,0,0,0,0
"1534",2000,1308,1,33.1586849983,1.02973303948,0,0,0,0,0,0,0,0
"1535",2000,1309,1,33.194549284,0.906765949057,0,0,0,0,0,0,0,0
"1536",2000,1310,1,33.4489130881,1.01917644027,0,0,0,0,0,0,0,0
"1537",2000,1311,1,33.482784379,0.914696666514,0,0,0,0,0,0,0,0
"1538",2000,1312,1,33.4717964718,1.05794994954,0,0,0,0,0,0,0,0
"1539",2000,1313,4,33.0961231815,0.790796782818,0,0,0,0,0,0,0,0
"1540",2000,1314,4,33.0621619146,0.669846110675,0,0,0,0,0,0,0,0
"1541",2000,1315,1,33.2501214745,0.760723443597,0,0,0,0,0,0,0,0
"1542",2000,1401,1,34.7090995938,1.3184914685,0,0,0,0,0,0,0,0
"1543",2000,1402,1,34.4865306418,1.40535319517,0,0,0,0,0,0,0,0
"1544",2000,1603,1,30.938020703,0.978525397554,0,1,0,0,0,0,0,0
"1545",2000,1604,1,30.4970169121,0.106233215122,0,0,0,1,0,0,0,0
"1546",2000,1701,1,31.7434328595,0.911455800407,0,1,0,1,0,0,0,0
"1547",2000,1702,1,31.7155213675,0.791947449905,0,1,0,1,0,0,0,0
"1548",2000,1801,4,29.7473577606,-1.13408472008,0,0,0,0,0,0,0,0
"1549",2000,1802,4,29.6048173669,-1.14511593724,0,0,0,0,0,0,0,0
"1550",2000,1803,4,29.6223488704,-1.26449598013,0,1,0,0,0,0,0,0
"1551",2000,1804,4,29.7168873174,-1.14639774397,0,0,0,0,0,0,0,0
"1552",2000,1805,4,29.7001198384,-1.25525709495,0,1,0,0,0,0,0,0
"1553",2000,1806,4,29.71153804,-1.26411976146,0,1,0,0,0,0,0,0
"1554",2000,1807,4,29.683357066,-1.34072909995,0,1,0,0,0,0,0,0
"1555",2000,1808,4,29.7028281566,-1.26419877394,0,1,0,0,0,0,0,0
"1556",2000,2001,4,34.1071901502,2.99578603042,0,0,0,0,0,0,0,0
"1557",2000,2002,4,34.2088562226,3.6180327086,0,0,0,0,0,0,0,0
"1558",2000,2003,4,34.1607087981,3.61680141654,0,0,0,0,0,0,0,0
"1559",2000,2101,4,34.1131374642,1.22546324838,0,0,0,0,0,0,0,0
"1560",2000,2102,4,33.9303432128,1.35889538672,0,0,0,1,0,0,0,0
"1561",2000,2103,4,33.7432597585,1.3870159057,0,0,0,0,0,0,0,0
"1562",2000,2202,4,32.9042291862,2.22562517271,0,0,0,0,0,0,0,0
"1563",2000,2204,4,32.9643599026,2.28461048311,0,0,0,0,0,0,0,0
"1564",2000,2206,4,32.9915529957,1.73038030328,0,0,0,0,0,0,0,0
"1565",2000,2208,4,33.2424902968,2.16978730443,0,0,0,0,0,0,0,0
"1566",2000,2209,4,33.4174732321,2.43113312036,0,0,0,0,0,0,0,0
"1567",2000,2301,1,32.4578368913,1.30972630362,0,0,0,0,0,0,0,0
"1568",2000,2302,1,32.4775538672,0.833913694457,0,0,0,0,0,0,0,0
"1569",2000,2304,1,32.5997634992,-0.766133352626,0,0,0,0,0,0,0,0
"1570",2000,2305,1,31.2698721,0.67012854,0,0,0,0,0,0,0,0
"1571",2000,2306,1,31.2994307005,0.552131505891,0,0,0,0,0,0,0,0
"1572",2000,2307,1,32.631869561,0.927627141715,0,0,0,0,0,0,0,0
"1573",2000,2401,1,31.4726528653,-0.384765994326,0,0,0,0,0,0,0,0
"1574",2000,2402,4,31.7643164727,-0.179529802247,0,0,0,0,0,0,0,0
"1575",2000,2403,1,31.7398730119,-0.330245559405,0,0,0,0,0,0,0,0
"1576",2000,2404,1,31.7025663378,-0.323762080906,0,0,0,0,0,0,0,0
"1577",2000,2405,1,31.7589761414,-0.325625960094,0,0,0,0,0,0,0,0
"1578",2000,2406,4,31.6516829656,0.0988631669941,0,0,0,0,0,0,0,0
"1579",2000,2407,4,31.555185435,0.05234396635,0,0,0,0,0,0,0,0
"1580",2000,2408,4,31.5934721824,-0.344178625756,0,0,0,0,0,0,0,0
"1581",2000,2409,1,31.8383164082,-0.540541366536,0,0,0,0,0,0,0,0
"1582",2000,2410,4,31.4986003999,-0.420374850803,0,0,0,0,0,0,0,0
"1583",2000,2411,1,31.2955974369,-0.330481372679,0,0,0,0,0,0,0,0
"1584",2000,2412,4,31.7265272581,-0.171963394217,0,0,0,0,0,0,0,0
"1585",2000,2413,1,31.8524653417,-0.0404863200766,0,0,0,0,0,0,0,0
"1586",2000,2414,4,31.5029546637,-0.302818586188,0,0,0,0,0,0,0,0
"1587",2000,2501,4,31.941612476,1.82263968867,0,0,0,0,0,0,0,0
"1588",2000,2502,1,31.5242298743,1.67301614272,0,0,0,0,0,0,0,0
"1589",2000,2504,1,31.7269783705,1.91183576017,0,0,0,0,0,0,0,0
"1590",2000,2601,4,34.3383814969,1.23895942194,0,0,0,0,0,0,0,0
"1591",2000,2602,4,34.1922128361,1.10160921678,0,0,0,0,0,0,0,0
"1592",2000,2603,4,34.2038229551,1.06390799272,0,0,0,0,0,0,0,0
"1593",2000,2604,4,34.3530237181,0.951692805104,0,0,0,0,0,0,0,0
"1594",2000,2605,4,34.2267453763,1.09870276462,0,0,0,0,0,0,0,0
"1595",2000,2606,4,34.3848363572,1.17917444085,0,0,0,0,0,0,0,0
"1596",2000,2607,4,34.2918110504,1.15572826779,0,0,0,0,0,0,0,0
"1597",2000,2608,4,34.1867556709,1.02667558736,0,0,0,0,0,0,0,0
"1598",2000,2609,4,34.1917844177,1.05180864205,0,0,0,0,0,0,0,0
"1599",2000,2610,4,34.1624290472,1.13395522861,0,0,0,0,0,0,0,0
"1600",2000,2611,4,34.3755117723,1.04133795652,0,0,0,0,0,0,0,0
"1601",2000,2701,1,30.6666600013,-0.605613569458,0,0,0,0,0,0,0,0
"1602",2000,2702,1,30.6595425981,-0.591661287553,0,0,0,0,0,0,0,0
"1603",2000,2703,1,30.6249944548,-0.62442359615,0,0,0,0,0,0,0,0
"1604",2000,2704,1,30.6501904458,-0.640669475734,0,0,0,0,0,0,0,0
"1605",2000,2705,1,31.1709890269,-0.965682840088,0,0,0,0,0,0,0,0
"1606",2000,2706,1,30.4061419217,-0.00869275339211,0,1,0,0,0,0,0,0
"1607",2000,2707,1,30.4661102293,-0.189774674694,0,1,0,0,0,0,0,0
"1608",2000,2708,1,30.6734672543,-0.643792809375,0,0,0,0,0,0,0,0
"1609",2000,2709,1,30.7184076312,-0.953995365335,0,0,0,0,0,0,0,0
"1610",2000,2710,1,30.6823815738,-0.857634611469,0,0,0,0,0,0,0,0
"1611",2000,2711,1,30.7904429915,-0.503468165803,0,0,0,0,0,0,0,0
"1612",2000,2712,1,30.663648384,-0.173172436456,0,1,0,0,0,0,0,0
"1613",2000,2713,1,30.7718333941,-0.290827344023,0,0,0,0,0,0,0,0
"1614",2000,2714,1,30.8995008676,-0.540108546611,0,0,0,0,0,0,0,0
"1615",2000,2715,1,30.4120693963,0.925054302832,0,0,1,0,0,0,0,0
"1616",2000,2716,1,30.3467415075,-0.997680022606,0,0,0,0,0,0,0,0
"1617",2000,2717,1,30.6259227424,-0.822893299445,0,0,0,0,0,0,0,0
"1618",2000,2718,1,30.6152714326,-0.64052559755,0,0,0,0,0,0,0,0
"1619",2000,2801,1,34.6427407071,2.52548360658,2,0,2,0,0,0,0,0
"1620",2000,2802,1,34.5805769542,1.91641772688,0,0,0,0,0,0,0,0
"1621",2000,2803,1,34.9397884755,2.09454609011,0,0,0,0,0,0,0,0
"1622",2000,3001,1,32.4821307349,0.0444843085344,0,0,0,0,0,0,0,0
"1623",2000,3002,1,32.4854508525,0.0765823225636,0,0,0,0,0,0,0,0
"1624",2000,3003,1,32.4607934979,0.0630378807266,0,0,0,0,0,0,0,0
"1625",2000,3004,1,32.5334425928,0.192282839993,0,0,0,0,0,0,0,0
"1626",2000,3005,1,32.525354103,0.468494352968,0,0,0,0,0,0,0,0
"1627",2000,3006,1,32.6356426198,0.333892560589,0,0,0,0,0,0,0,0
"1628",2000,3007,1,32.6347064608,0.437195688123,0,0,0,0,0,0,0,0
"1629",2000,3009,1,32.1106296175,0.0707919099068,0,0,0,0,0,0,0,0
"1630",2000,3010,1,32.300546022,0.0945399930798,0,0,0,0,0,0,0,0
"1631",2000,3011,1,32.479538406,0.286135388791,0,0,0,0,0,0,0,0
"1632",2000,3012,1,32.1921092905,0.138729542213,0,0,0,0,0,0,0,0
"1633",2000,3013,1,31.8246687057,0.2753376717,0,0,0,0,0,0,0,0
"1634",2000,3014,1,32.6798543233,0.42908511698,0,0,0,0,0,0,0,0
"1635",2000,3016,1,32.3617392307,0.271081676858,0,0,0,0,0,0,0,0
"1636",2000,3105,1,32.486666975,0.0750784143753,0,0,0,0,0,0,0,0
"1637",2000,3108,1,32.0979192502,-0.661523441496,0,0,0,0,0,0,0,0
"1638",2000,3201,4,32.9495639812,0.368567949463,0,0,0,0,0,0,0,0
"1639",2000,3202,3,33.156720367,0.418996414296,0,0,0,0,0,0,0,0
"1640",2000,3203,4,33.1302906171,0.420652856638,0,0,0,0,0,0,0,0
"1641",2000,3205,4,32.7516306488,0.53184456264,0,0,0,0,0,0,0,0
"1642",2000,3206,4,32.8992978315,0.707657014275,0,0,0,0,0,0,0,0
"1643",2000,3207,4,32.8224581109,0.95365086895,0,0,0,0,0,0,0,0
"1644",2000,3208,4,32.9285657258,0.361247885476,0,0,0,0,0,0,0,0
"1645",2000,3209,3,33.1412945669,0.360591255603,0,0,0,0,0,0,0,0
"1646",2000,3210,4,32.6938985596,0.319361658054,0,0,0,0,0,0,0,0
"1647",2000,3211,1,32.7871390405,0.271698484492,0,0,0,0,0,0,0,0
"1648",2000,3212,4,32.8139467548,0.653682037421,0,0,0,0,0,0,0,0
"1649",2000,3213,4,32.7875546604,0.651707668359,0,0,0,0,0,0,0,0
"1650",2000,3214,4,32.9385707457,0.656775765119,0,0,0,0,0,0,0,0
"1651",2000,3301,1,30.9810289321,2.41682945061,0,0,0,0,0,0,0,0
"1652",2000,3303,4,31.3480157628,2.2931695762,0,0,0,0,0,0,0,0
"1653",2000,3304,1,30.9637912686,2.52568073027,0,0,0,0,0,0,0,0
"1654",2000,3305,4,31.2477321671,2.45471474853,0,0,0,0,0,0,0,0
"1655",2000,3401,1,33.9918204117,1.08955192005,0,0,0,0,0,0,0,0
"1656",2000,3402,1,33.8842686094,1.17872957103,0,0,0,0,0,0,0,0
"1657",2000,3403,1,33.8558276138,1.07601774137,0,0,0,0,0,0,0,0
"1658",2000,3405,1,33.7273053711,1.18216083755,0,0,0,0,0,0,0,0
"1659",2000,3501,3,31.3993391093,-0.725643067725,0,0,0,0,0,0,0,0
"1660",2000,3502,4,31.1894088558,-0.361974882465,0,0,0,0,0,0,0,0
"1661",2000,3503,4,31.3981859075,-0.776870823016,0,0,0,0,0,0,0,0
"1662",2000,3504,3,31.3533998737,-0.571765547722,0,0,0,0,0,0,0,0
"1663",2000,3505,4,31.6583298706,-0.570273459743,0,1,0,0,0,0,0,0
"1664",2000,3601,1,29.6347692346,-0.88655451979,0,0,0,0,0,0,0,0
"1665",2000,3602,1,29.7557901604,-0.774618286079,0,0,0,0,0,0,0,0
"1666",2000,3603,1,29.7292517725,-0.631031228042,0,0,0,0,0,0,0,0
"1667",2000,3604,1,29.8331665197,-1.0201502041,0,1,0,0,0,0,0,0
"1668",2000,3605,1,30.0079593649,-1.00759462194,0,0,0,0,0,0,0,0
"1669",2000,3606,1,29.8021840141,-0.607548589503,0,1,0,0,0,0,0,0
"1670",2000,3607,1,29.5986974454,-0.930818329826,0,0,0,0,0,0,0,0
"1671",2000,3608,1,29.775073485,-0.601369446038,0,0,0,0,0,0,0,0
"1672",2000,3609,1,29.9962006825,-0.810021897591,0,0,0,0,0,0,0,0
"1673",2000,3610,1,29.7638489883,-0.610433351844,0,0,0,0,0,0,0,0
"1674",2000,3611,1,29.9264987167,-0.787935066994,0,0,0,0,0,0,0,0
"1675",2000,3701,4,33.5862998622,1.72000940515,0,0,0,0,0,0,0,0
"1676",2000,3702,4,33.6358019712,1.70693004551,0,0,0,0,0,0,0,0
"1677",2000,3704,4,33.3585481386,1.42158418477,0,0,0,0,0,0,0,0
"1678",2000,3705,4,33.6984145545,1.75335456537,0,0,0,0,0,0,0,0
"1679",2000,3706,4,34.0896615137,1.98608646874,0,0,0,2,0,0,0,0
"1680",2000,3801,4,34.1381966222,0.776347690901,0,0,0,0,0,0,0,0
"1681",2000,3802,1,34.1715896406,0.670309970204,0,0,0,0,0,0,0,0
"1682",2000,3803,1,34.2641598907,0.644400158478,0,0,0,0,0,0,0,0
"1683",2000,3804,4,33.9449539803,0.614817128957,0,0,0,0,0,0,0,0
"1684",2000,3805,1,33.9419947255,0.620092565761,0,0,0,0,0,0,0,0
"1685",2000,3806,1,34.0128121515,0.767462010222,0,0,0,0,0,0,0,0
"1686",2000,3807,4,34.0546380136,0.333958765186,0,0,0,0,0,0,0,0
"1687",2000,3808,4,33.9290789071,0.315036759417,0,0,0,0,0,0,0,0
"1688",2000,3809,1,34.1869509712,0.847979584431,1,0,0,0,0,0,0,0
