"","DHSYEAR","DHSCLUST","DHSQUARTER","LONGNUM","LATNUM","riots_present_number_of_conflicts","riots_future_number_of_conflicts"
"1",2016,1,3,32.5682063677,0.320187631511,0,0
"2",2016,2,3,32.5936271164,0.340653350002,0,0
"3",2016,3,3,32.5665559657,0.313103244185,0,0
"4",2016,4,4,32.5581439634,0.353368071333,0,0
"5",2016,5,4,32.5943566295,0.367387686213,0,0
"6",2016,6,4,32.5655578887,0.358632151219,0,0
"7",2016,7,3,32.5676504154,0.379859123014,0,0
"8",2016,8,3,32.5556987257,0.367843107211,0,0
"9",2016,9,3,32.5909922795,0.375812217412,0,0
"10",2016,10,3,32.5854163027,0.354156502627,0,0
"11",2016,11,3,32.5607538623,0.334930302998,0,0
"12",2016,12,3,32.5645960033,0.339935413959,0,0
"13",2016,12,4,32.5645960033,0.339935413959,0,0
"14",2016,13,4,32.573541892,0.339649439532,0,0
"15",2016,14,4,32.5406379554,0.321586343724,0,0
"16",2016,15,3,32.5439370693,0.297321872137,0,0
"17",2016,16,4,32.5483096183,0.333287944956,0,0
"18",2016,17,3,32.5597637715,0.3292405435,0,0
"19",2016,17,4,32.5597637715,0.3292405435,0,0
"20",2016,18,4,32.5429969514,0.30548621477,0,0
"21",2016,19,3,32.5388042113,0.320129901586,0,0
"22",2016,20,3,32.5445732201,0.342636172677,0,0
"23",2016,20,4,32.5445732201,0.342636172677,0,0
"24",2016,21,3,32.5400486825,0.31763599334,0,0
"25",2016,22,4,32.5409752188,0.285404906835,0,0
"26",2016,23,4,32.570912935,0.30435760554,0,0
"27",2016,24,3,32.5583797035,0.330321739006,0,0
"28",2016,24,4,32.5583797035,0.330321739006,0,0
"29",2016,25,4,32.5596263383,0.292290874948,0,0
"30",2016,26,3,32.6309673631,0.288825643964,0,0
"31",2016,27,3,32.6366169584,0.256769844875,0,0
"32",2016,28,3,32.5951493059,0.28212371734,0,0
"33",2016,28,4,32.5951493059,0.28212371734,0,0
"34",2016,29,3,32.591399445,0.315483963,0,0
"35",2016,29,4,32.591399445,0.315483963,0,0
"36",2016,30,4,32.5962969135,0.303050567599,0,0
"37",2016,31,4,32.5725314871,0.293135925102,0,0
"38",2016,32,4,32.5938227778,0.290363566407,0,0
"39",2016,33,4,32.5878424261,0.271943687787,0,0
"40",2016,34,4,32.5778489796,0.286188895609,0,0
"41",2016,35,3,32.5838391581,0.296949098009,0,0
"42",2016,36,4,32.6091047005,0.266984096616,0,0
"43",2016,37,3,32.5970508167,0.312314079882,0,0
"44",2016,38,3,32.6048857864,0.347769190956,0,0
"45",2016,39,3,32.6038784194,0.370568722972,0,0
"46",2016,39,4,32.6038784194,0.370568722972,0,0
"47",2016,40,4,32.6384797752,0.332044334955,0,0
"48",2016,41,4,32.597001741,0.388959006279,0,0
"49",2016,42,4,32.627365442,0.344806666483,0,0
"50",2016,43,4,32.6486253475,0.307357110697,0,0
"51",2016,44,4,32.642829482,0.301909519025,0,0
"52",2016,45,4,32.6060216814,0.334812744317,0,0
"53",2016,46,3,31.9867370089,-0.322854885702,0,0
"54",2016,47,2,31.7184213279,-0.366113969319,0,0
"55",2016,48,3,31.7590655154,-0.284714262202,0,0
"56",2016,49,3,31.8123080284,-0.194976469028,0,0
"57",2016,50,4,31.7266529082,-0.0922330862719,0,0
"58",2016,51,2,31.6602425888,-0.135916753274,0,0
"59",2016,52,2,31.585777671,-0.0438857202967,0,0
"60",2016,53,3,31.5051106433,0.10364931914,0,0
"61",2016,54,4,31.3934366624,-0.296553866675,0,0
"62",2016,55,3,31.431955929,-0.110797566309,0,0
"63",2016,56,3,31.2240399359,-0.241244752487,0,0
"64",2016,57,2,31.6251580693,-0.325458698419,0,0
"65",2016,58,2,31.4715521398,-0.41578937619,0,0
"66",2016,59,3,31.4723978178,-0.897485719125,0,0
"67",2016,60,3,31.2298488984,-0.898894981747,0,0
"68",2016,61,2,31.3520520439,-0.605959670079,0,0
"69",2016,62,3,31.2176649919,-0.759788941608,0,0
"70",2016,63,2,31.4154226049,-0.637788868646,0,0
"71",2016,64,3,31.569281254,-0.631488215446,0,0
"72",2016,65,3,31.7703680265,0.221878136863,0,0
"73",2016,66,3,31.6021755119,0.281604119021,0,0
"74",2016,67,4,31.9905021639,0.116666027756,0,0
"75",2016,68,3,32.0685599448,-0.0114479304264,0,0
"76",2016,70,2,32.2966929569,0.315229757683,0,0
"77",2016,71,3,32.3224685517,0.439076921698,0,0
"78",2016,72,3,32.5168564438,0.0918839329827,0,0
"79",2016,73,3,32.4979161221,0.088866983937,0,0
"80",2016,74,3,32.4582626877,0.275056412019,0,0
"81",2016,75,3,32.5241341404,0.241731717671,0,0
"82",2016,75,4,32.5241341404,0.241731717671,0,0
"83",2016,76,3,32.4491053936,0.249496748939,0,0
"84",2016,77,3,32.4990380477,0.130137236865,0,0
"85",2016,78,3,32.5166233687,0.366038042037,0,0
"86",2016,79,4,32.5091786904,0.334690869433,0,0
"87",2016,80,3,32.6152364498,0.443049344112,0,0
"88",2016,81,3,32.5437559649,0.43873295215,0,0
"89",2016,81,4,32.5437559649,0.43873295215,0,0
"90",2016,82,2,31.7410015595,-0.318177293285,0,0
"91",2016,83,2,31.7609565399,-0.324365548361,0,0
"92",2016,84,3,31.4848033223,-0.23497110735,0,0
"93",2016,85,2,31.2358311312,-0.394966991373,0,0
"94",2016,86,2,32.3159782072,0.185811328167,0,0
"95",2016,87,3,32.2537707167,0.534546358687,0,0
"96",2016,88,4,32.4676559288,0.401007993735,0,0
"97",2016,90,3,32.5282311086,0.460038478371,0,0
"98",2016,91,3,32.6814565222,0.370627912374,0,0
"99",2016,91,4,32.6814565222,0.370627912374,0,0
"100",2016,92,3,32.6313835838,0.392606255757,0,0
"101",2016,93,2,32.6576484081,0.362399967447,0,0
"102",2016,94,3,32.6486018945,0.362703323886,0,0
"103",2016,95,3,32.5565737592,0.251033982368,0,0
"104",2016,96,3,32.5555278528,0.274752658733,0,0
"105",2016,97,3,32.5282071433,0.283336099678,0,0
"106",2016,98,3,32.5896422681,0.240867388505,0,0
"107",2016,99,3,32.5457884642,0.389529411574,0,0
"108",2016,100,3,32.5476578593,0.399447263515,0,0
"109",2016,101,3,32.5493143234,0.35708026208,0,0
"110",2016,102,3,32.4156536428,1.17524670009,0,0
"111",2016,103,3,32.5104624508,1.50798018245,0,0
"112",2016,104,3,32.4396955872,0.726339324637,0,0
"113",2016,105,3,31.899481501,1.3006522438,0,0
"114",2016,106,3,31.5846562698,1.01271064604,0,0
"115",2016,108,3,32.0241685357,0.641479026082,0,0
"116",2016,109,3,31.8995898995,0.788869856886,0,0
"117",2016,110,3,31.5304754699,0.598641070047,0,0
"118",2016,111,3,31.557086127,0.63547512632,0,0
"119",2016,112,3,31.2932795571,0.518697448862,0,0
"120",2016,113,3,31.2420103371,0.411186792879,0,0
"121",2016,114,3,31.6976157625,0.562322843147,0,0
"122",2016,115,3,31.8006416224,0.642594428752,0,0
"123",2016,116,3,31.9448809616,0.460918608209,0,0
"124",2016,117,3,31.9343030047,0.332237497509,0,0
"125",2016,118,3,31.91876108,0.53824849751,0,0
"126",2016,119,3,32.110493965,0.574232405666,0,0
"127",2016,120,3,32.6415624261,0.577773596348,0,0
"128",2016,121,3,32.6544948497,0.867683252647,0,0
"129",2016,122,3,32.5234725325,0.944791759267,0,0
"130",2016,123,3,32.4438083501,0.856831953769,0,0
"131",2016,124,3,32.8780607998,1.09586321626,0,0
"132",2016,125,3,32.893435691,0.875607280671,0,0
"133",2016,126,3,33.0064054276,0.755486581632,0,0
"134",2016,127,3,32.9126628937,0.77229078582,0,0
"135",2016,128,3,32.7207598033,0.451949068346,0,0
"136",2016,129,3,32.8798505791,0.249784451877,0,0
"137",2016,130,3,32.8001714946,0.436326472071,0,0
"138",2016,131,3,32.884335151,0.619267863473,0,0
"139",2016,132,3,32.7833249044,0.602549187215,0,0
"140",2016,132,4,32.7833249044,0.602549187215,0,0
"141",2016,133,3,32.7622231768,0.671262908124,0,0
"142",2016,134,3,33.1025993556,0.292240974885,0,0
"143",2016,135,3,32.4557434537,1.06702864315,0,0
"144",2016,136,3,31.5987104989,0.949817647637,0,0
"145",2016,137,3,31.399954636,0.576012456222,0,0
"146",2016,138,3,32.0336355531,0.346799305186,0,0
"147",2016,139,3,32.0747555856,0.392478968504,0,0
"148",2016,140,3,32.4934180359,0.86248999523,0,0
"149",2016,141,3,32.7616097373,0.368269629487,0,0
"150",2016,141,4,32.7616097373,0.368269629487,0,0
"151",2016,142,4,32.6958384185,0.431973828053,0,0
"152",2016,143,4,32.7165049409,0.360490932808,0,0
"153",2016,144,3,32.9311743282,0.367140197038,0,0
"154",2016,145,3,33.1716533499,0.441797586285,0,0
"155",2016,146,3,33.1967480629,0.364068794211,0,0
"156",2016,147,4,33.8585268943,0.224903677132,0,0
"157",2016,148,4,33.8933718694,0.421978327249,0,0
"158",2016,149,3,33.3767960336,0.529629758718,0,0
"159",2016,150,3,33.5028817045,0.391346331128,0,0
"160",2016,151,3,33.5465795711,0.321060448407,0,0
"161",2016,152,3,33.8146791043,0.500964477541,0,0
"162",2016,153,3,33.650847263,0.527984121757,0,0
"163",2016,154,3,33.7625897148,0.490952467658,0,0
"164",2016,155,3,33.6296898869,0.672283222565,0,0
"165",2016,156,3,33.6084816465,0.46358112882,0,0
"166",2016,157,3,33.404972039,0.786744878678,0,0
"167",2016,158,3,33.5195139687,0.591051639736,0,0
"168",2016,159,3,33.4179115423,0.81309957574,0,0
"169",2016,160,4,33.2254397985,0.488236049274,0,0
"170",2016,161,4,33.241991275,0.490418060767,0,0
"171",2016,162,4,33.1326287567,0.583608024847,0,0
"172",2016,163,4,33.2401727369,0.662212440389,0,0
"173",2016,164,3,33.3042878099,0.817884837631,0,0
"174",2016,165,3,33.2919423568,0.680693312413,0,0
"175",2016,166,3,33.070655617,1.05114247911,0,0
"176",2016,167,2,33.1497689608,0.86562001089,0,0
"177",2016,168,3,33.2529124938,0.902094038342,0,0
"178",2016,169,3,33.0905171685,0.724100009973,0,0
"179",2016,170,2,33.2125980002,0.694085848351,0,0
"180",2016,171,3,33.3056013274,1.03324752071,0,0
"181",2016,172,3,33.3190948544,1.15688680376,0,0
"182",2016,173,3,33.055759308,1.30422269449,0,0
"183",2016,174,3,33.5033398065,1.0939075398,0,0
"184",2016,175,3,33.404998232,1.14275314769,0,0
"185",2016,176,3,33.7956761718,0.777082071466,0,0
"186",2016,177,3,33.7417615055,0.883187215306,0,0
"187",2016,178,4,33.8708092237,0.323389234287,0,0
"188",2016,179,3,33.8664060898,0.529367804585,0,0
"189",2016,180,3,33.4788676039,0.603370692696,0,0
"190",2016,181,4,33.2408925489,0.463288593616,0,0
"191",2016,182,4,33.2082179218,0.422176369817,0,0
"192",2016,183,4,33.2176970997,0.438672903788,0,0
"193",2016,184,2,33.1317743705,0.972978868603,0,0
"194",2016,185,4,34.0530658308,0.347374981005,0,0
"195",2016,186,4,33.972351552,0.257588888612,0,0
"196",2016,187,4,34.1003481571,0.569170491846,0,0
"197",2016,188,4,34.0472568595,0.43187939341,0,0
"198",2016,189,4,33.984729415,0.263208931803,0,0
"199",2016,190,4,34.0202442876,0.414114085888,0,0
"200",2016,191,4,34.2257344786,0.723697235971,0,0
"201",2016,192,4,34.1273043778,0.824837773222,0,0
"202",2016,193,4,34.1989234234,0.76525597233,0,0
"203",2016,194,3,34.2085694615,0.705020411827,0,0
"204",2016,195,4,34.0165635984,0.600485986975,0,0
"205",2016,196,4,34.0945911837,0.745076510014,0,0
"206",2016,197,3,34.0341420446,0.668156152119,0,0
"207",2016,198,4,33.9704629675,0.686032106202,0,0
"208",2016,199,3,34.0177637623,0.870243411736,0,0
"209",2016,200,3,34.0966869029,0.654649032314,0,0
"210",2016,201,3,34.0513438808,0.81373569824,0,0
"211",2016,202,4,33.846680637,0.847267549352,0,0
"212",2016,203,3,34.0041557118,0.914642959987,0,0
"213",2016,204,4,34.0123877827,0.92969728003,0,0
"214",2016,205,3,33.9077535584,0.888151433504,0,0
"215",2016,207,2,33.8816835578,1.0991760944,0,0
"216",2016,208,2,33.6863279405,1.10042049851,0,0
"217",2016,209,3,33.7383727122,0.980852801882,0,0
"218",2016,210,3,34.1084600285,1.16147473019,0,0
"219",2016,211,3,33.7831026647,1.18605171542,0,0
"220",2016,212,3,33.8867246639,1.18642638439,0,0
"221",2016,213,3,33.6820766755,1.18251229805,0,0
"222",2016,214,3,33.7075400939,1.27668504,0,0
"223",2016,215,3,33.6779710449,1.21248229785,0,0
"224",2016,216,3,33.8021500749,1.27867389204,0,0
"225",2016,217,3,33.9199270671,1.08780304912,0,0
"226",2016,218,3,33.898235473,1.00533754463,0,0
"227",2016,219,3,34.0614213464,1.09679034076,0,0
"228",2016,220,4,34.0883627928,0.466628134537,0,0
"229",2016,221,4,34.0832486549,0.476862822752,0,0
"230",2016,222,3,34.1901504829,0.668211764147,0,0
"231",2016,222,4,34.1901504829,0.668211764147,0,0
"232",2016,223,3,34.1718526612,0.701300123399,0,0
"233",2016,223,4,34.1718526612,0.701300123399,0,0
"234",2016,224,3,33.9655002122,0.908599253747,0,0
"235",2016,225,3,33.7175053656,1.17030628246,0,0
"236",2016,226,4,34.2767429715,1.09283640142,0,0
"237",2016,227,3,34.1756276146,1.04621088835,0,0
"238",2016,228,4,34.2303272331,0.95644003067,0,0
"239",2016,229,4,34.1982252559,0.910679845102,0,0
"240",2016,230,3,34.1558206804,1.01614360976,0,0
"241",2016,230,4,34.1558206804,1.01614360976,0,0
"242",2016,231,3,34.1887838866,1.05396541899,0,0
"243",2016,231,4,34.1887838866,1.05396541899,0,0
"244",2016,232,4,34.1850757915,0.913040229776,0,0
"245",2016,233,3,34.1407290934,1.10129264687,0,0
"246",2016,234,3,34.1957896769,1.16275393672,0,0
"247",2016,235,4,34.3054058192,0.810925210548,0,0
"248",2016,236,4,34.2794715976,0.871118976904,0,0
"249",2016,237,4,34.2965228325,0.870548113864,0,0
"250",2016,238,4,34.310821202,0.844467796396,0,0
"251",2016,239,4,34.2495566457,0.923687976676,0,0
"252",2016,240,4,34.350364886,0.846367202409,0,0
"253",2016,241,4,34.291364337,0.778737148585,0,0
"254",2016,242,4,34.3683510107,1.00128977428,0,0
"255",2016,243,4,34.3541603195,1.02324227779,0,0
"256",2016,244,4,34.4197082383,1.05831084891,0,0
"257",2016,245,4,34.4119687803,1.08431210154,0,0
"258",2016,246,4,34.3812528521,1.15750653337,0,0
"259",2016,247,3,34.2810608569,1.27301353178,0,0
"260",2016,248,3,34.3363401684,1.21526021587,0,0
"261",2016,249,3,34.363498691,1.14297812575,0,0
"262",2016,250,3,34.2813496814,1.17213459255,0,0
"263",2016,251,3,34.3575874534,1.12376728353,0,0
"264",2016,252,2,34.4050680252,1.23523562944,0,0
"265",2016,255,3,34.3553564925,1.32412394701,0,0
"266",2016,256,3,34.3191841529,1.32409758367,0,0
"267",2016,257,3,34.5453815606,1.43242541771,0,0
"268",2016,258,3,34.6648240909,1.43477918096,0,0
"269",2016,259,3,34.723709575,1.39639905562,0,0
"270",2016,260,3,34.168186134,1.12075602442,0,0
"271",2016,261,3,34.1569226721,1.08240555309,0,0
"272",2016,261,4,34.1569226721,1.08240555309,0,0
"273",2016,262,3,34.1792160604,1.0817926341,0,0
"274",2016,263,3,34.1939973909,1.06026146727,0,0
"275",2016,264,4,34.2722068525,0.938263150954,0,0
"276",2016,265,3,34.2375200863,1.26430095173,0,0
"277",2016,266,3,34.4553113901,1.39505787503,0,0
"278",2016,267,4,34.0721669394,1.33127664553,0,0
"279",2016,268,4,34.0873059121,1.22533716308,0,0
"280",2016,269,4,33.9925705592,1.23807146704,0,0
"281",2016,270,4,34.1684324209,1.35964528608,0,0
"282",2016,271,4,34.0704956794,1.40830514928,0,0
"283",2016,272,4,33.9964245155,1.32670938712,0,0
"284",2016,273,4,33.8472090184,1.3637109962,0,0
"285",2016,274,4,33.8957007744,1.43368182333,0,0
"286",2016,275,4,33.9836289738,1.50853252878,0,0
"287",2016,276,3,33.7738124824,1.65217942828,0,0
"288",2016,276,4,33.7738124824,1.65217942828,0,0
"289",2016,277,4,33.8769930231,1.57350826104,0,0
"290",2016,278,4,33.7796622939,1.45198777207,0,0
"291",2016,279,3,33.1638349535,1.5474967259,0,0
"292",2016,280,3,33.324372849,1.46232094624,0,0
"293",2016,281,3,33.5141408336,1.60058461267,0,0
"294",2016,282,3,33.5438488766,1.48415562823,0,0
"295",2016,283,3,33.6084817632,1.54176414964,0,0
"296",2016,284,3,33.5034036574,1.94265456067,0,0
"297",2016,285,3,33.5267033533,1.72993501176,0,0
"298",2016,286,3,33.5733337935,1.80502217596,0,0
"299",2016,287,3,33.5907178438,1.72109953447,0,0
"300",2016,288,4,33.6339469659,1.75806744852,0,0
"301",2016,289,3,33.6736880317,1.65364115253,0,0
"302",2016,290,4,33.2325248718,1.73696997429,0,0
"303",2016,291,4,33.0742259912,1.60753092167,0,0
"304",2016,292,4,33.3498249707,1.94713283123,0,0
"305",2016,293,4,33.3237583301,1.8376753204,0,0
"306",2016,294,2,33.8579275487,1.95759059362,0,0
"307",2016,295,2,33.7412483413,1.94248553152,0,0
"308",2016,296,2,33.491467547,2.11442164551,0,0
"309",2016,297,3,33.839814042,1.82311578885,0,0
"310",2016,298,3,33.7481922929,2.11265399647,0,0
"311",2016,299,3,33.6009509673,2.15380637033,0,0
"312",2016,300,3,34.1138223828,1.75029462689,0,0
"313",2016,301,3,33.9442713434,1.94298748557,0,0
"314",2016,302,3,33.9177034092,2.14475278597,0,0
"315",2016,303,4,34.05142997,1.35050326793,0,0
"316",2016,304,4,33.9285898798,1.49331988851,0,0
"317",2016,305,3,33.6134637378,1.72221815521,0,0
"318",2016,306,3,33.600414082,1.71762237205,0,0
"319",2016,307,3,34.5349255347,1.87596971479,0,0
"320",2016,308,3,34.7987312635,1.91795458048,0,0
"321",2016,309,3,34.6002411421,1.76853409951,0,0
"322",2016,310,3,34.6919100479,1.8754385206,0,0
"323",2016,311,3,34.5726697548,2.33256461982,0,0
"324",2016,312,3,34.565993675,1.97611981861,0,0
"325",2016,313,3,34.9759690638,1.91793602026,0,0
"326",2016,314,3,34.836105337,1.60330655755,0,0
"327",2016,315,3,34.9469998586,2.19921867331,0,0
"328",2016,316,3,34.3555347785,1.99728144006,0,0
"329",2016,317,3,34.1996196126,2.2331876905,0,0
"330",2016,318,3,34.4598680128,2.43817216094,0,0
"331",2016,319,3,34.4441644185,2.47810568671,0,0
"332",2016,320,3,34.3466009723,2.49976829585,0,0
"333",2016,321,4,34.848012009,2.57262533677,0,0
"334",2016,322,3,34.5432405538,2.5810930258,0,0
"335",2016,323,3,34.5945622463,2.60756691905,0,0
"336",2016,324,3,34.8661720052,2.47773873702,0,0
"337",2016,324,4,34.8661720052,2.47773873702,0,0
"338",2016,325,4,34.1659597661,3.49546653921,0,0
"339",2016,326,4,34.1745253988,3.62307393814,0,0
"340",2016,327,4,33.9448640057,3.6133762833,0,0
"341",2016,328,4,33.9292704217,3.79432044957,0,0
"342",2016,329,4,34.047912188,3.529102528,0,0
"343",2016,330,4,34.174628461,3.43263572334,0,0
"344",2016,331,4,33.9040816444,3.09981946056,0,0
"345",2016,332,4,34.1753841356,2.99525276509,0,0
"346",2016,333,4,34.0359141641,3.07760298844,0,0
"347",2016,334,4,33.6801916973,2.74938424571,0,0
"348",2016,335,4,33.611183775,2.59934539296,0,0
"349",2016,336,4,33.7647506541,2.56596084006,0,0
"350",2016,337,3,34.6998472864,1.80329924489,0,0
"351",2016,338,3,34.6545564072,2.52421752039,0,0
"352",2016,339,4,34.1525152966,3.05134102876,0,0
"353",2016,340,4,34.1809580297,2.76831730875,0,0
"354",2016,341,3,33.2285137193,2.56476506171,0,0
"355",2016,342,3,33.6340940163,2.39320382861,0,0
"356",2016,343,3,33.262308262,2.37964584412,0,0
"357",2016,344,3,33.1102405267,2.4032780028,0,0
"358",2016,345,3,33.2349317938,2.36918253597,0,0
"359",2016,346,3,33.0157930542,2.42289737864,0,0
"360",2016,347,3,33.3080468885,2.21996016512,0,0
"361",2016,348,3,32.9584265501,2.23725621861,0,0
"362",2016,349,2,33.0911678445,2.13974680109,0,0
"363",2016,349,3,33.0911678445,2.13974680109,0,0
"364",2016,350,3,33.008811926,2.03854745103,0,0
"365",2016,351,3,32.8325583804,2.55478570494,0,0
"366",2016,352,2,32.9907198154,2.2859432643,0,0
"367",2016,353,2,32.9349550427,2.29699951081,0,0
"368",2016,354,3,32.9568315116,2.37086414153,0,0
"369",2016,355,4,32.7114328354,2.35848951972,0,0
"370",2016,356,4,32.8835085401,2.11480448722,0,0
"371",2016,357,4,32.6591483654,2.20933208665,0,0
"372",2016,358,4,32.7109131578,2.21165278702,0,0
"373",2016,359,4,32.895546457,2.34288614164,0,0
"374",2016,360,4,32.4399453692,2.26608601009,0,0
"375",2016,361,4,32.5315088086,2.32458354066,0,0
"376",2016,362,4,32.6702623467,2.46528999286,0,0
"377",2016,363,4,32.2968807801,2.24731310943,0,0
"378",2016,364,4,32.5433570762,2.23962224305,0,0
"379",2016,365,4,32.376208355,2.35677250868,0,0
"380",2016,366,4,32.4852860772,2.58361654764,0,0
"381",2016,367,4,32.6846051596,2.53762626077,0,1
"382",2016,368,3,32.673950994,1.94905571067,0,0
"383",2016,369,4,32.5686531663,1.83607835167,0,0
"384",2016,370,3,32.7500838947,1.87883754697,0,0
"385",2016,371,4,32.4686422518,1.77343799099,0,0
"386",2016,372,3,32.4910162683,1.94585953449,0,0
"387",2016,373,3,32.5369415642,2.09545372046,0,0
"388",2016,374,3,32.4069259079,1.9309707173,0,0
"389",2016,375,2,33.0721263392,1.96955768835,0,0
"390",2016,376,2,33.1727702528,2.07612232508,0,0
"391",2016,377,2,33.2354325627,2.07728137206,0,0
"392",2016,378,4,32.87954141,1.74297022059,0,0
"393",2016,379,4,32.7188374174,1.64090244924,0,0
"394",2016,380,3,33.3442414035,2.42536291778,0,0
"395",2016,381,3,32.9110229682,2.23468596692,0,0
"396",2016,382,3,32.8868557875,2.24082673458,0,0
"397",2016,383,4,32.7038706914,2.25193396866,0,0
"398",2016,384,3,33.1653996309,1.92364796691,0,0
"399",2016,385,3,33.4515474669,2.63555211063,0,0
"400",2016,386,3,33.3768813551,2.68101918775,0,0
"401",2016,386,4,33.3768813551,2.68101918775,0,0
"402",2016,387,3,33.2315886597,2.84982690342,0,0
"403",2016,388,3,33.4583298577,3.20374991849,0,0
"404",2016,389,3,33.3410917186,2.94767048505,0,0
"405",2016,390,3,33.1967413743,3.10694409717,0,0
"406",2016,391,3,32.9212507377,3.34286703045,0,0
"407",2016,392,3,33.2410863503,3.37052708648,0,0
"408",2016,393,3,33.421386254,3.40322741142,0,0
"409",2016,394,3,32.4948764253,3.3433666383,0,0
"410",2016,395,3,32.8105121404,3.69494694352,0,0
"411",2016,396,3,32.5295109057,3.38126290015,0,0
"412",2016,397,4,32.8496295164,3.15846007587,0,0
"413",2016,398,4,32.8691539334,2.70016824673,0,1
"414",2016,399,4,32.9343127696,2.95637664034,0,0
"415",2016,400,4,32.9758329738,3.01994759026,0,0
"416",2016,401,3,31.7767731339,2.94053654766,0,0
"417",2016,402,3,31.945875429,2.87685680365,0,0
"418",2016,403,3,32.1173734998,3.19297405372,0,0
"419",2016,404,3,32.0599300646,2.79960845413,0,0
"420",2016,406,3,32.4282256877,2.96853132492,0,0
"421",2016,407,3,32.2360092556,2.82424256662,0,0
"422",2016,408,2,32.2794265449,3.12696779904,0,0
"423",2016,409,3,32.3595290217,2.85309963155,0,0
"424",2016,410,3,32.3759752953,2.50595585048,0,0
"425",2016,411,3,32.4309826617,2.64953969132,0,0
"426",2016,412,3,32.509808007,2.80063417628,0,0
"427",2016,413,2,32.7514040928,2.71213621469,0,0
"428",2016,414,4,31.9258990633,2.67163858738,0,0
"429",2016,415,4,31.9049864056,2.49145016012,0,0
"430",2016,416,4,32.1768491667,2.54746155557,0,0
"431",2016,417,3,33.3402740726,2.85850695574,0,0
"432",2016,418,3,32.8989440979,3.2990124251,0,0
"433",2016,419,3,32.8008370822,3.27591146656,0,0
"434",2016,420,3,32.8142087812,3.48913950426,0,0
"435",2016,421,3,32.2535180375,2.77654376767,0,0
"436",2016,422,3,32.3052308236,2.79434337085,0,0
"437",2016,423,2,32.2865287387,2.76434858006,0,0
"438",2016,424,3,32.3093768656,2.76791428424,0,0
"439",2016,425,4,31.7438232151,3.33222021637,0,1
"440",2016,426,4,31.961395051,3.43234440524,0,1
"441",2016,427,4,31.8118013654,3.52117369862,0,1
"442",2016,428,3,31.5433851086,3.20752763726,0,0
"443",2016,429,3,31.571312666,3.59221428027,0,0
"444",2016,430,3,31.6997189715,3.70111728325,0,0
"445",2016,431,3,31.393413403,3.26817857992,0,0
"446",2016,432,2,31.1119462695,3.6098322122,0,0
"447",2016,433,3,31.4199029001,3.68228379577,0,0
"448",2016,434,2,31.1416796678,3.39867487605,0,0
"449",2016,435,2,31.2971799266,3.40329443987,0,0
"450",2016,436,3,31.0549120303,3.4212525544,0,0
"451",2016,437,3,31.0732755612,3.3713861605,0,0
"452",2016,438,3,30.938195929,3.16593375891,0,0
"453",2016,439,3,30.9293879488,3.31200240884,0,0
"454",2016,440,3,30.8521922831,3.13920751224,0,0
"455",2016,441,3,30.9819416085,3.24333983305,0,0
"456",2016,442,4,30.8876510838,3.08832758461,0,0
"457",2016,443,4,30.9304972168,3.05340605768,0,0
"458",2016,444,4,30.9735226198,3.00982769418,0,0
"459",2016,445,4,30.8966770513,2.99977272935,0,0
"460",2016,446,3,31.4983175526,3.14881228936,0,0
"461",2016,447,4,31.1588563941,2.68485831409,0,0
"462",2016,448,3,31.3992119726,3.01014446806,0,0
"463",2016,449,3,31.0344982546,3.22390797092,0,0
"464",2016,450,3,30.9676948489,3.1273686408,0,0
"465",2016,451,3,31.1802376032,3.27234201699,0,0
"466",2016,452,3,31.0956542997,3.10908771947,0,0
"467",2016,453,4,30.9594360067,2.92537249215,0,0
"468",2016,454,4,30.9401311484,2.95259763066,0,0
"469",2016,455,3,31.4199629347,2.35799553146,0,0
"470",2016,456,3,31.2736686387,2.24166875424,0,0
"471",2016,457,3,31.3736656713,2.71326599624,0,0
"472",2016,458,3,31.073645236,2.35155958691,0,0
"473",2016,459,3,31.1694945675,2.51286158661,0,0
"474",2016,460,3,31.2459540835,2.42969817705,0,0
"475",2016,461,4,30.9051833956,2.38299401395,0,0
"476",2016,462,4,30.8959487259,2.3796158423,0,0
"477",2016,463,4,30.8208591554,2.57985798381,0,0
"478",2016,464,3,30.9017940225,2.61502313948,0,0
"479",2016,465,4,31.7971999735,3.37083059208,0,1
"480",2016,466,3,31.2274075031,3.47344202666,0,0
"481",2016,467,3,30.9544340576,3.28523097734,0,0
"482",2016,468,3,30.9042832836,3.02217423404,0,0
"483",2016,469,3,31.0976523702,2.45696506173,0,0
"484",2016,469,4,31.0976523702,2.45696506173,0,0
"485",2016,470,3,31.9638436574,1.92430882099,0,0
"486",2016,471,3,32.1414606142,2.0142150756,0,0
"487",2016,472,3,32.0997377482,1.80745563465,0,0
"488",2016,473,4,32.2734740381,2.2335343617,0,0
"489",2016,474,3,31.5642650984,1.62852284426,0,0
"490",2016,475,3,31.4941948057,1.6066589957,0,0
"491",2016,476,3,31.7163420628,1.50404168101,0,0
"492",2016,477,2,31.7778563357,1.76852686442,0,0
"493",2016,478,2,31.8044550141,1.78724902543,0,0
"494",2016,479,3,31.5015868394,2.01350115631,0,0
"495",2016,480,3,31.3793817306,2.18768848296,0,0
"496",2016,481,3,31.4248786285,1.36950923294,0,0
"497",2016,482,3,31.1609980969,1.58735390606,0,0
"498",2016,482,4,31.1609980969,1.58735390606,0,0
"499",2016,483,4,31.3267370821,1.64024213818,0,0
"500",2016,484,4,31.3776896648,1.58992291755,0,1
"501",2016,485,4,31.4228549615,1.53027411292,0,1
"502",2016,486,3,31.2561823032,1.34790118092,0,0
"503",2016,487,3,31.055947249,1.23246499498,0,0
"504",2016,488,4,30.8764763145,1.41511621709,0,0
"505",2016,489,4,30.7309987201,1.22951616994,0,0
"506",2016,490,3,31.1454415139,0.961930078654,0,0
"507",2016,491,3,31.1127116204,1.1353511117,0,0
"508",2016,492,4,31.133724615,1.06055833241,0,0
"509",2016,493,4,31.3818112129,1.10858589352,0,0
"510",2016,494,3,31.3460740577,1.01647599585,0,0
"511",2016,495,4,31.2875699368,1.04128034543,0,0
"512",2016,496,4,31.4126098869,0.906085487167,0,0
"513",2016,497,3,30.722736538,0.958890286363,0,0
"514",2016,498,4,30.8806975394,0.883050626585,0,0
"515",2016,499,3,30.8978478423,0.950256410549,0,0
"516",2016,500,3,30.8337441973,1.02325657372,0,0
"517",2016,501,3,30.7051454664,1.05819112347,0,0
"518",2016,502,4,30.5694061933,1.01407339339,0,0
"519",2016,503,4,30.7940732439,0.984544958702,0,0
"520",2016,504,3,31.1139994325,0.99682006269,0,0
"521",2016,505,3,30.931490597,0.813495333023,0,0
"522",2016,506,3,32.1421304581,1.95888477852,0,0
"523",2016,507,3,32.013702124,1.79580425954,0,0
"524",2016,508,2,31.6865157197,1.68177367431,0,0
"525",2016,509,3,31.6991767842,1.67628015972,0,0
"526",2016,510,4,31.3599440337,1.43523175109,0,1
"527",2016,511,3,31.3533595113,1.43629233362,0,0
"528",2016,512,4,31.3939257856,1.42727000727,0,1
"529",2016,513,3,30.8223690776,0.934915982423,0,0
"530",2016,514,3,31.1327828999,0.530021067331,0,0
"531",2016,515,3,31.0942604653,0.491797983726,0,0
"532",2016,516,3,30.9093996523,0.544544329434,0,0
"533",2016,517,4,31.0388725681,0.370140222588,0,0
"534",2016,518,3,30.8629268951,0.42077985625,0,0
"535",2016,519,4,30.7913384345,0.719222734624,0,0
"536",2016,520,4,30.4511165985,0.772729469936,0,0
"537",2016,521,3,30.7079405595,0.715234878215,0,0
"538",2016,521,4,30.7079405595,0.715234878215,0,0
"539",2016,522,4,30.7679903148,0.516566658598,0,0
"540",2016,523,3,30.5472812201,0.712185922011,0,0
"541",2016,524,3,30.6167418149,0.749194244518,0,0
"542",2016,525,4,30.6835849601,0.829183372458,0,0
"543",2016,526,3,30.2138980579,0.542855637456,0,0
"544",2016,527,3,30.1799712644,0.432774380853,0,0
"545",2016,528,3,30.1762593285,0.658937919111,0,0
"546",2016,529,2,30.4625760145,0.880151614373,0,0
"547",2016,530,2,30.2448964454,0.653180413749,0,0
"548",2016,531,3,30.2336916133,0.722265987456,0,0
"549",2016,532,3,30.184489762,0.616038405812,0,0
"550",2016,533,3,30.2529110579,0.771228979646,0,0
"551",2016,533,4,30.2529110579,0.771228979646,0,0
"552",2016,534,2,30.1083928297,0.792501802885,0,0
"553",2016,535,2,29.9736915479,0.661826190452,0,0
"554",2016,536,2,30.0182408308,0.721037084188,0,0
"555",2016,537,3,29.7610444051,0.00879038747101,0,0
"556",2016,538,3,29.8919693437,0.0763113486379,0,0
"557",2016,539,3,29.956823911,0.143859082575,0,0
"558",2016,540,3,29.7571857298,0.0331689965114,0,0
"559",2016,541,3,29.8250258309,0.000462823543537,0,0
"560",2016,542,3,30.0719705848,0.305101575368,0,0
"561",2016,543,3,30.1174824449,0.454234780553,0,0
"562",2016,544,3,30.2266167377,0.346510380557,0,0
"563",2016,545,3,30.1266384504,0.320083875986,0,0
"564",2016,546,3,30.0365757906,0.239953880248,0,0
"565",2016,547,3,30.4560538195,0.409129317077,0,0
"566",2016,548,3,30.5468423859,0.206605704567,0,0
"567",2016,549,3,30.5326790753,0.228280995828,0,0
"568",2016,550,3,30.6800311276,0.339770499347,0,0
"569",2016,551,3,30.4311796507,-0.164573708778,0,0
"570",2016,552,3,30.3256582025,-0.0204395326298,0,0
"571",2016,553,3,31.0538293322,0.51625634502,0,0
"572",2016,554,4,30.7518869216,0.720083053914,0,0
"573",2016,555,3,30.2071214955,0.460489594382,0,0
"574",2016,556,3,30.3602955099,0.615528853225,0,0
"575",2016,557,2,30.2561303011,0.619596557807,0,0
"576",2016,558,3,30.2719599976,1.0500796183,0,0
"577",2016,559,3,30.1634768277,0.29967906545,0,0
"578",2016,560,3,30.0701844109,0.158678833649,0,0
"579",2016,561,3,30.1007536135,0.185809361892,0,0
"580",2016,562,3,30.7059020993,0.152314340474,0,0
"581",2016,563,3,30.6608013029,-0.0575010010293,0,0
"582",2016,564,3,30.7614334005,0.187108770514,0,0
"583",2016,565,3,30.6185106553,-0.29278459822,0,0
"584",2016,566,3,31.0071277749,-0.0349175894586,0,0
"585",2016,567,3,31.1393598222,-0.794600195881,0,0
"586",2016,568,3,30.8390140041,-0.868028688704,0,0
"587",2016,569,3,31.0503099812,-0.8120927842,0,0
"588",2016,570,3,30.720834684,-0.77307282858,0,0
"589",2016,571,3,30.6488475921,-1.0353576719,0,0
"590",2016,572,3,30.6876342926,-0.905936346099,0,0
"591",2016,573,4,30.486004018,-0.555554365539,0,0
"592",2016,574,4,30.6586296013,-0.356151543645,0,0
"593",2016,575,4,30.5306916338,-0.319808796924,0,0
"594",2016,576,4,30.4825748299,-0.832400732033,0,0
"595",2016,577,4,30.4229511345,-0.715638302797,0,0
"596",2016,578,3,30.5714785079,0.0182090385262,0,0
"597",2016,579,3,30.5671845384,0.0885853520199,0,0
"598",2016,580,3,30.363762651,-0.284113409133,0,0
"599",2016,581,3,30.4729998501,-0.38145496222,0,0
"600",2016,582,4,30.2124728743,-0.697420886887,0,0
"601",2016,584,3,30.0703127068,-0.266582480468,0,0
"602",2016,585,3,30.1689080353,-0.228087190354,0,0
"603",2016,586,3,30.1326549724,-0.593700018611,0,0
"604",2016,587,3,30.1634713526,-0.393402557358,0,0
"605",2016,588,3,30.0419190787,-0.531995257657,0,0
"606",2016,589,4,30.0172773456,-0.531392078808,0,0
"607",2016,590,4,30.0985234089,-0.599434116664,0,0
"608",2016,591,4,30.0188185905,-0.576697618082,0,0
"609",2016,592,3,30.064141063,-0.795414508811,0,0
"610",2016,593,3,30.1735287962,-0.774974373035,0,0
"611",2016,594,3,30.2271763042,-0.86853686744,0,0
"612",2016,595,2,30.4127159586,-1.00859325128,0,0
"613",2016,596,3,30.5459140824,-0.883287518146,0,0
"614",2016,597,2,30.2717259684,-0.972923649792,0,0
"615",2016,598,2,30.1351017386,-0.967696715267,0,0
"616",2016,599,3,30.7619450912,-0.0865574510386,0,0
"617",2016,600,3,30.7759547111,-0.843758082309,0,0
"618",2016,601,4,30.6957107485,-0.605368368637,0,0
"619",2016,602,4,30.6514841512,-0.616843585563,0,0
"620",2016,603,4,30.6313784172,-0.626214628491,0,0
"621",2016,605,3,30.49690549,-0.143727979593,0,0
"622",2016,606,3,30.4301544715,-0.0567422185074,0,0
"623",2016,608,4,30.4093748996,-0.563309504178,0,0
"624",2016,609,3,30.1616105987,-0.526753596199,0,0
"625",2016,610,3,30.1280079616,-0.856152181142,0,0
"626",2016,611,3,29.9401207081,-0.846545543057,0,0
"627",2016,612,3,30.0332043904,-0.889747280698,0,0
"628",2016,613,2,29.8593947587,-0.971006805972,0,0
"629",2016,614,3,29.9695822457,-1.00859665337,0,1
"630",2016,615,3,29.8213970975,-0.715193551274,0,0
"631",2016,616,2,30.0440282075,-0.773024233526,0,0
"632",2016,617,2,29.7996784687,-0.441406383706,0,0
"633",2016,618,3,29.8506290337,-0.802302854395,0,0
"634",2016,619,4,29.8122873245,-0.822731507165,0,1
"635",2016,620,4,29.7526703623,-0.79715817767,0,1
"636",2016,621,4,29.7173085675,-0.65716171724,0,0
"637",2016,622,4,29.7238921921,-0.899393560315,0,0
"638",2016,623,4,29.7820863401,-0.690425365229,0,1
"639",2016,624,4,29.8217958064,-0.873881054708,0,1
"640",2016,625,3,30.0327403097,-1.30395658287,0,0
"641",2016,626,3,30.0709398472,-1.22499454617,0,0
"642",2016,627,3,29.9762283337,-1.30461207348,0,0
"643",2016,628,3,30.0213462218,-1.22815307463,0,1
"644",2016,629,3,29.9776895175,-1.43349152419,0,0
"645",2016,630,3,29.927393149,-1.19954842216,0,1
"646",2016,631,3,29.9069119274,-1.28347528542,0,1
"647",2016,632,3,29.8275940148,-1.1224320909,0,1
"648",2016,633,3,29.7859623478,-1.19993907758,0,1
"649",2016,634,3,29.8483847171,-1.16692459993,0,1
"650",2016,635,3,30.1039290853,-1.16517269669,0,0
"651",2016,636,3,30.1696756077,-1.16105083374,0,0
"652",2016,637,3,30.0895216668,-1.20671251273,0,0
"653",2016,638,3,29.7536616545,-1.21148717503,0,1
"654",2016,639,3,29.72734869,-1.32478349228,0,0
"655",2016,640,4,29.6283830651,-1.29635476296,0,0
"656",2016,641,3,29.7765324344,-1.31660510023,0,0
"657",2016,642,3,29.715674888,-1.2365576907,0,1
"658",2016,643,3,29.669527654,-1.28195787507,0,0
"659",2016,644,3,29.6991117347,-1.33928480111,0,0
"660",2016,645,3,29.9786828464,-0.839774748522,0,0
"661",2016,646,3,29.9177970662,-0.788360164058,0,0
"662",2016,647,4,29.7609708573,-0.914931500036,0,0
"663",2016,648,2,29.9866025184,-1.25509866285,0,0
"664",2016,649,2,29.9779398565,-1.26555722194,0,0
"665",2016,650,2,30.1271766803,-1.18360532475,0,0
"666",2016,651,4,32.2658131515,-0.350581833459,0,0
"667",2016,652,4,32.263177,-0.399738,0,0
"668",2016,653,4,32.1403938036,-0.298817990157,0,0
"669",2016,654,4,32.114079015,-0.259435654779,0,0
"670",2016,655,4,32.3910782925,-0.412388718805,0,0
"671",2016,656,4,32.3775739763,-0.249261983028,0,0
"672",2016,657,4,32.3394455078,-0.658714401015,0,0
"673",2016,658,3,31.7230661399,-0.910752253472,0,0
"674",2016,659,2,31.4251868006,-0.660090982682,0,0
"675",2016,661,4,32.3027749368,-0.327294513448,0,0
"676",2016,662,4,32.288172632,-0.3202757998,0,0
"677",2016,663,3,32.733648949,-0.0843813986778,0,0
"678",2016,664,3,32.6124260531,-0.101881336583,0,0
"679",2016,665,3,32.7772076607,0.0222589417156,0,0
"680",2016,666,3,32.755527249,0.186204492099,0,0
"681",2016,667,4,33.276792587,0.0486326157076,0,0
"682",2016,668,4,33.254327,0.242356,0,0
"683",2016,669,4,33.3655791464,0.304805867744,0,0
"684",2016,670,4,33.0391823124,0.0937987212519,0,0
"685",2016,671,4,33.4906342473,0.08196458315,0,0
"686",2016,672,4,33.0078557229,0.0460062077061,0,0
"687",2016,673,4,33.2518583931,-0.0957084126534,0,0
"688",2016,674,4,33.3449229135,0.221584249155,0,0
"689",2016,675,4,33.268476097,0.204962530782,0,0
"690",2016,677,4,33.8118775461,0.201055885213,0,0
"691",2016,678,4,33.7165382231,-0.138174601796,0,0
"692",2016,679,4,33.7248085718,-0.127396709255,0,0
"693",2016,680,4,33.8334377349,0.0903406109702,0,0
"694",2016,681,3,33.4032384582,0.493588555335,0,0
"695",2016,682,4,33.6733011256,0.322631775615,0,0
"696",2016,683,3,33.3524896313,0.411448475624,0,0
"697",2016,684,2,33.4161339376,0.480996588182,0,0
"698",2016,685,3,33.5016611258,0.298779197253,0,0
"699",2016,686,3,33.4770868394,0.329479064,0,0
"700",2016,687,3,33.4579098043,0.235795476952,0,0
"701",2016,688,3,33.53351966,0.250332920035,0,0
"702",2016,689,3,33.5580305901,0.213377950395,0,0
"703",2016,690,3,33.5914551411,0.235902527359,0,0
"704",2016,690,4,33.5914551411,0.235902527359,0,0
"705",2016,691,2,33.5698890605,0.204769049002,0,0
"706",2016,692,3,33.5494320866,0.177023548456,0,0
"707",2016,693,3,33.5109582162,0.242547304902,0,0
"708",2016,694,3,33.4947629655,0.223461182546,0,0
"709",2016,695,2,33.437439943,0.266963375099,0,0
"710",2016,696,3,33.2950999547,0.451593590509,0,0
"711",2016,697,4,33.5663041724,0.15068056901,0,0
